{"images":[{"name":"img_0.jpg","w":540,"h":331,"prefix":["-i"],"postfix":[]},{"name":"img_1.jpg","w":540,"h":331,"prefix":["-i"],"postfix":[]},{"name":"img_2.jpg","w":540,"h":712,"prefix":["-i"],"postfix":[]},{"name":"img_3.jpg","w":540,"h":960,"prefix":["-i"],"postfix":[]},{"name":"img_4.jpg","w":540,"h":960,"prefix":["-i"],"postfix":[]}],"static_inputs":[{"name":"background_video.mp4","prefix":["-i"],"postfix":[]},{"name":"first.jpg","prefix":["-loop","1","-t","27","-i"],"postfix":[]}],"video":{"h":960,"w":540,"duration":27},"e":[],"m":["-{pythoncomplex}"],"r":["[5]split=2[color][alpha];[color]crop=iw\/2:ih:0:0[color];[alpha]crop=iw\/2:ih:iw\/2:0[alpha];[color][alpha]{pythonmerge}[ovrly];[0]scale=540:331,setsar=1[0_scalled];[1]scale=540:331,setsar=1[1_scalled];[2]scale=540:712,setsar=1[2_scalled];[3]scale=540:960,setsar=1[3_scalled];[4]scale=540:960,setsar=1[4_scalled];[4]scale=540:960,setsar=1,hue=s=0[4_scalled_black];[6][2_scalled]{pythono}=x=0:y=120[base_img_1];[6:v][0_scalled]{pythono}=enable='between=(t,0.4,7.69)':x=0:y=0[v1];[v1][1_scalled]{pythono}=enable='between=(t,0.4,7.69)':x=0:y=333[v2];[base_img_1]{pythonz}pan=z='if(lte(on,25*7.63),1,if(lte({pythonz},-1.0),1.3,min({pythonz}+0.0008,1.3)))':d=25*27:s=540x960[video1];[v2][video1]{pythono}=enable='between=(t,7.69,15.93)'[v3];[3_scalled]{pythonz}pan=z='if(lte(on,25*15.93),1,if(lte({pythonz},1.0),1.3,max(1.001,{pythonz}-0.0008)))':d=25*27:s=540x960[video2];[v3][video2]{pythono}=enable='between=(t,15.93,22.97)'[v4];[4_scalled]{pythonz}pan=z='if(lte(on,25*22.97),1,if(lte({pythonz},-1.0),1.3,min({pythonz}+0.0008,1.3)))':d=25*27:s=540x960[video3];[4_scalled_black]{pythonz}pan=z='if(lte(on,25*22.97),1,if(lte({pythonz},-1.0),1.3,min({pythonz}+0.0008,1.3)))':d=25*27:s=540x960[video4];[video4][video3]{pythono}=x='if(lte(mod(n,12),4),0,541)'[mix_video];[v4][mix_video]{pythono}=enable='between=(t,22.97,27)'[v5];[v5][ovrly]{pythono}=0:0[base_video];[base_video][7]{pythono}=enable='between(t,0,14)':x=30:y=30[watermarked_part1];[watermarked_part1][7]{pythono}=enable='between(t,14,27)':x=(main_w-{pythono}_w-30):y=(main_h-{pythono}_h-30)"],"i":["[5]split=2[color][alpha];[color]crop=iw\/2:ih:0:0[color];[alpha]crop=iw\/2:ih:iw\/2:0[alpha];[color][alpha]{pythonmerge}[ovrly];[0]scale=540:331,setsar=1[0_scalled];[1]scale=540:331,setsar=1[1_scalled];[2]scale=540:712,setsar=1[2_scalled];[3]scale=540:960,setsar=1[3_scalled];[4]scale=540:960,setsar=1[4_scalled];[4]scale=540:960,setsar=1,hue=s=0[4_scalled_black];[6][2_scalled]{pythono}=x=0:y=120[base_img_1];[6:v][0_scalled]{pythono}=enable='between=(t,0.4,7.69)':x=0:y=0[v1];[v1][1_scalled]{pythono}=enable='between=(t,0.4,7.69)':x=0:y=333[v2];[base_img_1]{pythonz}pan=z='if(lte(on,25*7.63),1,if(lte({pythonz},-1.0),1.3,min({pythonz}+0.0008,1.3)))':d=25*27:s=540x960[video1];[v2][video1]{pythono}=enable='between=(t,7.69,15.93)'[v3];[3_scalled]{pythonz}pan=z='if(lte(on,25*15.93),1,if(lte({pythonz},1.0),1.3,max(1.001,{pythonz}-0.0008)))':d=25*27:s=540x960[video2];[v3][video2]{pythono}=enable='between=(t,15.93,22.97)'[v4];[4_scalled]{pythonz}pan=z='if(lte(on,25*22.97),1,if(lte({pythonz},-1.0),1.3,min({pythonz}+0.0008,1.3)))':d=25*27:s=540x960[video3];[4_scalled_black]{pythonz}pan=z='if(lte(on,25*22.97),1,if(lte({pythonz},-1.0),1.3,min({pythonz}+0.0008,1.3)))':d=25*27:s=540x960[video4];[video4][video3]{pythono}=x='if(lte(mod(n,12),4),0,541)'[mix_video];[v4][mix_video]{pythono}=enable='between=(t,22.97,27)'[v5];[v5][ovrly]{pythono}=0:0[base_video];[base_video][7]{pythono}=enable='between(t,0,14)':x=30:y=30[watermarked_part1];[watermarked_part1][7]{pythono}=enable='between(t,14,27)':x=(main_w-{pythono}_w-30):y=(main_h-{pythono}_h-30)[final_video]"],"n":[],"g":[],"c":[],"o":["-map","[final_video]","-map","8:a"],"d":["-t","27","-strict","-2"],"s":[],"layers":[{"ao":0,"bm":1,"ddd":0,"ind":1,"ip":0,"ks":{"a":{"a":0,"ix":1,"k":[270,480,0]},"o":{"a":0,"ix":11,"k":18.039},"p":{"a":0,"ix":2,"k":[270,480,0]},"r":{"a":0,"ix":10,"k":0},"s":{"a":0,"ix":6,"k":[100,100,100]}},"nm":"all","op":327,"refId":"image_0","sr":1,"st":0,"ty":2},{"ao":0,"bm":3,"ddd":0,"ind":2,"ip":76,"ks":{"a":{"a":0,"ix":1,"k":[270,480,0]},"o":{"a":0,"ix":11,"k":40},"p":{"a":0,"ix":2,"k":[270,480,0]},"r":{"a":0,"ix":10,"k":0},"s":{"a":0,"ix":6,"k":[100,100,100]}},"nm":"lvjing  all 3","op":327,"refId":"image_1","sr":1,"st":-8,"ty":2},{"ao":0,"bm":13,"ddd":0,"ind":3,"ip":76,"ks":{"a":{"a":0,"ix":1,"k":[270,480,0]},"o":{"a":0,"ix":11,"k":50.196},"p":{"a":0,"ix":2,"k":[270,480,0]},"r":{"a":0,"ix":10,"k":0},"s":{"a":0,"ix":6,"k":[100,100,100]}},"nm":"baohedu all 3","op":327,"refId":"image_2","sr":1,"st":-8,"ty":2}],"mu":["[5]split=2[color][alpha];[color]crop=iw\/2:ih:0:0[color];[alpha]crop=iw\/2:ih:iw\/2:0[alpha];[color][alpha]{pythonmerge}[ovrly];[0]scale=540:331,setsar=1[0_scalled];[1]scale=540:331,setsar=1[1_scalled];[2]scale=540:712,setsar=1[2_scalled];[3]scale=540:960,setsar=1[3_scalled];[4]scale=540:960,setsar=1[4_scalled];[4]scale=540:960,setsar=1,hue=s=0[4_scalled_black];[6][2_scalled]{pythono}=x=0:y=120[base_img_1];[6:v][0_scalled]{pythono}=enable='between=(t,0.4,7.69)':x=0:y=0[v1];[v1][1_scalled]{pythono}=enable='between=(t,0.4,7.69)':x=0:y=333[v2];[base_img_1]{pythonz}pan=z='if(lte(on,25*7.63),1,if(lte({pythonz},-1.0),1.3,min({pythonz}+0.0008,1.3)))':d=25*27:s=540x960[video1];[v2][video1]{pythono}=enable='between=(t,7.69,15.93)'[v3];[3_scalled]{pythonz}pan=z='if(lte(on,25*15.93),1,if(lte({pythonz},1.0),1.3,max(1.001,{pythonz}-0.0008)))':d=25*27:s=540x960[video2];[v3][video2]{pythono}=enable='between=(t,15.93,22.97)'[v4];[4_scalled]{pythonz}pan=z='if(lte(on,25*22.97),1,if(lte({pythonz},-1.0),1.3,min({pythonz}+0.0008,1.3)))':d=25*27:s=540x960[video3];[4_scalled_black]{pythonz}pan=z='if(lte(on,25*22.97),1,if(lte({pythonz},-1.0),1.3,min({pythonz}+0.0008,1.3)))':d=25*27:s=540x960[video4];[video4][video3]{pythono}=x='if(lte(mod(n,12),4),0,541)'[mix_video];[v4][mix_video]{pythono}=enable='between=(t,22.97,27)'[v5];[v5][ovrly]{pythono}=0:0"],"ke":["[5]split=2[color][alpha];[color]crop=iw\/2:ih:0:0[color];[alpha]crop=iw\/2:ih:iw\/2:0[alpha];[color][alpha]{pythonmerge}[ovrly];[0]scale=540:331,setsar=1[0_scalled];[1]scale=540:331,setsar=1[1_scalled];[2]scale=540:712,setsar=1[2_scalled];[3]scale=540:960,setsar=1[3_scalled];[4]scale=540:960,setsar=1[4_scalled];[4]scale=540:960,setsar=1,hue=s=0[4_scalled_black];[6][2_scalled]{pythono}=x=0:y=120[base_img_1];[6:v][0_scalled]{pythono}=enable='between=(t,0.4,7.69)':x=0:y=0[v1];[v1][1_scalled]{pythono}=enable='between=(t,0.4,7.69)':x=0:y=333[v2];[base_img_1]{pythonz}pan=z='if(lte(on,25*7.63),1,if(lte({pythonz},-1.0),1.3,min({pythonz}+0.0008,1.3)))':d=25*27:s=540x960[video1];[v2][video1]{pythono}=enable='between=(t,7.69,15.93)'[v3];[3_scalled]{pythonz}pan=z='if(lte(on,25*15.93),1,if(lte({pythonz},1.0),1.3,max(1.001,{pythonz}-0.0008)))':d=25*27:s=540x960[video2];[v3][video2]{pythono}=enable='between=(t,15.93,22.97)'[v4];[4_scalled]{pythonz}pan=z='if(lte(on,25*22.97),1,if(lte({pythonz},-1.0),1.3,min({pythonz}+0.0008,1.3)))':d=25*27:s=540x960[video3];[4_scalled_black]{pythonz}pan=z='if(lte(on,25*22.97),1,if(lte({pythonz},-1.0),1.3,min({pythonz}+0.0008,1.3)))':d=25*27:s=540x960[video4];[video4][video3]{pythono}=x='if(lte(mod(n,12),4),0,541)'[mix_video];[v4][mix_video]{pythono}=enable='between=(t,22.97,27)'[v5];[v5][ovrly]{pythono}=0:0[final_video]"],"sh":["-map","[final_video]","-map","7:a"]}