{
  "images": [
    {
      "name": "img_0.jpg",
      "w": 540,
      "h": 540,
      "prefix": [
        "-i"
      ],
      "postfix": [
      ]
    },
    {
      "name": "img_1.jpg",
      "w": 540,
      "h": 960,
      "prefix": [
        "-i"
      ],
      "postfix": [
      ]
    },
    {
      "name": "img_2.jpg",
      "w": 540,
      "h": 960,
      "prefix": [
        "-i"
      ],
      "postfix": [
      ]
    }
  ],
  "static_inputs": [
    {
      "name": "background_video.mp4",
      "prefix": [
        "-i"
      ],
      "postfix": [
      ]
    },
    {
      "name": "first.jpg",
      "prefix": [
        "-loop",
        "1",
        "-t",
        "21",
        "-i"
      ],
      "postfix": [
      ]
    }
  ],
  "video": {
    "w": 540,
    "h": 960,
    "duration": 21
  },
  "e": [],
  "m": [
    "-{pythoncomplex}"
  ],
  "r": [
    "[3]split=2[color][alpha];[color]crop=iw/2:ih:0:0[color];[alpha]crop=iw/2:ih:iw/2:0[alpha];[color][alpha]{pythonmerge}[ovrly];[0]scale=540:540,setsar=1[0_scalled];[1]scale=540:960,setsar=1[1_scalled];[2]scale=540:960,setsar=1[2_scalled];[0_scalled]{pythonz}pan=z=1:d=25*21:s=540x960,{pythonf}=t=in:st=0:d=0.8[v0];[1_scalled]scale=-2:2*ih,{pythonz}pan=z='if(lte(on,25*6.80),1,if(lte({pythonz},1.0),1.1,max(1.001,{pythonz}-0.0006)))':d=25*21:s=540x960[v1];[2_scalled]scale=-2:2*ih,{pythonz}pan=z='if(lte(on,25*13.70),1,if(lte({pythonz},1.0),1.1,max(1.001,{pythonz}-0.0006)))':d=25*21:s=540x960[v2];[4:v][v0]{pythono}=x=0:y='if(gte(n,25*7),218+(n-25*7)*60,218)'[video3];[video3][v1]{pythono}=x=0:y='if(gte(n,25*6.80),if(gte(n,13.82*25),(n-13.82*25)*62,min(-960+(n-25*6.80)*50,0)),-960)'[video1];[video1][v2]{pythono}=x=0:y='if(gte(n,25*13.82),min(-960+(n-25*13.82)*62,0),-960)'[video2];[video2][ovrly]{pythono}=0:0[base_video];[base_video][5]{pythono}=enable='between(t,0,11)':x=30:y=30[watermarked_part1];[watermarked_part1][5]{pythono}=enable='between(t,11,21)':x=(main_w-{pythono}_w-30):y=(main_h-{pythono}_h-30)"
  ],
  "i": [
    "[3]split=2[color][alpha];[color]crop=iw/2:ih:0:0[color];[alpha]crop=iw/2:ih:iw/2:0[alpha];[color][alpha]{pythonmerge}[ovrly];[0]scale=540:540,setsar=1[0_scalled];[1]scale=540:960,setsar=1[1_scalled];[2]scale=540:960,setsar=1[2_scalled];[0_scalled]{pythonz}pan=z=1:d=25*21:s=540x960,{pythonf}=t=in:st=0:d=0.8[v0];[1_scalled]scale=-2:2*ih,{pythonz}pan=z='if(lte(on,25*6.80),1,if(lte({pythonz},1.0),1.1,max(1.001,{pythonz}-0.0006)))':d=25*21:s=540x960[v1];[2_scalled]scale=-2:2*ih,{pythonz}pan=z='if(lte(on,25*13.70),1,if(lte({pythonz},1.0),1.1,max(1.001,{pythonz}-0.0006)))':d=25*21:s=540x960[v2];[4:v][v0]{pythono}=x=0:y='if(gte(n,25*7),218+(n-25*7)*60,218)'[video3];[video3][v1]{pythono}=x=0:y='if(gte(n,25*6.80),if(gte(n,13.82*25),(n-13.82*25)*62,min(-960+(n-25*6.80)*50,0)),-960)'[video1];[video1][v2]{pythono}=x=0:y='if(gte(n,25*13.82),min(-960+(n-25*13.82)*62,0),-960)'[video2];[video2][ovrly]{pythono}=0:0[base_video];[base_video][5]{pythono}=enable='between(t,0,11)':x=30:y=30[watermarked_part1];[watermarked_part1][5]{pythono}=enable='between(t,11,21)':x=(main_w-{pythono}_w-30):y=(main_h-{pythono}_h-30)[final_video]"
  ],
  "n": [],
  "g": [],
  "c": [],
  "o": [
    "-map",
    "[final_video]",
    "-map",
    "6:a"
  ],
  "d": [
    "-movflags",
    "faststart",
    "-t",
    "21",
    "-strict",
    "-2"
  ],
  "s": [],
  "layers": [
    {
      "ao": 0,
      "bm": 1,
      "ddd": 0,
      "ind": 1,
      "ip": 0,
      "ks": {
        "a": {
          "a": 0,
          "ix": 1,
          "k": [
            270,
            480,
            0
          ]
        },
        "o": {
          "a": 0,
          "ix": 11,
          "k": 18.039
        },
        "p": {
          "a": 0,
          "ix": 2,
          "k": [
            270,
            480,
            0
          ]
        },
        "r": {
          "a": 0,
          "ix": 10,
          "k": 0
        },
        "s": {
          "a": 0,
          "ix": 6,
          "k": [
            100,
            100,
            100
          ]
        }
      },
      "nm": "all",
      "op": 327,
      "refId": "image_0",
      "sr": 1,
      "st": 0,
      "ty": 2
    },
    {
      "ao": 0,
      "bm": 3,
      "ddd": 0,
      "ind": 2,
      "ip": 76,
      "ks": {
        "a": {
          "a": 0,
          "ix": 1,
          "k": [
            270,
            480,
            0
          ]
        },
        "o": {
          "a": 0,
          "ix": 11,
          "k": 40
        },
        "p": {
          "a": 0,
          "ix": 2,
          "k": [
            270,
            480,
            0
          ]
        },
        "r": {
          "a": 0,
          "ix": 10,
          "k": 0
        },
        "s": {
          "a": 0,
          "ix": 6,
          "k": [
            100,
            100,
            100
          ]
        }
      },
      "nm": "lvjing  all 3",
      "op": 327,
      "refId": "image_1",
      "sr": 1,
      "st": -8,
      "ty": 2
    },
    {
      "ao": 0,
      "bm": 13,
      "ddd": 0,
      "ind": 3,
      "ip": 76,
      "ks": {
        "a": {
          "a": 0,
          "ix": 1,
          "k": [
            270,
            480,
            0
          ]
        },
        "o": {
          "a": 0,
          "ix": 11,
          "k": 50.196
        },
        "p": {
          "a": 0,
          "ix": 2,
          "k": [
            270,
            480,
            0
          ]
        },
        "r": {
          "a": 0,
          "ix": 10,
          "k": 0
        },
        "s": {
          "a": 0,
          "ix": 6,
          "k": [
            100,
            100,
            100
          ]
        }
      },
      "nm": "baohedu all 3",
      "op": 327,
      "refId": "image_2",
      "sr": 1,
      "st": -8,
      "ty": 2
    }
  ]
}