{"images":[{"name":"img_0.jpg","w":960,"h":960,"prefix":["-i"],"postfix":[]},{"name":"img_1.jpg","w":540,"h":534,"prefix":["-i"],"postfix":[]},{"name":"img_2.jpg","w":960,"h":960,"prefix":["-i"],"postfix":[]},{"name":"img_3.jpg","w":540,"h":534,"prefix":["-i"],"postfix":[]}],"static_inputs":[{"name":"background_video.mp4","prefix":["-i"],"postfix":[]},{"name":"first.jpg","prefix":["-loop","1","-t","30","-i"],"postfix":[]}],"video":{"h":960,"w":540,"duration":30},"e":[],"m":["-{pythoncomplex}"],"r":["[4]split=2[color][alpha];[color]crop=iw\/2:ih:0:0[color];[alpha]crop=iw\/2:ih:iw\/2:0[alpha];[color][alpha]{pythonmerge}[ovrly];[0]scale=960:960,setsar=1[0_scalled];[1]scale=540:534,setsar=1[1_scalled];[2]scale=960:960,setsar=1[2_scalled];[3]scale=540:534,setsar=1[3_scalled];[5][1_scalled]{pythono}=x=0:y=197[base_img_1];[5][3_scalled]{pythono}=x=0:y=197[base_img_2];[base_img_1]scale=iw*2:ih*2,{pythonz}pan=z='if(lte(on,25*7.65),1,if(lte({pythonz},-1.0),1.2,min({pythonz}+0.0006,1.2)))':d=25*30:s=540x960[video_1];[base_img_2]scale=iw*2:ih*2,{pythonz}pan=z='if(lte(on,25*22.59),1,if(lte({pythonz},1.0),1.2,max(1.001,{pythonz}-0.0007)))':d=25*30:s=540x960[video_2];[5:v][0_scalled]{pythono}=enable='between(t,0,7.65)':x='min(-420+(n-0*25)*2,0)':y=0[v1];[v1][video_1]{pythono}=enable='between(t,7.65,15.30)'[v2];[v2][2_scalled]{pythono}=enable='between(t,15.30,22.59)':x='min(-420+(n-15.30*25)*2,0)':y=0[v3];[v3][video_2]{pythono}=enable='between(t,22.59,30)'[v4];[v4][ovrly]{pythono}=0:0[base_video];[base_video][6]{pythono}=enable='between(t,0,15)':x=30:y=30[watermarked_part1];[watermarked_part1][6]{pythono}=enable='between(t,15,30)':x=(main_w-{pythono}_w-30):y=30"],"i":["[4]split=2[color][alpha];[color]crop=iw\/2:ih:0:0[color];[alpha]crop=iw\/2:ih:iw\/2:0[alpha];[color][alpha]{pythonmerge}[ovrly];[0]scale=960:960,setsar=1[0_scalled];[1]scale=540:534,setsar=1[1_scalled];[2]scale=960:960,setsar=1[2_scalled];[3]scale=540:534,setsar=1[3_scalled];[5][1_scalled]{pythono}=x=0:y=197[base_img_1];[5][3_scalled]{pythono}=x=0:y=197[base_img_2];[base_img_1]scale=iw*2:ih*2,{pythonz}pan=z='if(lte(on,25*7.65),1,if(lte({pythonz},-1.0),1.2,min({pythonz}+0.0006,1.2)))':d=25*30:s=540x960[video_1];[base_img_2]scale=iw*2:ih*2,{pythonz}pan=z='if(lte(on,25*22.59),1,if(lte({pythonz},1.0),1.2,max(1.001,{pythonz}-0.0007)))':d=25*30:s=540x960[video_2];[5:v][0_scalled]{pythono}=enable='between(t,0,7.65)':x='min(-420+(n-0*25)*2,0)':y=0[v1];[v1][video_1]{pythono}=enable='between(t,7.65,15.30)'[v2];[v2][2_scalled]{pythono}=enable='between(t,15.30,22.59)':x='min(-420+(n-15.30*25)*2,0)':y=0[v3];[v3][video_2]{pythono}=enable='between(t,22.59,30)'[v4];[v4][ovrly]{pythono}=0:0[base_video];[base_video][6]{pythono}=enable='between(t,0,15)':x=30:y=30[watermarked_part1];[watermarked_part1][6]{pythono}=enable='between(t,15,30)':x=(main_w-{pythono}_w-30):y=30[final_video]"],"n":[],"g":[],"c":[],"o":["-map","[final_video]","-map","7:a"],"d":["-t","30","-strict","-2"],"s":[],"layers":[{"ao":0,"bm":1,"ddd":0,"ind":1,"ip":0,"ks":{"a":{"a":0,"ix":1,"k":[270,480,0]},"o":{"a":0,"ix":11,"k":18.039},"p":{"a":0,"ix":2,"k":[270,480,0]},"r":{"a":0,"ix":10,"k":0},"s":{"a":0,"ix":6,"k":[100,100,100]}},"nm":"all","op":327,"refId":"image_0","sr":1,"st":0,"ty":2},{"ao":0,"bm":3,"ddd":0,"ind":2,"ip":76,"ks":{"a":{"a":0,"ix":1,"k":[270,480,0]},"o":{"a":0,"ix":11,"k":40},"p":{"a":0,"ix":2,"k":[270,480,0]},"r":{"a":0,"ix":10,"k":0},"s":{"a":0,"ix":6,"k":[100,100,100]}},"nm":"lvjing  all 3","op":327,"refId":"image_1","sr":1,"st":-8,"ty":2},{"ao":0,"bm":13,"ddd":0,"ind":3,"ip":76,"ks":{"a":{"a":0,"ix":1,"k":[270,480,0]},"o":{"a":0,"ix":11,"k":50.196},"p":{"a":0,"ix":2,"k":[270,480,0]},"r":{"a":0,"ix":10,"k":0},"s":{"a":0,"ix":6,"k":[100,100,100]}},"nm":"baohedu all 3","op":327,"refId":"image_2","sr":1,"st":-8,"ty":2}],"mu":["[4]split=2[color][alpha];[color]crop=iw\/2:ih:0:0[color];[alpha]crop=iw\/2:ih:iw\/2:0[alpha];[color][alpha]{pythonmerge}[ovrly];[0]scale=960:960,setsar=1[0_scalled];[1]scale=540:534,setsar=1[1_scalled];[2]scale=960:960,setsar=1[2_scalled];[3]scale=540:534,setsar=1[3_scalled];[5][1_scalled]{pythono}=x=0:y=197[base_img_1];[5][3_scalled]{pythono}=x=0:y=197[base_img_2];[base_img_1]scale=iw*2:ih*2,{pythonz}pan=z='if(lte(on,25*7.65),1,if(lte({pythonz},-1.0),1.2,min({pythonz}+0.0006,1.2)))':d=25*30:s=540x960[video_1];[base_img_2]scale=iw*2:ih*2,{pythonz}pan=z='if(lte(on,25*22.59),1,if(lte({pythonz},1.0),1.2,max(1.001,{pythonz}-0.0007)))':d=25*30:s=540x960[video_2];[5:v][0_scalled]{pythono}=enable='between(t,0,7.65)':x='min(-420+(n-0*25)*2,0)':y=0[v1];[v1][video_1]{pythono}=enable='between(t,7.65,15.30)'[v2];[v2][2_scalled]{pythono}=enable='between(t,15.30,22.59)':x='min(-420+(n-15.30*25)*2,0)':y=0[v3];[v3][video_2]{pythono}=enable='between(t,22.59,30)'[v4];[v4][ovrly]{pythono}=0:0"],"ke":["[4]split=2[color][alpha];[color]crop=iw\/2:ih:0:0[color];[alpha]crop=iw\/2:ih:iw\/2:0[alpha];[color][alpha]{pythonmerge}[ovrly];[0]scale=960:960,setsar=1[0_scalled];[1]scale=540:534,setsar=1[1_scalled];[2]scale=960:960,setsar=1[2_scalled];[3]scale=540:534,setsar=1[3_scalled];[5][1_scalled]{pythono}=x=0:y=197[base_img_1];[5][3_scalled]{pythono}=x=0:y=197[base_img_2];[base_img_1]scale=iw*2:ih*2,{pythonz}pan=z='if(lte(on,25*7.65),1,if(lte({pythonz},-1.0),1.2,min({pythonz}+0.0006,1.2)))':d=25*30:s=540x960[video_1];[base_img_2]scale=iw*2:ih*2,{pythonz}pan=z='if(lte(on,25*22.59),1,if(lte({pythonz},1.0),1.2,max(1.001,{pythonz}-0.0007)))':d=25*30:s=540x960[video_2];[5:v][0_scalled]{pythono}=enable='between(t,0,7.65)':x='min(-420+(n-0*25)*2,0)':y=0[v1];[v1][video_1]{pythono}=enable='between(t,7.65,15.30)'[v2];[v2][2_scalled]{pythono}=enable='between(t,15.30,22.59)':x='min(-420+(n-15.30*25)*2,0)':y=0[v3];[v3][video_2]{pythono}=enable='between(t,22.59,30)'[v4];[v4][ovrly]{pythono}=0:0[final_video]"],"sh":["-map","[final_video]","-map","6:a"]}