{"images":[{"name":"img_0.jpg","w":540,"h":960,"prefix":["-i"],"postfix":[]},{"name":"img_1.jpg","w":540,"h":960,"prefix":["-i"],"postfix":[]},{"name":"img_2.jpg","w":540,"h":960,"prefix":["-i"],"postfix":[]},{"name":"img_3.jpg","w":540,"h":960,"prefix":["-i"],"postfix":[]},{"name":"img_4.jpg","w":540,"h":960,"prefix":["-i"],"postfix":[]},{"name":"img_5.jpg","w":540,"h":960,"prefix":["-i"],"postfix":[]}],"static_inputs":[{"name":"background_video.mp4","prefix":["-i"],"postfix":[]},{"name":"first.jpg","prefix":["-loop","1","-t","27","-i"],"postfix":[]}],"video":{"h":960,"w":540,"duration":27},"e":[],"m":["-{pythoncomplex}"],"r":["[6]split=2[color][alpha];[color]crop=iw\/2:ih:0:0[color];[alpha]crop=iw\/2:ih:iw\/2:0[alpha];[color][alpha]{pythonmerge}[ovrly];[0]scale=540:960,setsar=1[0_scalled];[1]scale=540:960,setsar=1[1_scalled];[2]scale=540:960,setsar=1[2_scalled];[3]scale=540:960,setsar=1[3_scalled];[4]scale=540:960,setsar=1[4_scalled];[5]scale=540:960,setsar=1[5_scalled];[0_scalled]{pythonz}pan=z='if(lte({pythonz},-1.0),1.2,min({pythonz}+0.0012,1.2))':d=25*27:s=540x960,{pythonf}=t=in:st=0:d=1[v0];[1_scalled]{pythonz}pan=z='if(lte(on,25*5.35),1,if(lte({pythonz},1.0),1.2,max(1.001,{pythonz}-0.0012)))':d=25*27:s=540x960[v1];[2_scalled]{pythonz}pan=z='if(lte(on,25*11.11),1,if(lte({pythonz},-1.0),1.2,min({pythonz}+0.0012,1.2)))':d=25*27:s=540x960[v2];[3_scalled]{pythonz}pan=z='if(lte(on,25*13.97),1,if(lte({pythonz},1.0),1.2,max(1.001,{pythonz}-0.0012)))':d=25*27:s=540x960[v3];[4_scalled]{pythonz}pan=z='if(lte(on,25*19.094),1,if(lte({pythonz},-1.0),1.2,min({pythonz}+0.0012,1.2)))':d=25*27:s=540x960[v4];[5_scalled]{pythonz}pan=z='if(lte(on,25*22.28),1,if(lte({pythonz},1.0),1.2,max(1.001,{pythonz}-0.0012)))':d=25*27:s=540x960[v5];[7:v][v0]{pythono}=x='if(gte(n,5.35*25),0+(n-5.35*25)*75,0)':y=0[base_video_1];[base_video_1][v1]{pythono}=x=0:y='if(gte(n,(25*5.35)),max(960-(n-(25*5.35))*100,0),960)'[base_video_2];[base_video_2][v2]{pythono}=enable='between=(t,11.11,13.97)'[base_video_3];[base_video_3][v3]{pythono}=enable='between=(t,13.97,19.094)'[base_video_4];[base_video_4][v4]{pythono}=enable='between=(t,19.094,22.28)'[base_video_5];[base_video_5][v5]{pythono}=enable='between=(t,22.28,27)'[base_video_6];[base_video_6][ovrly]{pythono}=0:0[base_video];[base_video][8]{pythono}=enable='between(t,0,14)':x=30:y=30[watermarked_part1];[watermarked_part1][8]{pythono}=enable='between(t,14,27)':x=(main_w-{pythono}_w-30):y=(main_h-{pythono}_h-30)"],"i":["[6]split=2[color][alpha];[color]crop=iw\/2:ih:0:0[color];[alpha]crop=iw\/2:ih:iw\/2:0[alpha];[color][alpha]{pythonmerge}[ovrly];[0]scale=540:960,setsar=1[0_scalled];[1]scale=540:960,setsar=1[1_scalled];[2]scale=540:960,setsar=1[2_scalled];[3]scale=540:960,setsar=1[3_scalled];[4]scale=540:960,setsar=1[4_scalled];[5]scale=540:960,setsar=1[5_scalled];[0_scalled]{pythonz}pan=z='if(lte({pythonz},-1.0),1.2,min({pythonz}+0.0012,1.2))':d=25*27:s=540x960,{pythonf}=t=in:st=0:d=1[v0];[1_scalled]{pythonz}pan=z='if(lte(on,25*5.35),1,if(lte({pythonz},1.0),1.2,max(1.001,{pythonz}-0.0012)))':d=25*27:s=540x960[v1];[2_scalled]{pythonz}pan=z='if(lte(on,25*11.11),1,if(lte({pythonz},-1.0),1.2,min({pythonz}+0.0012,1.2)))':d=25*27:s=540x960[v2];[3_scalled]{pythonz}pan=z='if(lte(on,25*13.97),1,if(lte({pythonz},1.0),1.2,max(1.001,{pythonz}-0.0012)))':d=25*27:s=540x960[v3];[4_scalled]{pythonz}pan=z='if(lte(on,25*19.094),1,if(lte({pythonz},-1.0),1.2,min({pythonz}+0.0012,1.2)))':d=25*27:s=540x960[v4];[5_scalled]{pythonz}pan=z='if(lte(on,25*22.28),1,if(lte({pythonz},1.0),1.2,max(1.001,{pythonz}-0.0012)))':d=25*27:s=540x960[v5];[7:v][v0]{pythono}=x='if(gte(n,5.35*25),0+(n-5.35*25)*75,0)':y=0[base_video_1];[base_video_1][v1]{pythono}=x=0:y='if(gte(n,(25*5.35)),max(960-(n-(25*5.35))*100,0),960)'[base_video_2];[base_video_2][v2]{pythono}=enable='between=(t,11.11,13.97)'[base_video_3];[base_video_3][v3]{pythono}=enable='between=(t,13.97,19.094)'[base_video_4];[base_video_4][v4]{pythono}=enable='between=(t,19.094,22.28)'[base_video_5];[base_video_5][v5]{pythono}=enable='between=(t,22.28,27)'[base_video_6];[base_video_6][ovrly]{pythono}=0:0[base_video];[base_video][8]{pythono}=enable='between(t,0,14)':x=30:y=30[watermarked_part1];[watermarked_part1][8]{pythono}=enable='between(t,14,27)':x=(main_w-{pythono}_w-30):y=(main_h-{pythono}_h-30)[final_video]"],"n":[],"g":[],"c":[],"o":["-map","[final_video]","-map","9:a"],"d":["-t","27","-strict","-2"],"s":[],"layers":[{"ao":0,"bm":1,"ddd":0,"ind":1,"ip":0,"ks":{"a":{"a":0,"ix":1,"k":[270,480,0]},"o":{"a":0,"ix":11,"k":18.039},"p":{"a":0,"ix":2,"k":[270,480,0]},"r":{"a":0,"ix":10,"k":0},"s":{"a":0,"ix":6,"k":[100,100,100]}},"nm":"all","op":327,"refId":"image_0","sr":1,"st":0,"ty":2},{"ao":0,"bm":3,"ddd":0,"ind":2,"ip":76,"ks":{"a":{"a":0,"ix":1,"k":[270,480,0]},"o":{"a":0,"ix":11,"k":40},"p":{"a":0,"ix":2,"k":[270,480,0]},"r":{"a":0,"ix":10,"k":0},"s":{"a":0,"ix":6,"k":[100,100,100]}},"nm":"lvjing  all 3","op":327,"refId":"image_1","sr":1,"st":-8,"ty":2},{"ao":0,"bm":13,"ddd":0,"ind":3,"ip":76,"ks":{"a":{"a":0,"ix":1,"k":[270,480,0]},"o":{"a":0,"ix":11,"k":50.196},"p":{"a":0,"ix":2,"k":[270,480,0]},"r":{"a":0,"ix":10,"k":0},"s":{"a":0,"ix":6,"k":[100,100,100]}},"nm":"baohedu all 3","op":327,"refId":"image_2","sr":1,"st":-8,"ty":2}],"mu":["[6]split=2[color][alpha];[color]crop=iw\/2:ih:0:0[color];[alpha]crop=iw\/2:ih:iw\/2:0[alpha];[color][alpha]{pythonmerge}[ovrly];[0]scale=540:960,setsar=1[0_scalled];[1]scale=540:960,setsar=1[1_scalled];[2]scale=540:960,setsar=1[2_scalled];[3]scale=540:960,setsar=1[3_scalled];[4]scale=540:960,setsar=1[4_scalled];[5]scale=540:960,setsar=1[5_scalled];[0_scalled]{pythonz}pan=z='if(lte({pythonz},-1.0),1.2,min({pythonz}+0.0012,1.2))':d=25*27:s=540x960,{pythonf}=t=in:st=0:d=1[v0];[1_scalled]{pythonz}pan=z='if(lte(on,25*5.35),1,if(lte({pythonz},1.0),1.2,max(1.001,{pythonz}-0.0012)))':d=25*27:s=540x960[v1];[2_scalled]{pythonz}pan=z='if(lte(on,25*11.11),1,if(lte({pythonz},-1.0),1.2,min({pythonz}+0.0012,1.2)))':d=25*27:s=540x960[v2];[3_scalled]{pythonz}pan=z='if(lte(on,25*13.97),1,if(lte({pythonz},1.0),1.2,max(1.001,{pythonz}-0.0012)))':d=25*27:s=540x960[v3];[4_scalled]{pythonz}pan=z='if(lte(on,25*19.094),1,if(lte({pythonz},-1.0),1.2,min({pythonz}+0.0012,1.2)))':d=25*27:s=540x960[v4];[5_scalled]{pythonz}pan=z='if(lte(on,25*22.28),1,if(lte({pythonz},1.0),1.2,max(1.001,{pythonz}-0.0012)))':d=25*27:s=540x960[v5];[7:v][v0]{pythono}=x='if(gte(n,5.35*25),0+(n-5.35*25)*75,0)':y=0[base_video_1];[base_video_1][v1]{pythono}=x=0:y='if(gte(n,(25*5.35)),max(960-(n-(25*5.35))*100,0),960)'[base_video_2];[base_video_2][v2]{pythono}=enable='between=(t,11.11,13.97)'[base_video_3];[base_video_3][v3]{pythono}=enable='between=(t,13.97,19.094)'[base_video_4];[base_video_4][v4]{pythono}=enable='between=(t,19.094,22.28)'[base_video_5];[base_video_5][v5]{pythono}=enable='between=(t,22.28,27)'[base_video_6];[base_video_6][ovrly]{pythono}=0:0"],"ke":["[6]split=2[color][alpha];[color]crop=iw\/2:ih:0:0[color];[alpha]crop=iw\/2:ih:iw\/2:0[alpha];[color][alpha]{pythonmerge}[ovrly];[0]scale=540:960,setsar=1[0_scalled];[1]scale=540:960,setsar=1[1_scalled];[2]scale=540:960,setsar=1[2_scalled];[3]scale=540:960,setsar=1[3_scalled];[4]scale=540:960,setsar=1[4_scalled];[5]scale=540:960,setsar=1[5_scalled];[0_scalled]{pythonz}pan=z='if(lte({pythonz},-1.0),1.2,min({pythonz}+0.0012,1.2))':d=25*27:s=540x960,{pythonf}=t=in:st=0:d=1[v0];[1_scalled]{pythonz}pan=z='if(lte(on,25*5.35),1,if(lte({pythonz},1.0),1.2,max(1.001,{pythonz}-0.0012)))':d=25*27:s=540x960[v1];[2_scalled]{pythonz}pan=z='if(lte(on,25*11.11),1,if(lte({pythonz},-1.0),1.2,min({pythonz}+0.0012,1.2)))':d=25*27:s=540x960[v2];[3_scalled]{pythonz}pan=z='if(lte(on,25*13.97),1,if(lte({pythonz},1.0),1.2,max(1.001,{pythonz}-0.0012)))':d=25*27:s=540x960[v3];[4_scalled]{pythonz}pan=z='if(lte(on,25*19.094),1,if(lte({pythonz},-1.0),1.2,min({pythonz}+0.0012,1.2)))':d=25*27:s=540x960[v4];[5_scalled]{pythonz}pan=z='if(lte(on,25*22.28),1,if(lte({pythonz},1.0),1.2,max(1.001,{pythonz}-0.0012)))':d=25*27:s=540x960[v5];[7:v][v0]{pythono}=x='if(gte(n,5.35*25),0+(n-5.35*25)*75,0)':y=0[base_video_1];[base_video_1][v1]{pythono}=x=0:y='if(gte(n,(25*5.35)),max(960-(n-(25*5.35))*100,0),960)'[base_video_2];[base_video_2][v2]{pythono}=enable='between=(t,11.11,13.97)'[base_video_3];[base_video_3][v3]{pythono}=enable='between=(t,13.97,19.094)'[base_video_4];[base_video_4][v4]{pythono}=enable='between=(t,19.094,22.28)'[base_video_5];[base_video_5][v5]{pythono}=enable='between=(t,22.28,27)'[base_video_6];[base_video_6][ovrly]{pythono}=0:0[final_video]"],"sh":["-map","[final_video]","-map","8:a"]}