{
  "images": [
    {
      "name": "img_0.jpg",
      "w": 540,
      "h": 286,
      "prefix": [
        "-i"
      ],
      "postfix": [
      ]
    },
    {
      "name": "img_1.jpg",
      "w": 540,
      "h": 286,
      "prefix": [
        "-i"
      ],
      "postfix": [
      ]
    },
    {
      "name": "img_2.jpg",
      "w": 540,
      "h": 286,
      "prefix": [
        "-i"
      ],
      "postfix": [
      ]
    },
    {
      "name": "img_3.jpg",
      "w": 540,
      "h": 286,
      "prefix": [
        "-i"
      ],
      "postfix": [
      ]
    },
    {
      "name": "img_4.jpg",
      "w": 540,
      "h": 286,
      "prefix": [
        "-i"
      ],
      "postfix": [
      ]
    }
  ],
  "static_inputs": [
    {
      "name": "background_video.mp4",
      "prefix": [
        "-i"
      ],
      "postfix": [
      ]
    },
    {
      "name": "first.jpg",
      "prefix": [
        "-loop",
        "1",
        "-t",
        "20",
        "-i"
      ],
      "postfix": [
      ]
    }
  ],
  "video": {
    "h": 960,
    "w": 540,
    "duration": 20
  },
  "e": [],
  "m": [
    "-{pythoncomplex}"
  ],
  "r": [
    "[5]split=2[color][alpha];[color]crop=iw/2:ih:0:0[color];[alpha]crop=iw/2:ih:iw/2:0[alpha];[color][alpha]{pythonmerge}[ovrly];[0]scale=540:286,setsar=1,hue=s=0,split=2[0_b_1][0_b_2];[1]scale=540:286,setsar=1,hue=s=0,split=2[1_b_1][1_b_2];[2]scale=540:286,setsar=1,hue=s=0,split=2[2_b_1][2_b_2];[3]scale=540:286,setsar=1,hue=s=0,split=2[3_b_1][3_b_2];[4]scale=540:286,setsar=1,hue=s=0[4_b_1];[0]scale=540:286,setsar=1,split=3[0_c_1][0_c_2][0_c_3];[1]scale=540:286,setsar=1,split=3[1_c_1][1_c_2][1_c_3];[2]scale=540:286,setsar=1,split=2[2_c_1][2_c_2];[3]scale=540:286,setsar=1,split=2[3_c_1][3_c_2];[4]scale=540:286,setsar=1,split=2[4_c_1][4_c_2];[6:v][0_c_1]{pythono}=enable='between=(t,0,3.317)':x=0:y=31,{pythonf}=t=in:st=0:d=1[v0];[v0][0_b_1]{pythono}=enable='between=(t,3.317,4.317)':x=0:y=31[v1];[v1][0_c_2]{pythono}=enable='between=(t,4.317,6.567)':x=0:y=31[v2];[v2][0_b_2]{pythono}=enable='between=(t,6.567,7.600)':x=0:y=31[v3];[v3][0_c_3]{pythono}=enable='between=(t,7.600,9.910)':x=0:y=31[v4];[v4][1_c_1]{pythono}=enable='between=(t,0.736,4.350)':x=0:y=340[v5];[v5][1_b_1]{pythono}=enable='between=(t,4.350,5.351)':x=0:y=340[v6];[v6][1_c_2]{pythono}=enable='between=(t,5.351,7.600)':x=0:y=340[v7];[v7][1_b_2]{pythono}=enable='between=(t,7.600,8.850)':x=0:y=340[v8];[v8][1_c_3]{pythono}=enable='between=(t,8.850,9.910)':x=0:y=340[v9];[v9][2_c_1]{pythono}=enable='between=(t,1.600,5.351)':x=0:y=648[v10];[v10][2_b_1]{pythono}=enable='between=(t,5.351,6.567)':x=0:y=648[v11];[v11][2_c_2]{pythono}=enable='between=(t,6.567,8.850)':x=0:y=648[v12];[v12][2_b_2]{pythono}=enable='between=(t,8.850,9.910)':x=0:y=648[v13];[v13][3_c_1]{pythono}=enable='between=(t,9.910,13.185)':x=0:y=31[v15];[v15][3_b_1]{pythono}=enable='between=(t,13.185,15.567)':x=0:y=31[v16];[v16][3_c_2]{pythono}=enable='between=(t,15.567,17.370)':x=0:y=31[v17];[v17][3_b_2]{pythono}=enable='between=(t,17.370,20)':x=0:y=31[v18];[v18][4_c_1]{pythono}=enable='between=(t,11.665,15.567)':x=0:y=334[v19];[v19][4_b_1]{pythono}=enable='between=(t,15.567,17.320)':x=0:y=334[v20];[v20][4_c_2]{pythono}=enable='between=(t,17.320,20)':x=0:y=334[v21];[v21][ovrly]{pythono}=0:0[base_video];[base_video][7]{pythono}=enable='between(t,0,10)':x=30:y=30[watermarked_part1];[watermarked_part1][7]{pythono}=enable='between(t,10,20)':x=(main_w-{pythono}_w-30):y=(main_h-{pythono}_h-30)"
  ],
  "i": [
    "[5]split=2[color][alpha];[color]crop=iw/2:ih:0:0[color];[alpha]crop=iw/2:ih:iw/2:0[alpha];[color][alpha]{pythonmerge}[ovrly];[0]scale=540:286,setsar=1,hue=s=0,split=2[0_b_1][0_b_2];[1]scale=540:286,setsar=1,hue=s=0,split=2[1_b_1][1_b_2];[2]scale=540:286,setsar=1,hue=s=0,split=2[2_b_1][2_b_2];[3]scale=540:286,setsar=1,hue=s=0,split=2[3_b_1][3_b_2];[4]scale=540:286,setsar=1,hue=s=0[4_b_1];[0]scale=540:286,setsar=1,split=3[0_c_1][0_c_2][0_c_3];[1]scale=540:286,setsar=1,split=3[1_c_1][1_c_2][1_c_3];[2]scale=540:286,setsar=1,split=2[2_c_1][2_c_2];[3]scale=540:286,setsar=1,split=2[3_c_1][3_c_2];[4]scale=540:286,setsar=1,split=2[4_c_1][4_c_2];[6:v][0_c_1]{pythono}=enable='between=(t,0,3.317)':x=0:y=31,{pythonf}=t=in:st=0:d=1[v0];[v0][0_b_1]{pythono}=enable='between=(t,3.317,4.317)':x=0:y=31[v1];[v1][0_c_2]{pythono}=enable='between=(t,4.317,6.567)':x=0:y=31[v2];[v2][0_b_2]{pythono}=enable='between=(t,6.567,7.600)':x=0:y=31[v3];[v3][0_c_3]{pythono}=enable='between=(t,7.600,9.910)':x=0:y=31[v4];[v4][1_c_1]{pythono}=enable='between=(t,0.736,4.350)':x=0:y=340[v5];[v5][1_b_1]{pythono}=enable='between=(t,4.350,5.351)':x=0:y=340[v6];[v6][1_c_2]{pythono}=enable='between=(t,5.351,7.600)':x=0:y=340[v7];[v7][1_b_2]{pythono}=enable='between=(t,7.600,8.850)':x=0:y=340[v8];[v8][1_c_3]{pythono}=enable='between=(t,8.850,9.910)':x=0:y=340[v9];[v9][2_c_1]{pythono}=enable='between=(t,1.600,5.351)':x=0:y=648[v10];[v10][2_b_1]{pythono}=enable='between=(t,5.351,6.567)':x=0:y=648[v11];[v11][2_c_2]{pythono}=enable='between=(t,6.567,8.850)':x=0:y=648[v12];[v12][2_b_2]{pythono}=enable='between=(t,8.850,9.910)':x=0:y=648[v13];[v13][3_c_1]{pythono}=enable='between=(t,9.910,13.185)':x=0:y=31[v15];[v15][3_b_1]{pythono}=enable='between=(t,13.185,15.567)':x=0:y=31[v16];[v16][3_c_2]{pythono}=enable='between=(t,15.567,17.370)':x=0:y=31[v17];[v17][3_b_2]{pythono}=enable='between=(t,17.370,20)':x=0:y=31[v18];[v18][4_c_1]{pythono}=enable='between=(t,11.665,15.567)':x=0:y=334[v19];[v19][4_b_1]{pythono}=enable='between=(t,15.567,17.320)':x=0:y=334[v20];[v20][4_c_2]{pythono}=enable='between=(t,17.320,20)':x=0:y=334[v21];[v21][ovrly]{pythono}=0:0[base_video];[base_video][7]{pythono}=enable='between(t,0,10)':x=30:y=30[watermarked_part1];[watermarked_part1][7]{pythono}=enable='between(t,10,20)':x=(main_w-{pythono}_w-30):y=(main_h-{pythono}_h-30)[final_video]"
  ],
  "n": [],
  "g": [],
  "c": [],
  "o": [
    "-map",
    "[final_video]",
    "-map",
    "8:a"
  ],
  "d": [
    "-t",
    "20",
    "-strict",
    "-2"
  ],
  "s": [],
  "layers": [
    {
      "ao": 0,
      "bm": 1,
      "ddd": 0,
      "ind": 1,
      "ip": 0,
      "ks": {
        "a": {
          "a": 0,
          "ix": 1,
          "k": [
            270,
            480,
            0
          ]
        },
        "o": {
          "a": 0,
          "ix": 11,
          "k": 18.039
        },
        "p": {
          "a": 0,
          "ix": 2,
          "k": [
            270,
            480,
            0
          ]
        },
        "r": {
          "a": 0,
          "ix": 10,
          "k": 0
        },
        "s": {
          "a": 0,
          "ix": 6,
          "k": [
            100,
            100,
            100
          ]
        }
      },
      "nm": "all",
      "op": 327,
      "refId": "image_0",
      "sr": 1,
      "st": 0,
      "ty": 2
    },
    {
      "ao": 0,
      "bm": 3,
      "ddd": 0,
      "ind": 2,
      "ip": 76,
      "ks": {
        "a": {
          "a": 0,
          "ix": 1,
          "k": [
            270,
            480,
            0
          ]
        },
        "o": {
          "a": 0,
          "ix": 11,
          "k": 40
        },
        "p": {
          "a": 0,
          "ix": 2,
          "k": [
            270,
            480,
            0
          ]
        },
        "r": {
          "a": 0,
          "ix": 10,
          "k": 0
        },
        "s": {
          "a": 0,
          "ix": 6,
          "k": [
            100,
            100,
            100
          ]
        }
      },
      "nm": "lvjing  all 3",
      "op": 327,
      "refId": "image_1",
      "sr": 1,
      "st": -8,
      "ty": 2
    },
    {
      "ao": 0,
      "bm": 13,
      "ddd": 0,
      "ind": 3,
      "ip": 76,
      "ks": {
        "a": {
          "a": 0,
          "ix": 1,
          "k": [
            270,
            480,
            0
          ]
        },
        "o": {
          "a": 0,
          "ix": 11,
          "k": 50.196
        },
        "p": {
          "a": 0,
          "ix": 2,
          "k": [
            270,
            480,
            0
          ]
        },
        "r": {
          "a": 0,
          "ix": 10,
          "k": 0
        },
        "s": {
          "a": 0,
          "ix": 6,
          "k": [
            100,
            100,
            100
          ]
        }
      },
      "nm": "baohedu all 3",
      "op": 327,
      "refId": "image_2",
      "sr": 1,
      "st": -8,
      "ty": 2
    }
  ]
}