{"images":[{"name":"img_0.jpg","w":540,"h":960,"prefix":["-i"],"postfix":[]},{"name":"img_1.jpg","w":540,"h":960,"prefix":["-i"],"postfix":[]},{"name":"img_2.jpg","w":540,"h":960,"prefix":["-i"],"postfix":[]},{"name":"img_3.jpg","w":540,"h":960,"prefix":["-i"],"postfix":[]},{"name":"img_4.jpg","w":540,"h":960,"prefix":["-i"],"postfix":[]},{"name":"img_5.jpg","w":540,"h":960,"prefix":["-i"],"postfix":[]},{"name":"img_6.jpg","w":540,"h":960,"prefix":["-i"],"postfix":[]},{"name":"img_7.jpg","w":540,"h":960,"prefix":["-i"],"postfix":[]},{"name":"img_8.jpg","w":540,"h":960,"prefix":["-i"],"postfix":[]},{"name":"img_9.jpg","w":540,"h":960,"prefix":["-i"],"postfix":[]}],"static_inputs":[{"name":"background_video.mp4","prefix":["-i"],"postfix":[]},{"name":"first.jpg","prefix":["-loop","1","-t","17","-i"],"postfix":[]}],"video":{"h":960,"w":540,"duration":17},"e":[],"m":["-{pythoncomplex}"],"r":["[10]split=2[color][alpha];[color]crop=iw\/2:ih:0:0[color];[alpha]crop=iw\/2:ih:iw\/2:0[alpha];[color][alpha]{pythonmerge}[ovrly];[0]scale=540:960,setsar=1[0_scalled];[1]scale=540:960,setsar=1[1_scalled];[2]scale=540:960,setsar=1[2_scalled];[3]scale=540:960,setsar=1[3_scalled];[4]scale=540:960,setsar=1[4_scalled];[5]scale=540:960,setsar=1[5_scalled];[6]scale=540:960,setsar=1[6_scalled];[7]scale=540:960,setsar=1[7_scalled];[8]scale=540:960,setsar=1[8_scalled];[9]scale=540:960,setsar=1[9_scalled];[11:v][0_scalled]{pythono}=enable='between=(t,0,2.14)'[v0];[v0][1_scalled]{pythono}=enable='between=(t,2.14,3.64)'[v1];[v1][2_scalled]{pythono}=enable='between=(t,3.64,5.26)'[v2];[v2][3_scalled]{pythono}=enable='between=(t,5.26,7.21)'[v3];[v3][4_scalled]{pythono}=enable='between=(t,7.21,8.57)':x=0:y='if(gte(n,25*7.21),min(-960+(n-25*7.21)*160,0),-960)'[v4];[v4][5_scalled]{pythono}=enable='between=(t,8.57,9.51)'[v5];[v5][6_scalled]{pythono}=enable='between=(t,9.51,10.77)'[v6];[v6][7_scalled]{pythono}=enable='between=(t,10.77,12.72)'[v7];[v7][8_scalled]{pythono}=enable='between=(t,12.72,15.04)'[v8];[v8][9_scalled]{pythono}=enable='between=(t,15.04,17)'[v9];[v9][ovrly]{pythono}=0:0[base_video];[base_video][12]{pythono}=enable='between(t,0,8)':x=30:y=30[watermarked_part1];[watermarked_part1][12]{pythono}=enable='between(t,8,17)':x=(main_w-{pythono}_w-30):y=(main_h-{pythono}_h-30)"],"i":["[10]split=2[color][alpha];[color]crop=iw\/2:ih:0:0[color];[alpha]crop=iw\/2:ih:iw\/2:0[alpha];[color][alpha]{pythonmerge}[ovrly];[0]scale=540:960,setsar=1[0_scalled];[1]scale=540:960,setsar=1[1_scalled];[2]scale=540:960,setsar=1[2_scalled];[3]scale=540:960,setsar=1[3_scalled];[4]scale=540:960,setsar=1[4_scalled];[5]scale=540:960,setsar=1[5_scalled];[6]scale=540:960,setsar=1[6_scalled];[7]scale=540:960,setsar=1[7_scalled];[8]scale=540:960,setsar=1[8_scalled];[9]scale=540:960,setsar=1[9_scalled];[11:v][0_scalled]{pythono}=enable='between=(t,0,2.14)'[v0];[v0][1_scalled]{pythono}=enable='between=(t,2.14,3.64)'[v1];[v1][2_scalled]{pythono}=enable='between=(t,3.64,5.26)'[v2];[v2][3_scalled]{pythono}=enable='between=(t,5.26,7.21)'[v3];[v3][4_scalled]{pythono}=enable='between=(t,7.21,8.57)':x=0:y='if(gte(n,25*7.21),min(-960+(n-25*7.21)*160,0),-960)'[v4];[v4][5_scalled]{pythono}=enable='between=(t,8.57,9.51)'[v5];[v5][6_scalled]{pythono}=enable='between=(t,9.51,10.77)'[v6];[v6][7_scalled]{pythono}=enable='between=(t,10.77,12.72)'[v7];[v7][8_scalled]{pythono}=enable='between=(t,12.72,15.04)'[v8];[v8][9_scalled]{pythono}=enable='between=(t,15.04,17)'[v9];[v9][ovrly]{pythono}=0:0[base_video];[base_video][12]{pythono}=enable='between(t,0,8)':x=30:y=30[watermarked_part1];[watermarked_part1][12]{pythono}=enable='between(t,8,17)':x=(main_w-{pythono}_w-30):y=(main_h-{pythono}_h-30)[final_video]"],"n":[],"g":[],"c":[],"o":["-map","[final_video]","-map","13:a"],"d":["-t","17","-strict","-2"],"s":[],"layers":[{"ao":0,"bm":1,"ddd":0,"ind":1,"ip":0,"ks":{"a":{"a":0,"ix":1,"k":[270,480,0]},"o":{"a":0,"ix":11,"k":18.039},"p":{"a":0,"ix":2,"k":[270,480,0]},"r":{"a":0,"ix":10,"k":0},"s":{"a":0,"ix":6,"k":[100,100,100]}},"nm":"all","op":327,"refId":"image_0","sr":1,"st":0,"ty":2},{"ao":0,"bm":3,"ddd":0,"ind":2,"ip":76,"ks":{"a":{"a":0,"ix":1,"k":[270,480,0]},"o":{"a":0,"ix":11,"k":40},"p":{"a":0,"ix":2,"k":[270,480,0]},"r":{"a":0,"ix":10,"k":0},"s":{"a":0,"ix":6,"k":[100,100,100]}},"nm":"lvjing  all 3","op":327,"refId":"image_1","sr":1,"st":-8,"ty":2},{"ao":0,"bm":13,"ddd":0,"ind":3,"ip":76,"ks":{"a":{"a":0,"ix":1,"k":[270,480,0]},"o":{"a":0,"ix":11,"k":50.196},"p":{"a":0,"ix":2,"k":[270,480,0]},"r":{"a":0,"ix":10,"k":0},"s":{"a":0,"ix":6,"k":[100,100,100]}},"nm":"baohedu all 3","op":327,"refId":"image_2","sr":1,"st":-8,"ty":2}],"mu":["[10]split=2[color][alpha];[color]crop=iw\/2:ih:0:0[color];[alpha]crop=iw\/2:ih:iw\/2:0[alpha];[color][alpha]{pythonmerge}[ovrly];[0]scale=540:960,setsar=1[0_scalled];[1]scale=540:960,setsar=1[1_scalled];[2]scale=540:960,setsar=1[2_scalled];[3]scale=540:960,setsar=1[3_scalled];[4]scale=540:960,setsar=1[4_scalled];[5]scale=540:960,setsar=1[5_scalled];[6]scale=540:960,setsar=1[6_scalled];[7]scale=540:960,setsar=1[7_scalled];[8]scale=540:960,setsar=1[8_scalled];[9]scale=540:960,setsar=1[9_scalled];[11:v][0_scalled]{pythono}=enable='between=(t,0,2.14)'[v0];[v0][1_scalled]{pythono}=enable='between=(t,2.14,3.64)'[v1];[v1][2_scalled]{pythono}=enable='between=(t,3.64,5.26)'[v2];[v2][3_scalled]{pythono}=enable='between=(t,5.26,7.21)'[v3];[v3][4_scalled]{pythono}=enable='between=(t,7.21,8.57)':x=0:y='if(gte(n,25*7.21),min(-960+(n-25*7.21)*160,0),-960)'[v4];[v4][5_scalled]{pythono}=enable='between=(t,8.57,9.51)'[v5];[v5][6_scalled]{pythono}=enable='between=(t,9.51,10.77)'[v6];[v6][7_scalled]{pythono}=enable='between=(t,10.77,12.72)'[v7];[v7][8_scalled]{pythono}=enable='between=(t,12.72,15.04)'[v8];[v8][9_scalled]{pythono}=enable='between=(t,15.04,17)'[v9];[v9][ovrly]{pythono}=0:0"],"ke":["[10]split=2[color][alpha];[color]crop=iw\/2:ih:0:0[color];[alpha]crop=iw\/2:ih:iw\/2:0[alpha];[color][alpha]{pythonmerge}[ovrly];[0]scale=540:960,setsar=1[0_scalled];[1]scale=540:960,setsar=1[1_scalled];[2]scale=540:960,setsar=1[2_scalled];[3]scale=540:960,setsar=1[3_scalled];[4]scale=540:960,setsar=1[4_scalled];[5]scale=540:960,setsar=1[5_scalled];[6]scale=540:960,setsar=1[6_scalled];[7]scale=540:960,setsar=1[7_scalled];[8]scale=540:960,setsar=1[8_scalled];[9]scale=540:960,setsar=1[9_scalled];[11:v][0_scalled]{pythono}=enable='between=(t,0,2.14)'[v0];[v0][1_scalled]{pythono}=enable='between=(t,2.14,3.64)'[v1];[v1][2_scalled]{pythono}=enable='between=(t,3.64,5.26)'[v2];[v2][3_scalled]{pythono}=enable='between=(t,5.26,7.21)'[v3];[v3][4_scalled]{pythono}=enable='between=(t,7.21,8.57)':x=0:y='if(gte(n,25*7.21),min(-960+(n-25*7.21)*160,0),-960)'[v4];[v4][5_scalled]{pythono}=enable='between=(t,8.57,9.51)'[v5];[v5][6_scalled]{pythono}=enable='between=(t,9.51,10.77)'[v6];[v6][7_scalled]{pythono}=enable='between=(t,10.77,12.72)'[v7];[v7][8_scalled]{pythono}=enable='between=(t,12.72,15.04)'[v8];[v8][9_scalled]{pythono}=enable='between=(t,15.04,17)'[v9];[v9][ovrly]{pythono}=0:0[final_video]"],"sh":["-map","[final_video]","-map","12:a"]}