{
  "images": [
    {
      "name": "img_0.jpg",
      "w": 516,
      "h": 516,
      "prefix": [
        "-i"
      ],
      "postfix": [
      ]
    },
    {
      "name": "img_1.jpg",
      "w": 540,
      "h": 540,
      "prefix": [
        "-i"
      ],
      "postfix": [
      ]
    },
    {
      "name": "img_2.jpg",
      "w": 284,
      "h": 284,
      "prefix": [
        "-i"
      ],
      "postfix": [
      ]
    },
    {
      "name": "img_3.jpg",
      "w": 295,
      "h": 295,
      "prefix": [
        "-i"
      ],
      "postfix": [
      ]
    },
    {
      "name": "img_4.jpg",
      "w": 310,
      "h": 310,
      "prefix": [
        "-i"
      ],
      "postfix": [
      ]
    },
    {
      "name": "img_5.jpg",
      "w": 516,
      "h": 516,
      "prefix": [
        "-i"
      ],
      "postfix": [
      ]
    }
  ],
  "static_inputs": [
    {
      "name": "background_video.mp4",
      "prefix": [
        "-i"
      ],
      "postfix": [
      ]
    },
    {
      "name": "first.jpg",
      "prefix": [
        "-loop",
        "1",
        "-t",
        "30",
        "-i"
      ],
      "postfix": [
      ]
    }
  ],
  "video": {
    "w": 540,
    "h": 960,
    "duration": 30
  },
  "e": [],
  "m": [
    "-{pythoncomplex}"
  ],
  "r": [
    "[6]split=2[color][alpha];[color]crop=iw/2:ih:0:0[color];[alpha]crop=iw/2:ih:iw/2:0[alpha];[color][alpha]{pythonmerge}[ovrly];[0]scale=516:516,setsar=1[0_scalled_1];[1]scale=540:540,setsar=1[1_scalled_1];[2]scale=284:284,setsar=1[2_scalled_1];[3]scale=295:295,setsar=1[3_scalled_1];[4]scale=310:332,setsar=1[4_scalled_1];[5]scale=516:516,setsar=1[5_scalled_1];[0]scale=236:236,setsar=1[0_scalled_2];[1]scale=236:236,setsar=1[1_scalled_2];[2]scale=236:236,setsar=1[2_scalled_2];[3]scale=236:236,setsar=1[3_scalled_2];[4]scale=236:236,setsar=1[4_scalled_2];[5]scale=236:236,setsar=1[5_scalled_2];[7:v][0_scalled_1]{pythono}=x=12:y=39:enable='between(t,0.80,3)'[v0];[v0][1_scalled_1]{pythono}=x='if(gte(n,3*25),max(540-(n-3*25)*52,0),540)':y='if(gte(n,25*7.92),max(182-(n-25*7.92)*60,-200),182)':enable='between(t,3,21)'[v2];[v2][2_scalled_1]{pythono}=x=46:y=572:enable='between(t,8.35,13)'[v3];[v3][3_scalled_1]{pythono}=x='if(gte(n,13.52*25),max(295-(n-13.52*25)*6,186),-295)':y=562:enable='between(t,13.64,19)'[v4];[v4][4_scalled_1]{pythono}=x='if(gte(n,20.90*25),180-(n-20.90*25)*40,180)':y=508:enable='between(t,19,21)'[v5];[v5][5_scalled_1]{pythono}=x=12:y=39:enable='between(t,23.78,25.56)'[v6];[v6][0_scalled_2]{pythono}=x=19:y=58:enable='between(t,25.48,28.80)'[v7];[v7][1_scalled_2]{pythono}=x=285:y=58:enable='between(t,25.48,28.80)'[v8];[v8][2_scalled_2]{pythono}=x=19:y=352:enable='between(t,25.48,28.80)'[v9];[v9][3_scalled_2]{pythono}=x=285:y=353:enable='between(t,25.48,28.80)'[v10];[v10][4_scalled_2]{pythono}=x=19:y=646:enable='between(t,25.48,28.80)'[v11];[v11][5_scalled_2]{pythono}=x=285:y=646:enable='between(t,25.48,28.80)'[v12];[v12][ovrly]{pythono}=0:0[base_video];[base_video][8]{pythono}=enable='between(t,0,15)':x=30:y=30[watermarked_part1];[watermarked_part1][8]{pythono}=enable='between(t,15,31)':x=(main_w-{pythono}_w-30):y=(main_h-{pythono}_h-30)"
  ],
  "i": [
    "[6]split=2[color][alpha];[color]crop=iw/2:ih:0:0[color];[alpha]crop=iw/2:ih:iw/2:0[alpha];[color][alpha]{pythonmerge}[ovrly];[0]scale=516:516,setsar=1[0_scalled_1];[1]scale=540:540,setsar=1[1_scalled_1];[2]scale=284:284,setsar=1[2_scalled_1];[3]scale=295:295,setsar=1[3_scalled_1];[4]scale=310:332,setsar=1[4_scalled_1];[5]scale=516:516,setsar=1[5_scalled_1];[0]scale=236:236,setsar=1[0_scalled_2];[1]scale=236:236,setsar=1[1_scalled_2];[2]scale=236:236,setsar=1[2_scalled_2];[3]scale=236:236,setsar=1[3_scalled_2];[4]scale=236:236,setsar=1[4_scalled_2];[5]scale=236:236,setsar=1[5_scalled_2];[7:v][0_scalled_1]{pythono}=x=12:y=39:enable='between(t,0.80,3)'[v0];[v0][1_scalled_1]{pythono}=x='if(gte(n,3*25),max(540-(n-3*25)*52,0),540)':y='if(gte(n,25*7.92),max(182-(n-25*7.92)*60,-200),182)':enable='between(t,3,21)'[v2];[v2][2_scalled_1]{pythono}=x=46:y=572:enable='between(t,8.35,13)'[v3];[v3][3_scalled_1]{pythono}=x='if(gte(n,13.52*25),max(295-(n-13.52*25)*6,186),-295)':y=562:enable='between(t,13.64,19)'[v4];[v4][4_scalled_1]{pythono}=x='if(gte(n,20.90*25),180-(n-20.90*25)*40,180)':y=508:enable='between(t,19,21)'[v5];[v5][5_scalled_1]{pythono}=x=12:y=39:enable='between(t,23.78,25.56)'[v6];[v6][0_scalled_2]{pythono}=x=19:y=58:enable='between(t,25.48,28.80)'[v7];[v7][1_scalled_2]{pythono}=x=285:y=58:enable='between(t,25.48,28.80)'[v8];[v8][2_scalled_2]{pythono}=x=19:y=352:enable='between(t,25.48,28.80)'[v9];[v9][3_scalled_2]{pythono}=x=285:y=353:enable='between(t,25.48,28.80)'[v10];[v10][4_scalled_2]{pythono}=x=19:y=646:enable='between(t,25.48,28.80)'[v11];[v11][5_scalled_2]{pythono}=x=285:y=646:enable='between(t,25.48,28.80)'[v12];[v12][ovrly]{pythono}=0:0[base_video];[base_video][8]{pythono}=enable='between(t,0,15)':x=30:y=30[watermarked_part1];[watermarked_part1][8]{pythono}=enable='between(t,15,31)':x=(main_w-{pythono}_w-30):y=(main_h-{pythono}_h-30)[final_video]"
  ],
  "n": [],
  "g": [],
  "c": [],
  "o": [
    "-map",
    "[final_video]",
    "-map",
    "9:a"
  ],
  "d": [
    "-t",
    "30",
    "-strict",
    "-2"
  ],
  "s": [],
  "layers": [
    {
      "ao": 0,
      "bm": 1,
      "ddd": 0,
      "ind": 1,
      "ip": 0,
      "ks": {
        "a": {
          "a": 0,
          "ix": 1,
          "k": [
            270,
            480,
            0
          ]
        },
        "o": {
          "a": 0,
          "ix": 11,
          "k": 18.039
        },
        "p": {
          "a": 0,
          "ix": 2,
          "k": [
            270,
            480,
            0
          ]
        },
        "r": {
          "a": 0,
          "ix": 10,
          "k": 0
        },
        "s": {
          "a": 0,
          "ix": 6,
          "k": [
            100,
            100,
            100
          ]
        }
      },
      "nm": "all",
      "op": 327,
      "refId": "image_0",
      "sr": 1,
      "st": 0,
      "ty": 2
    },
    {
      "ao": 0,
      "bm": 3,
      "ddd": 0,
      "ind": 2,
      "ip": 76,
      "ks": {
        "a": {
          "a": 0,
          "ix": 1,
          "k": [
            270,
            480,
            0
          ]
        },
        "o": {
          "a": 0,
          "ix": 11,
          "k": 40
        },
        "p": {
          "a": 0,
          "ix": 2,
          "k": [
            270,
            480,
            0
          ]
        },
        "r": {
          "a": 0,
          "ix": 10,
          "k": 0
        },
        "s": {
          "a": 0,
          "ix": 6,
          "k": [
            100,
            100,
            100
          ]
        }
      },
      "nm": "lvjing  all 3",
      "op": 327,
      "refId": "image_1",
      "sr": 1,
      "st": -8,
      "ty": 2
    },
    {
      "ao": 0,
      "bm": 13,
      "ddd": 0,
      "ind": 3,
      "ip": 76,
      "ks": {
        "a": {
          "a": 0,
          "ix": 1,
          "k": [
            270,
            480,
            0
          ]
        },
        "o": {
          "a": 0,
          "ix": 11,
          "k": 50.196
        },
        "p": {
          "a": 0,
          "ix": 2,
          "k": [
            270,
            480,
            0
          ]
        },
        "r": {
          "a": 0,
          "ix": 10,
          "k": 0
        },
        "s": {
          "a": 0,
          "ix": 6,
          "k": [
            100,
            100,
            100
          ]
        }
      },
      "nm": "baohedu all 3",
      "op": 327,
      "refId": "image_2",
      "sr": 1,
      "st": -8,
      "ty": 2
    }
  ]
}