{
  "images": [
    {
      "name": "img_0.jpg",
      "w": 280,
      "h": 280,
      "prefix": [
        "-i"
      ],
      "postfix": [
      ]
    },
    {
      "name": "img_1.jpg",
      "w": 280,
      "h": 280,
      "prefix": [
        "-i"
      ],
      "postfix": [
      ]
    },
    {
      "name": "img_2.jpg",
      "w": 280,
      "h": 280,
      "prefix": [
        "-i"
      ],
      "postfix": [
      ]
    }
  ],
  "static_inputs": [
    {
      "name": "background_video.mp4",
      "prefix": [
        "-i"
      ],
      "postfix": [
      ]
    },
    {
      "name": "first.jpg",
      "prefix": [
        "-loop",
        "1",
        "-t",
        "15",
        "-i"
      ],
      "postfix": [
      ]
    }
  ],
  "video": {
    "w": 540,
    "h": 960,
    "duration": 15
  },
  "e": [],
  "m": [
    "-{pythoncomplex}"
  ],
  "r": [
    "[3]split=2[color][alpha];[color]crop=iw/2:ih:0:0[color];[alpha]crop=iw/2:ih:iw/2:0[alpha];[color][alpha]{pythonmerge}[ovrly];[0]scale=280:280,setsar=1,hue=s=0,split=4[0_b_1][0_b_2][0_b_3][0_b_4];[1]scale=280:280,setsar=1,hue=s=0,split=4[1_b_1][1_b_2][1_b_3][1_b_4];[2]scale=280:280,setsar=1,hue=s=0,split=4[2_b_1][2_b_2][2_b_3][2_b_4];[0]scale=280:280,setsar=1,split=4[0_c_1][0_c_2][0_c_3][0_c_4];[1]scale=280:280,setsar=1,split=4[1_c_1][1_c_2][1_c_3][1_c_4];[2]scale=280:280,setsar=1,split=4[2_c_1][2_c_2][2_c_3][2_c_4];[4:v][0_b_1]{pythono}=enable='between=(t,1,4.64)':x=130:y=54[v0];[v0][1_b_1]{pythono}=enable='between=(t,2.04,5.64)':x=130:y=344[v1];[v1][2_b_1]{pythono}=enable='between=(t,3.20,7.00)':x=130:y=630[v2];[v2][0_c_1]{pythono}=enable='between=(t,4.46,5.64)':x=130:y=54[v3];[v3][0_b_2]{pythono}=enable='between=(t,5.64,7.00)':x=130:y=54[v4];[v4][1_c_1]{pythono}=enable='between=(t,5.64,6.26)':x=130:y=344[v5];[v5][1_b_2]{pythono}=enable='between=(t,6.26,15)':x=130:y=344[v6];[v6][2_c_1]{pythono}=enable='between=(t,6.26,6.80)':x=130:y=630[v7];[v7][2_b_2]{pythono}=enable='between=(t,6.80,8.27)':x=130:y=630[v8];[v8][0_c_2]{pythono}=enable='between=(t,6.80,7.48)':x=130:y=54[v9];[v9][0_b_3]{pythono}=enable='between=(t,7.48,9.12)':x=130:y=54[v10];[v10][1_c_2]{pythono}=enable='between=(t,7.48,8.27)':x=130:y=344[v11];[v11][1_b_3]{pythono}=enable='between=(t,8.27,15)':x=130:y=344[v12];[v12][2_c_2]{pythono}=enable='between=(t,8.27,9.12)':x=130:y=630[v13];[v13][2_b_3]{pythono}=enable='between=(t,9.12,15)':x=130:y=630[v14];[v14][0_c_3]{pythono}=enable='between=(t,9.12,10.12)':x=130:y=54[v15];[v15][0_b_4]{pythono}=enable='between=(t,10.12,15)':x=130:y=54[v16];[v16][1_c_3]{pythono}=enable='between=(t,10.12,11.12)':x=130:y=344[v17];[v17][1_b_4]{pythono}=enable='between=(t,11.12,15)':x=130:y=344[v18];[v18][2_c_3]{pythono}=enable='between=(t,11.12,12.12)':x=130:y=630[v19];[v19][2_b_4]{pythono}=enable='between=(t,12.12,14.12)':x=130:y=630[v20];[v20][0_c_4]{pythono}=enable='between=(t,12.12,15)':x=130:y=54[v21];[v21][1_c_4]{pythono}=enable='between=(t,13.12,15)':x=130:y=344[v22];[v22][2_c_4]{pythono}=enable='between=(t,14.12,15)':x=130:y=630[v23];[v23][ovrly]{pythono}=0:0,format=yuv420p[base_video];[base_video][5]{pythono}=enable='between(t,0,6.26)':x=20:y=20[watermarked_part1];[watermarked_part1][5]{pythono}=enable='between(t,6.26,15)':x=(main_w-{pythono}_w-20):y=(main_h-{pythono}_h-20)"
  ],
  "i": [
    "[3]split=2[color][alpha];[color]crop=iw/2:ih:0:0[color];[alpha]crop=iw/2:ih:iw/2:0[alpha];[color][alpha]{pythonmerge}[ovrly];[0]scale=280:280,setsar=1,hue=s=0,split=4[0_b_1][0_b_2][0_b_3][0_b_4];[1]scale=280:280,setsar=1,hue=s=0,split=4[1_b_1][1_b_2][1_b_3][1_b_4];[2]scale=280:280,setsar=1,hue=s=0,split=4[2_b_1][2_b_2][2_b_3][2_b_4];[0]scale=280:280,setsar=1,split=4[0_c_1][0_c_2][0_c_3][0_c_4];[1]scale=280:280,setsar=1,split=4[1_c_1][1_c_2][1_c_3][1_c_4];[2]scale=280:280,setsar=1,split=4[2_c_1][2_c_2][2_c_3][2_c_4];[4:v][0_b_1]{pythono}=enable='between=(t,1,4.64)':x=130:y=54[v0];[v0][1_b_1]{pythono}=enable='between=(t,2.04,5.64)':x=130:y=344[v1];[v1][2_b_1]{pythono}=enable='between=(t,3.20,7.00)':x=130:y=630[v2];[v2][0_c_1]{pythono}=enable='between=(t,4.46,5.64)':x=130:y=54[v3];[v3][0_b_2]{pythono}=enable='between=(t,5.64,7.00)':x=130:y=54[v4];[v4][1_c_1]{pythono}=enable='between=(t,5.64,6.26)':x=130:y=344[v5];[v5][1_b_2]{pythono}=enable='between=(t,6.26,15)':x=130:y=344[v6];[v6][2_c_1]{pythono}=enable='between=(t,6.26,6.80)':x=130:y=630[v7];[v7][2_b_2]{pythono}=enable='between=(t,6.80,8.27)':x=130:y=630[v8];[v8][0_c_2]{pythono}=enable='between=(t,6.80,7.48)':x=130:y=54[v9];[v9][0_b_3]{pythono}=enable='between=(t,7.48,9.12)':x=130:y=54[v10];[v10][1_c_2]{pythono}=enable='between=(t,7.48,8.27)':x=130:y=344[v11];[v11][1_b_3]{pythono}=enable='between=(t,8.27,15)':x=130:y=344[v12];[v12][2_c_2]{pythono}=enable='between=(t,8.27,9.12)':x=130:y=630[v13];[v13][2_b_3]{pythono}=enable='between=(t,9.12,15)':x=130:y=630[v14];[v14][0_c_3]{pythono}=enable='between=(t,9.12,10.12)':x=130:y=54[v15];[v15][0_b_4]{pythono}=enable='between=(t,10.12,15)':x=130:y=54[v16];[v16][1_c_3]{pythono}=enable='between=(t,10.12,11.12)':x=130:y=344[v17];[v17][1_b_4]{pythono}=enable='between=(t,11.12,15)':x=130:y=344[v18];[v18][2_c_3]{pythono}=enable='between=(t,11.12,12.12)':x=130:y=630[v19];[v19][2_b_4]{pythono}=enable='between=(t,12.12,14.12)':x=130:y=630[v20];[v20][0_c_4]{pythono}=enable='between=(t,12.12,15)':x=130:y=54[v21];[v21][1_c_4]{pythono}=enable='between=(t,13.12,15)':x=130:y=344[v22];[v22][2_c_4]{pythono}=enable='between=(t,14.12,15)':x=130:y=630[v23];[v23][ovrly]{pythono}=0:0,format=yuv420p[base_video];[base_video][5]{pythono}=enable='between(t,0,6.26)':x=20:y=20[watermarked_part1];[watermarked_part1][5]{pythono}=enable='between(t,6.26,15)':x=(main_w-{pythono}_w-20):y=(main_h-{pythono}_h-20)[final_video]"
  ],
  "n": [],
  "g": [],
  "c": [],
  "o": [
    "-map",
    "[final_video]",
    "-map",
    "6:a"
  ],
  "d": [
    "-t",
    "15",
    "-strict",
    "-2"
  ],
  "s": [],
  "layers": [
    {
      "ao": 0,
      "bm": 1,
      "ddd": 0,
      "ind": 1,
      "ip": 0,
      "ks": {
        "a": {
          "a": 0,
          "ix": 1,
          "k": [
            270,
            480,
            0
          ]
        },
        "o": {
          "a": 0,
          "ix": 11,
          "k": 18.039
        },
        "p": {
          "a": 0,
          "ix": 2,
          "k": [
            270,
            480,
            0
          ]
        },
        "r": {
          "a": 0,
          "ix": 10,
          "k": 0
        },
        "s": {
          "a": 0,
          "ix": 6,
          "k": [
            100,
            100,
            100
          ]
        }
      },
      "nm": "all",
      "op": 327,
      "refId": "image_0",
      "sr": 1,
      "st": 0,
      "ty": 2
    },
    {
      "ao": 0,
      "bm": 3,
      "ddd": 0,
      "ind": 2,
      "ip": 76,
      "ks": {
        "a": {
          "a": 0,
          "ix": 1,
          "k": [
            270,
            480,
            0
          ]
        },
        "o": {
          "a": 0,
          "ix": 11,
          "k": 40
        },
        "p": {
          "a": 0,
          "ix": 2,
          "k": [
            270,
            480,
            0
          ]
        },
        "r": {
          "a": 0,
          "ix": 10,
          "k": 0
        },
        "s": {
          "a": 0,
          "ix": 6,
          "k": [
            100,
            100,
            100
          ]
        }
      },
      "nm": "lvjing  all 3",
      "op": 327,
      "refId": "image_1",
      "sr": 1,
      "st": -8,
      "ty": 2
    },
    {
      "ao": 0,
      "bm": 13,
      "ddd": 0,
      "ind": 3,
      "ip": 76,
      "ks": {
        "a": {
          "a": 0,
          "ix": 1,
          "k": [
            270,
            480,
            0
          ]
        },
        "o": {
          "a": 0,
          "ix": 11,
          "k": 50.196
        },
        "p": {
          "a": 0,
          "ix": 2,
          "k": [
            270,
            480,
            0
          ]
        },
        "r": {
          "a": 0,
          "ix": 10,
          "k": 0
        },
        "s": {
          "a": 0,
          "ix": 6,
          "k": [
            100,
            100,
            100
          ]
        }
      },
      "nm": "baohedu all 3",
      "op": 327,
      "refId": "image_2",
      "sr": 1,
      "st": -8,
      "ty": 2
    }
  ]
}