{
  "images": [
    {
      "name": "img_0.jpg",
      "w": 307,
      "h": 451,
      "prefix": [
        "-i"
      ],
      "postfix": [
      ]
    },
    {
      "name": "img_1.jpg",
      "w": 266,
      "h": 447,
      "prefix": [
        "-i"
      ],
      "postfix": [
      ]
    },
    {
      "name": "img_2.jpg",
      "w": 273,
      "h": 449,
      "prefix": [
        "-i"
      ],
      "postfix": [
      ]
    },
    {
      "name": "img_3.jpg",
      "w": 263,
      "h": 450,
      "prefix": [
        "-i"
      ],
      "postfix": [
      ]
    },
    {
      "name": "img_4.jpg",
      "w": 258,
      "h": 476,
      "prefix": [
        "-i"
      ],
      "postfix": [
      ]
    }
  ],
  "static_inputs": [
    {
      "name": "background_video.mp4",
      "prefix": [
        "-i"
      ],
      "postfix": [
      ]
    },
    {
      "name": "first.jpg",
      "prefix": [
        "-loop",
        "1",
        "-t",
        "20",
        "-i"
      ],
      "postfix": [
      ]
    }
  ],
  "video": {
    "h": 960,
    "w": 540,
    "duration": 20
  },
  "e": [],
  "m": [
    "-{pythoncomplex}"
  ],
  "r": [
    "[5]split=2[color][alpha];[color]crop=iw/2:ih:0:0[color];[alpha]crop=iw/2:ih:iw/2:0[alpha];[color][alpha]{pythonmerge}[ovrly];[0]scale=307:451,setsar=1[0_scalled];[1]scale=266:447,setsar=1[1_scalled];[2]scale=273:449,setsar=1[2_scalled];[3]scale=263:450,setsar=1[3_scalled];[4]scale=258:476,setsar=1[4_scalled];[6:v][0_scalled]{pythono}=enable='between=(t,0.4,20)':x=46:y=53,{pythonf}=t=in:st=0:d=0.4[v0];[v0][1_scalled]{pythono}=x='if(gte(n,3.225*25),max(540-(n-3.225*25)*40,274),540)':y=469[v1];[v1][2_scalled]{pythono}=x='if(gte(n,7.555*25),min(-540+(n-7.555*25)*50,92),-540)':y=448[v2];[v2][3_scalled]{pythono}=x='if(gte(n,11.05*25),max(540-(n-11.05*25)*50,277),540)':y=49[v3];[v3][4_scalled]{pythono}=enable='between=(t,14.567,20)':x=102:y=287[v4];[v4][ovrly]{pythono}=0:0[base_video];[base_video][7]{pythono}=enable='between(t,0,10)':x=30:y=30[watermarked_part1];[watermarked_part1][7]{pythono}=enable='between(t,10,20)':x=(main_w-{pythono}_w-30):y=(main_h-{pythono}_h-30)"
  ],
  "i": [
    "[5]split=2[color][alpha];[color]crop=iw/2:ih:0:0[color];[alpha]crop=iw/2:ih:iw/2:0[alpha];[color][alpha]{pythonmerge}[ovrly];[0]scale=307:451,setsar=1[0_scalled];[1]scale=266:447,setsar=1[1_scalled];[2]scale=273:449,setsar=1[2_scalled];[3]scale=263:450,setsar=1[3_scalled];[4]scale=258:476,setsar=1[4_scalled];[6:v][0_scalled]{pythono}=enable='between=(t,0.4,20)':x=46:y=53,{pythonf}=t=in:st=0:d=0.4[v0];[v0][1_scalled]{pythono}=x='if(gte(n,3.225*25),max(540-(n-3.225*25)*40,274),540)':y=469[v1];[v1][2_scalled]{pythono}=x='if(gte(n,7.555*25),min(-540+(n-7.555*25)*50,92),-540)':y=448[v2];[v2][3_scalled]{pythono}=x='if(gte(n,11.05*25),max(540-(n-11.05*25)*50,277),540)':y=49[v3];[v3][4_scalled]{pythono}=enable='between=(t,14.567,20)':x=102:y=287[v4];[v4][ovrly]{pythono}=0:0[base_video];[base_video][7]{pythono}=enable='between(t,0,10)':x=30:y=30[watermarked_part1];[watermarked_part1][7]{pythono}=enable='between(t,10,20)':x=(main_w-{pythono}_w-30):y=(main_h-{pythono}_h-30)[final_video]"
  ],
  "n": [],
  "g": [],
  "c": [],
  "o": [
    "-map",
    "[final_video]",
    "-map",
    "8:a"
  ],
  "d": [
    "-t",
    "20",
    "-strict",
    "-2"
  ],
  "s": [],
  "layers": [
    {
      "ao": 0,
      "bm": 1,
      "ddd": 0,
      "ind": 1,
      "ip": 0,
      "ks": {
        "a": {
          "a": 0,
          "ix": 1,
          "k": [
            270,
            480,
            0
          ]
        },
        "o": {
          "a": 0,
          "ix": 11,
          "k": 18.039
        },
        "p": {
          "a": 0,
          "ix": 2,
          "k": [
            270,
            480,
            0
          ]
        },
        "r": {
          "a": 0,
          "ix": 10,
          "k": 0
        },
        "s": {
          "a": 0,
          "ix": 6,
          "k": [
            100,
            100,
            100
          ]
        }
      },
      "nm": "all",
      "op": 327,
      "refId": "image_0",
      "sr": 1,
      "st": 0,
      "ty": 2
    },
    {
      "ao": 0,
      "bm": 3,
      "ddd": 0,
      "ind": 2,
      "ip": 76,
      "ks": {
        "a": {
          "a": 0,
          "ix": 1,
          "k": [
            270,
            480,
            0
          ]
        },
        "o": {
          "a": 0,
          "ix": 11,
          "k": 40
        },
        "p": {
          "a": 0,
          "ix": 2,
          "k": [
            270,
            480,
            0
          ]
        },
        "r": {
          "a": 0,
          "ix": 10,
          "k": 0
        },
        "s": {
          "a": 0,
          "ix": 6,
          "k": [
            100,
            100,
            100
          ]
        }
      },
      "nm": "lvjing  all 3",
      "op": 327,
      "refId": "image_1",
      "sr": 1,
      "st": -8,
      "ty": 2
    },
    {
      "ao": 0,
      "bm": 13,
      "ddd": 0,
      "ind": 3,
      "ip": 76,
      "ks": {
        "a": {
          "a": 0,
          "ix": 1,
          "k": [
            270,
            480,
            0
          ]
        },
        "o": {
          "a": 0,
          "ix": 11,
          "k": 50.196
        },
        "p": {
          "a": 0,
          "ix": 2,
          "k": [
            270,
            480,
            0
          ]
        },
        "r": {
          "a": 0,
          "ix": 10,
          "k": 0
        },
        "s": {
          "a": 0,
          "ix": 6,
          "k": [
            100,
            100,
            100
          ]
        }
      },
      "nm": "baohedu all 3",
      "op": 327,
      "refId": "image_2",
      "sr": 1,
      "st": -8,
      "ty": 2
    }
  ]
}