{
  "images": [
    {
      "name": "img_0.jpg",
      "w": 506,
      "h": 551,
      "prefix": [
        "-i"
      ],
      "postfix": [
      ]
    },
    {
      "name": "img_1.jpg",
      "w": 506,
      "h": 551,
      "prefix": [
        "-i"
      ],
      "postfix": [
      ]
    },
    {
      "name": "img_2.jpg",
      "w": 506,
      "h": 551,
      "prefix": [
        "-i"
      ],
      "postfix": [
      ]
    }
  ],
  "static_inputs": [
    {
      "name": "background_video.mp4",
      "prefix": [
        "-i"
      ],
      "postfix": [
      ]
    },
    {
      "name": "first.jpg",
      "prefix": [
        "-loop",
        "1",
        "-t",
        "22",
        "-i"
      ],
      "postfix": [
      ]
    }
  ],
  "video": {
    "h": 960,
    "w": 540,
    "duration": 22
  },
  "e": [],
  "m": [
    "-{pythoncomplex}"
  ],
  "r": [
    "[3]split=2[color][alpha];[color]crop=iw/2:ih:0:0[color];[alpha]crop=iw/2:ih:iw/2:0[alpha];[color][alpha]{pythonmerge}[ovrly];[0]scale=506:551,setsar=1[0_scalled];[1]scale=506:551,setsar=1[1_scalled];[2]scale=506:551,setsar=1[2_scalled];[4:v][0_scalled]{pythono}=x='if(gte(n,0.11*25),min(-506+(n-0.11*25)*34,16),-540)':y='if(gte(n,25*8.02),157+(n-25*8.02)*53,157)'[v_1];[v_1][1_scalled]{pythono}=x='if(gte(n,15*25),16+(n-15*25)*53,16)':y='if(gte(n,25*8.02),min(-960+(n-25*8.02)*69,157),-960)'[v_2];[v_2][2_scalled]{pythono}=x=16:y='if(gte(n,25*15),max(960-(n-25*15)*51,157),960)'[v_3];[v_3][ovrly]{pythono}=0:0[base_video];[base_video][5]{pythono}=enable='between(t,0,11)':x=30:y=30[watermarked_part1];[watermarked_part1][5]{pythono}=enable='between(t,11,22)':x=(main_w-{pythono}_w-30):y=(main_h-{pythono}_h-10)"
  ],
  "i": [
    "[3]split=2[color][alpha];[color]crop=iw/2:ih:0:0[color];[alpha]crop=iw/2:ih:iw/2:0[alpha];[color][alpha]{pythonmerge}[ovrly];[0]scale=506:551,setsar=1[0_scalled];[1]scale=506:551,setsar=1[1_scalled];[2]scale=506:551,setsar=1[2_scalled];[4:v][0_scalled]{pythono}=x='if(gte(n,0.11*25),min(-506+(n-0.11*25)*34,16),-540)':y='if(gte(n,25*8.02),157+(n-25*8.02)*53,157)'[v_1];[v_1][1_scalled]{pythono}=x='if(gte(n,15*25),16+(n-15*25)*53,16)':y='if(gte(n,25*8.02),min(-960+(n-25*8.02)*69,157),-960)'[v_2];[v_2][2_scalled]{pythono}=x=16:y='if(gte(n,25*15),max(960-(n-25*15)*51,157),960)'[v_3];[v_3][ovrly]{pythono}=0:0[base_video];[base_video][5]{pythono}=enable='between(t,0,11)':x=30:y=30[watermarked_part1];[watermarked_part1][5]{pythono}=enable='between(t,11,22)':x=(main_w-{pythono}_w-30):y=(main_h-{pythono}_h-10)[final_video]"
  ],
  "n": [],
  "g": [],
  "c": [],
  "o": [
    "-map",
    "[final_video]",
    "-map",
    "6:a"
  ],
  "d": [
    "-t",
    "22",
    "-strict",
    "-2"
  ],
  "s": [],
  "layers": [
    {
      "ao": 0,
      "bm": 1,
      "ddd": 0,
      "ind": 1,
      "ip": 0,
      "ks": {
        "a": {
          "a": 0,
          "ix": 1,
          "k": [
            270,
            480,
            0
          ]
        },
        "o": {
          "a": 0,
          "ix": 11,
          "k": 18.039
        },
        "p": {
          "a": 0,
          "ix": 2,
          "k": [
            270,
            480,
            0
          ]
        },
        "r": {
          "a": 0,
          "ix": 10,
          "k": 0
        },
        "s": {
          "a": 0,
          "ix": 6,
          "k": [
            100,
            100,
            100
          ]
        }
      },
      "nm": "all",
      "op": 327,
      "refId": "image_0",
      "sr": 1,
      "st": 0,
      "ty": 2
    },
    {
      "ao": 0,
      "bm": 3,
      "ddd": 0,
      "ind": 2,
      "ip": 76,
      "ks": {
        "a": {
          "a": 0,
          "ix": 1,
          "k": [
            270,
            480,
            0
          ]
        },
        "o": {
          "a": 0,
          "ix": 11,
          "k": 40
        },
        "p": {
          "a": 0,
          "ix": 2,
          "k": [
            270,
            480,
            0
          ]
        },
        "r": {
          "a": 0,
          "ix": 10,
          "k": 0
        },
        "s": {
          "a": 0,
          "ix": 6,
          "k": [
            100,
            100,
            100
          ]
        }
      },
      "nm": "lvjing  all 3",
      "op": 327,
      "refId": "image_1",
      "sr": 1,
      "st": -8,
      "ty": 2
    },
    {
      "ao": 0,
      "bm": 13,
      "ddd": 0,
      "ind": 3,
      "ip": 76,
      "ks": {
        "a": {
          "a": 0,
          "ix": 1,
          "k": [
            270,
            480,
            0
          ]
        },
        "o": {
          "a": 0,
          "ix": 11,
          "k": 50.196
        },
        "p": {
          "a": 0,
          "ix": 2,
          "k": [
            270,
            480,
            0
          ]
        },
        "r": {
          "a": 0,
          "ix": 10,
          "k": 0
        },
        "s": {
          "a": 0,
          "ix": 6,
          "k": [
            100,
            100,
            100
          ]
        }
      },
      "nm": "baohedu all 3",
      "op": 327,
      "refId": "image_2",
      "sr": 1,
      "st": -8,
      "ty": 2
    }
  ]
}