{"images":[{"name":"img_0.jpg","w":540,"h":700,"prefix":["-i"],"postfix":[]},{"name":"img_1.jpg","w":540,"h":700,"prefix":["-i"],"postfix":[]},{"name":"img_2.jpg","w":540,"h":700,"prefix":["-i"],"postfix":[]},{"name":"img_3.jpg","w":540,"h":700,"prefix":["-i"],"postfix":[]}],"static_inputs":[{"name":"background_video.mp4","prefix":["-i"],"postfix":[]},{"name":"first.jpg","prefix":["-loop","1","-t","26","-i"],"postfix":[]}],"video":{"w":540,"h":960,"duration":26},"e":[],"m":["-{pythoncomplex}"],"r":["[4]split=2[color][alpha];[color]crop=iw\/2:ih:0:0[color];[alpha]crop=iw\/2:ih:iw\/2:0[alpha];[color][alpha]{pythonmerge}[ovrly];[0]scale=540:700,setsar=1[0_scalled];[1]scale=540:700,setsar=1[1_scalled];[2]scale=540:700,setsar=1[2_scalled];[3]scale=540:700,setsar=1[3_scalled];[5][0_scalled]{pythono}=x=0:y=1[img1];[5][1_scalled]{pythono}=x=0:y=1[img2];[5][2_scalled]{pythono}=x=0:y=1[img3];[5][3_scalled]{pythono}=x=0:y=1[img4];[img1]{pythonz}pan=z='if(lte(on,25*0.40),1,if(lte({pythonz},-1.0),1.2,min({pythonz}+0.0004,1.2)))':d=25*26:s=540x960[v0];[img2]{pythonz}pan=z='if(lte(on,25*8.05),1,if(lte({pythonz},1.0),1.2,max(1.001,{pythonz}-0.0008)))':d=25*26:s=540x960[v1];[img3]{pythonz}pan=z='if(lte(on,25*15.61),1,if(lte({pythonz},-1.0),1.2,min({pythonz}+0.0004,1.2)))':d=25*26:s=540x960[v2];[img4]{pythonz}pan=z='if(lte(on,25*21),1,if(lte({pythonz},1.0),1.2,max(1.001,{pythonz}-0.0008)))':d=25*26:s=540x960[v3];[5:v][v0]{pythono}=x=0:y='if(gte(n,25*0.40),min(-960+(n-25*0.40)*40,0),-960)'[video1];[video1][v1]{pythono}=x='if(gte(n,8.05*25),min(-540+(n-8.05*25)*50,0),-540)':y=0[video2];[video2][v2]{pythono}=x='if(gte(n,15.61*25),max(540-(n-(25*15.61))*100,0),540)':y=0[video3];[video3][v3]{pythono}=x=0:y='if(gte(n,25*21),max(960-(n-25*21)*50,0),960)'[video4];[video4][ovrly]{pythono}=0:0[base_video];[base_video][6]{pythono}=enable='between(t,0,13)':x=30:y=30[watermarked_part1];[watermarked_part1][6]{pythono}=enable='between(t,13,26)':x=(main_w-{pythono}_w-30):y=30"],"i":["[4]split=2[color][alpha];[color]crop=iw\/2:ih:0:0[color];[alpha]crop=iw\/2:ih:iw\/2:0[alpha];[color][alpha]{pythonmerge}[ovrly];[0]scale=540:700,setsar=1[0_scalled];[1]scale=540:700,setsar=1[1_scalled];[2]scale=540:700,setsar=1[2_scalled];[3]scale=540:700,setsar=1[3_scalled];[5][0_scalled]{pythono}=x=0:y=1[img1];[5][1_scalled]{pythono}=x=0:y=1[img2];[5][2_scalled]{pythono}=x=0:y=1[img3];[5][3_scalled]{pythono}=x=0:y=1[img4];[img1]{pythonz}pan=z='if(lte(on,25*0.40),1,if(lte({pythonz},-1.0),1.2,min({pythonz}+0.0004,1.2)))':d=25*26:s=540x960[v0];[img2]{pythonz}pan=z='if(lte(on,25*8.05),1,if(lte({pythonz},1.0),1.2,max(1.001,{pythonz}-0.0008)))':d=25*26:s=540x960[v1];[img3]{pythonz}pan=z='if(lte(on,25*15.61),1,if(lte({pythonz},-1.0),1.2,min({pythonz}+0.0004,1.2)))':d=25*26:s=540x960[v2];[img4]{pythonz}pan=z='if(lte(on,25*21),1,if(lte({pythonz},1.0),1.2,max(1.001,{pythonz}-0.0008)))':d=25*26:s=540x960[v3];[5:v][v0]{pythono}=x=0:y='if(gte(n,25*0.40),min(-960+(n-25*0.40)*40,0),-960)'[video1];[video1][v1]{pythono}=x='if(gte(n,8.05*25),min(-540+(n-8.05*25)*50,0),-540)':y=0[video2];[video2][v2]{pythono}=x='if(gte(n,15.61*25),max(540-(n-(25*15.61))*100,0),540)':y=0[video3];[video3][v3]{pythono}=x=0:y='if(gte(n,25*21),max(960-(n-25*21)*50,0),960)'[video4];[video4][ovrly]{pythono}=0:0[base_video];[base_video][6]{pythono}=enable='between(t,0,13)':x=30:y=30[watermarked_part1];[watermarked_part1][6]{pythono}=enable='between(t,13,26)':x=(main_w-{pythono}_w-30):y=30[final_video]"],"n":[],"g":[],"c":[],"o":["-map","[final_video]","-map","7:a"],"d":["-t","26","-strict","-2"],"s":[],"layers":[{"ao":0,"bm":1,"ddd":0,"ind":1,"ip":0,"ks":{"a":{"a":0,"ix":1,"k":[270,480,0]},"o":{"a":0,"ix":11,"k":18.039},"p":{"a":0,"ix":2,"k":[270,480,0]},"r":{"a":0,"ix":10,"k":0},"s":{"a":0,"ix":6,"k":[100,100,100]}},"nm":"all","op":327,"refId":"image_0","sr":1,"st":0,"ty":2},{"ao":0,"bm":3,"ddd":0,"ind":2,"ip":76,"ks":{"a":{"a":0,"ix":1,"k":[270,480,0]},"o":{"a":0,"ix":11,"k":40},"p":{"a":0,"ix":2,"k":[270,480,0]},"r":{"a":0,"ix":10,"k":0},"s":{"a":0,"ix":6,"k":[100,100,100]}},"nm":"lvjing  all 3","op":327,"refId":"image_1","sr":1,"st":-8,"ty":2},{"ao":0,"bm":13,"ddd":0,"ind":3,"ip":76,"ks":{"a":{"a":0,"ix":1,"k":[270,480,0]},"o":{"a":0,"ix":11,"k":50.196},"p":{"a":0,"ix":2,"k":[270,480,0]},"r":{"a":0,"ix":10,"k":0},"s":{"a":0,"ix":6,"k":[100,100,100]}},"nm":"baohedu all 3","op":327,"refId":"image_2","sr":1,"st":-8,"ty":2}],"mu":["[4]split=2[color][alpha];[color]crop=iw\/2:ih:0:0[color];[alpha]crop=iw\/2:ih:iw\/2:0[alpha];[color][alpha]{pythonmerge}[ovrly];[0]scale=540:700,setsar=1[0_scalled];[1]scale=540:700,setsar=1[1_scalled];[2]scale=540:700,setsar=1[2_scalled];[3]scale=540:700,setsar=1[3_scalled];[5][0_scalled]{pythono}=x=0:y=1[img1];[5][1_scalled]{pythono}=x=0:y=1[img2];[5][2_scalled]{pythono}=x=0:y=1[img3];[5][3_scalled]{pythono}=x=0:y=1[img4];[img1]{pythonz}pan=z='if(lte(on,25*0.40),1,if(lte({pythonz},-1.0),1.2,min({pythonz}+0.0004,1.2)))':d=25*26:s=540x960[v0];[img2]{pythonz}pan=z='if(lte(on,25*8.05),1,if(lte({pythonz},1.0),1.2,max(1.001,{pythonz}-0.0008)))':d=25*26:s=540x960[v1];[img3]{pythonz}pan=z='if(lte(on,25*15.61),1,if(lte({pythonz},-1.0),1.2,min({pythonz}+0.0004,1.2)))':d=25*26:s=540x960[v2];[img4]{pythonz}pan=z='if(lte(on,25*21),1,if(lte({pythonz},1.0),1.2,max(1.001,{pythonz}-0.0008)))':d=25*26:s=540x960[v3];[5:v][v0]{pythono}=x=0:y='if(gte(n,25*0.40),min(-960+(n-25*0.40)*40,0),-960)'[video1];[video1][v1]{pythono}=x='if(gte(n,8.05*25),min(-540+(n-8.05*25)*50,0),-540)':y=0[video2];[video2][v2]{pythono}=x='if(gte(n,15.61*25),max(540-(n-(25*15.61))*100,0),540)':y=0[video3];[video3][v3]{pythono}=x=0:y='if(gte(n,25*21),max(960-(n-25*21)*50,0),960)'[video4];[video4][ovrly]{pythono}=0:0"],"ke":["[4]split=2[color][alpha];[color]crop=iw\/2:ih:0:0[color];[alpha]crop=iw\/2:ih:iw\/2:0[alpha];[color][alpha]{pythonmerge}[ovrly];[0]scale=540:700,setsar=1[0_scalled];[1]scale=540:700,setsar=1[1_scalled];[2]scale=540:700,setsar=1[2_scalled];[3]scale=540:700,setsar=1[3_scalled];[5][0_scalled]{pythono}=x=0:y=1[img1];[5][1_scalled]{pythono}=x=0:y=1[img2];[5][2_scalled]{pythono}=x=0:y=1[img3];[5][3_scalled]{pythono}=x=0:y=1[img4];[img1]{pythonz}pan=z='if(lte(on,25*0.40),1,if(lte({pythonz},-1.0),1.2,min({pythonz}+0.0004,1.2)))':d=25*26:s=540x960[v0];[img2]{pythonz}pan=z='if(lte(on,25*8.05),1,if(lte({pythonz},1.0),1.2,max(1.001,{pythonz}-0.0008)))':d=25*26:s=540x960[v1];[img3]{pythonz}pan=z='if(lte(on,25*15.61),1,if(lte({pythonz},-1.0),1.2,min({pythonz}+0.0004,1.2)))':d=25*26:s=540x960[v2];[img4]{pythonz}pan=z='if(lte(on,25*21),1,if(lte({pythonz},1.0),1.2,max(1.001,{pythonz}-0.0008)))':d=25*26:s=540x960[v3];[5:v][v0]{pythono}=x=0:y='if(gte(n,25*0.40),min(-960+(n-25*0.40)*40,0),-960)'[video1];[video1][v1]{pythono}=x='if(gte(n,8.05*25),min(-540+(n-8.05*25)*50,0),-540)':y=0[video2];[video2][v2]{pythono}=x='if(gte(n,15.61*25),max(540-(n-(25*15.61))*100,0),540)':y=0[video3];[video3][v3]{pythono}=x=0:y='if(gte(n,25*21),max(960-(n-25*21)*50,0),960)'[video4];[video4][ovrly]{pythono}=0:0[final_video]"],"sh":["-map","[final_video]","-map","6:a"]}