{"images":[{"name":"img_0.jpg","w":540,"h":960,"prefix":["-loop","1","-t","2.90","-i"],"postfix":[]},{"name":"img_1.jpg","w":540,"h":960,"prefix":["-loop","1","-t","1.38","-i"],"postfix":[]},{"name":"img_2.jpg","w":540,"h":960,"prefix":["-loop","1","-t","1.37","-i"],"postfix":[]},{"name":"img_3.jpg","w":530,"h":453,"prefix":["-loop","1","-t","1.2","-i"],"postfix":[]},{"name":"img_4.jpg","w":540,"h":960,"prefix":["-loop","1","-t","1.28","-i"],"postfix":[]},{"name":"img_5.jpg","w":527,"h":454,"prefix":["-loop","1","-t","1.17","-i"],"postfix":[]},{"name":"img_6.jpg","w":540,"h":960,"prefix":["-loop","1","-t","1.53","-i"],"postfix":[]},{"name":"img_7.jpg","w":540,"h":615,"prefix":["-loop","1","-t","2.17","-i"],"postfix":[]}],"static_inputs":[{"name":"background_video.mp4","prefix":["-i"],"postfix":[]},{"name":"first.jpg","prefix":["-i"],"postfix":[]}],"video":{"w":540,"h":960,"duration":13},"e":[],"m":["-{pythoncomplex}"],"r":["[8]split=2[color][alpha];[color]crop=iw\/2:ih:0:0[color];[alpha]crop=iw\/2:ih:iw\/2:0[alpha];[color][alpha]{pythonmerge}[ovrly];[0]scale=540:960,setsar=1,hue=s=0[0_scalled];[1]scale=540:960,setsar=1[1_scalled];[2]scale=540:960,setsar=1[2_scalled];[3]scale=530:453,setsar=1[3_scalled];[4]scale=540:960,setsar=1,hue=s=0[4_scalled];[5]scale=527:454,setsar=1[5_scalled];[6]scale=540:960,setsar=1[6_scalled];[7]scale=540:615,setsar=1,hue=s=0[7_scalled];[9][3_scalled]{pythono}=x=6:y=256[img1];[9][5_scalled]{pythono}=x=8:y=254[img2];[9][7_scalled]{pythono}=x=0:y=162[img3];[0_scalled][1_scalled][2_scalled][img1][4_scalled][img2][6_scalled][img3]concat=n=8:v=1:a=0,format=yuv420p[v4];[v4][ovrly]{pythono}=0:0[base_video];[base_video][10]{pythono}=enable='between(t,0,6.5)':x=30:y=30[watermarked_part1];[watermarked_part1][10]{pythono}=enable='between(t,6.5,13)':x=(main_w-{pythono}_w-30):y=(main_h-{pythono}_h-30)"],"i":["[8]split=2[color][alpha];[color]crop=iw\/2:ih:0:0[color];[alpha]crop=iw\/2:ih:iw\/2:0[alpha];[color][alpha]{pythonmerge}[ovrly];[0]scale=540:960,setsar=1,hue=s=0[0_scalled];[1]scale=540:960,setsar=1[1_scalled];[2]scale=540:960,setsar=1[2_scalled];[3]scale=530:453,setsar=1[3_scalled];[4]scale=540:960,setsar=1,hue=s=0[4_scalled];[5]scale=527:454,setsar=1[5_scalled];[6]scale=540:960,setsar=1[6_scalled];[7]scale=540:615,setsar=1,hue=s=0[7_scalled];[9][3_scalled]{pythono}=x=6:y=256[img1];[9][5_scalled]{pythono}=x=8:y=254[img2];[9][7_scalled]{pythono}=x=0:y=162[img3];[0_scalled][1_scalled][2_scalled][img1][4_scalled][img2][6_scalled][img3]concat=n=8:v=1:a=0,format=yuv420p[v4];[v4][ovrly]{pythono}=0:0[base_video];[base_video][10]{pythono}=enable='between(t,0,6.5)':x=30:y=30[watermarked_part1];[watermarked_part1][10]{pythono}=enable='between(t,6.5,13)':x=(main_w-{pythono}_w-30):y=(main_h-{pythono}_h-30)[final_video]"],"n":[],"g":[],"c":[],"o":["-map","[final_video]","-map","11:a"],"d":["-t","13","-strict","-2"],"s":[],"layers":[{"ao":0,"bm":1,"ddd":0,"ind":1,"ip":0,"ks":{"a":{"a":0,"ix":1,"k":[270,480,0]},"o":{"a":0,"ix":11,"k":18.039},"p":{"a":0,"ix":2,"k":[270,480,0]},"r":{"a":0,"ix":10,"k":0},"s":{"a":0,"ix":6,"k":[100,100,100]}},"nm":"all","op":327,"refId":"image_0","sr":1,"st":0,"ty":2},{"ao":0,"bm":3,"ddd":0,"ind":2,"ip":76,"ks":{"a":{"a":0,"ix":1,"k":[270,480,0]},"o":{"a":0,"ix":11,"k":40},"p":{"a":0,"ix":2,"k":[270,480,0]},"r":{"a":0,"ix":10,"k":0},"s":{"a":0,"ix":6,"k":[100,100,100]}},"nm":"lvjing  all 3","op":327,"refId":"image_1","sr":1,"st":-8,"ty":2},{"ao":0,"bm":13,"ddd":0,"ind":3,"ip":76,"ks":{"a":{"a":0,"ix":1,"k":[270,480,0]},"o":{"a":0,"ix":11,"k":50.196},"p":{"a":0,"ix":2,"k":[270,480,0]},"r":{"a":0,"ix":10,"k":0},"s":{"a":0,"ix":6,"k":[100,100,100]}},"nm":"baohedu all 3","op":327,"refId":"image_2","sr":1,"st":-8,"ty":2}],"mu":["[8]split=2[color][alpha];[color]crop=iw\/2:ih:0:0[color];[alpha]crop=iw\/2:ih:iw\/2:0[alpha];[color][alpha]{pythonmerge}[ovrly];[0]scale=540:960,setsar=1,hue=s=0[0_scalled];[1]scale=540:960,setsar=1[1_scalled];[2]scale=540:960,setsar=1[2_scalled];[3]scale=530:453,setsar=1[3_scalled];[4]scale=540:960,setsar=1,hue=s=0[4_scalled];[5]scale=527:454,setsar=1[5_scalled];[6]scale=540:960,setsar=1[6_scalled];[7]scale=540:615,setsar=1,hue=s=0[7_scalled];[9][3_scalled]{pythono}=x=6:y=256[img1];[9][5_scalled]{pythono}=x=8:y=254[img2];[9][7_scalled]{pythono}=x=0:y=162[img3];[0_scalled][1_scalled][2_scalled][img1][4_scalled][img2][6_scalled][img3]concat=n=8:v=1:a=0,format=yuv420p[v4];[v4][ovrly]{pythono}=0:0"],"ke":["[8]split=2[color][alpha];[color]crop=iw\/2:ih:0:0[color];[alpha]crop=iw\/2:ih:iw\/2:0[alpha];[color][alpha]{pythonmerge}[ovrly];[0]scale=540:960,setsar=1,hue=s=0[0_scalled];[1]scale=540:960,setsar=1[1_scalled];[2]scale=540:960,setsar=1[2_scalled];[3]scale=530:453,setsar=1[3_scalled];[4]scale=540:960,setsar=1,hue=s=0[4_scalled];[5]scale=527:454,setsar=1[5_scalled];[6]scale=540:960,setsar=1[6_scalled];[7]scale=540:615,setsar=1,hue=s=0[7_scalled];[9][3_scalled]{pythono}=x=6:y=256[img1];[9][5_scalled]{pythono}=x=8:y=254[img2];[9][7_scalled]{pythono}=x=0:y=162[img3];[0_scalled][1_scalled][2_scalled][img1][4_scalled][img2][6_scalled][img3]concat=n=8:v=1:a=0,format=yuv420p[v4];[v4][ovrly]{pythono}=0:0[final_video]"],"sh":["-map","[final_video]","-map","10:a"]}