{
  "images": [
    {
      "name": "img_0.jpg",
      "w": 270,
      "h": 480,
      "prefix": [
        "-i"
      ],
      "postfix": [
      ]
    },
    {
      "name": "img_1.jpg",
      "w": 270,
      "h": 480,
      "prefix": [
        "-i"
      ],
      "postfix": [
      ]
    },
    {
      "name": "img_2.jpg",
      "w": 270,
      "h": 480,
      "prefix": [
        "-i"
      ],
      "postfix": [
      ]
    },
    {
      "name": "img_3.jpg",
      "w": 270,
      "h": 480,
      "prefix": [
        "-i"
      ],
      "postfix": [
      ]
    },
    {
      "name": "img_4.jpg",
      "w": 540,
      "h": 960,
      "prefix": [
        "-i"
      ],
      "postfix": [
      ]
    }
  ],
  "static_inputs": [
    {
      "name": "background_video.mp4",
      "prefix": [
        "-i"
      ],
      "postfix": [
      ]
    },
    {
      "name": "first.jpg",
      "prefix": [
        "-loop",
        "1",
        "-t",
        "17",
        "-i"
      ],
      "postfix": [
      ]
    }
  ],
  "video": {
    "h": 960,
    "w": 540,
    "duration": 17
  },
  "e": [],
  "m": [
    "-{pythoncomplex}"
  ],
  "r": [
    "[5]split=2[color][alpha];[color]crop=iw/2:ih:0:0[color];[alpha]crop=iw/2:ih:iw/2:0[alpha];[color][alpha]{pythonmerge}[ovrly];[0]scale=270:480,setsar=1[0_scalled_color];[0]scale=270:480,hue=s=0,setsar=1[0_scalled_black];[1]scale=270:480,setsar=1[1_scalled_color];[1]scale=270:480,hue=s=0,setsar=1[1_scalled_black];[2]scale=270:480,setsar=1[2_scalled_color];[2]scale=270:480,hue=s=0,setsar=1[2_scalled_black];[3]scale=270:480,setsar=1[3_scalled_color];[3]scale=270:480,hue=s=0,setsar=1[3_scalled_black];[4]scale=540:960,setsar=1[4_scalled_color];[4]scale=540:960,hue=s=0,setsar=1[4_scalled_black];[6:v][0_scalled_black]{pythono}=enable='between=(t,0,2.85)':x=0:y=0,{pythonf}=t=in:st=0:d=1[v0];[v0][0_scalled_color]{pythono}=enable='between=(t,2.85,9.29)':x=0:y=0[v1];[v1][1_scalled_black]{pythono}=enable='between=(t,0.4,4.04)':x=270:y=0[v2];[v2][1_scalled_color]{pythono}=enable='between=(t,4.04,9.29)':x=270:y=0[v3];[v3][2_scalled_black]{pythono}=enable='between=(t,0.4,5.19)':x=270:y=480[v4];[v4][2_scalled_color]{pythono}=enable='between=(t,5.19,9.29)':x=270:y=480[v5];[v5][3_scalled_black]{pythono}=enable='between=(t,0.4,6.56)':x=0:y=480[v6];[v6][3_scalled_color]{pythono}=enable='between=(t,6.56,9.30)':x=0:y=480[v7];[4_scalled_color]{pythonz}pan=z='if(lte({pythonz},1.0),1.3,max(1.001,{pythonz}-0.0006))':d=25*17:s=540x960,{pythonf}=t=in:st=0:d=1[video_0];[4_scalled_black]{pythonz}pan=z='if(lte({pythonz},1.0),1.3,max(1.001,{pythonz}-0.0006))':d=25*17:s=540x960,{pythonf}=t=in:st=0:d=1[video_1];[video_0][video_1]{pythono}=x='if(lte(mod(n,15),4),0,541)'[mix_video];[v7][mix_video]{pythono}=enable='between=(t,9.30,17)':x=0:y=0[v8];[v8][ovrly]{pythono}=0:0[base_video];[base_video][7]{pythono}=enable='between(t,0,8)':x=30:y=10[watermarked_part1];[watermarked_part1][7]{pythono}=enable='between(t,8,17)':x=(main_w-{pythono}_w-30):y=(main_h-{pythono}_h-30)"
  ],
  "i": [
    "[5]split=2[color][alpha];[color]crop=iw/2:ih:0:0[color];[alpha]crop=iw/2:ih:iw/2:0[alpha];[color][alpha]{pythonmerge}[ovrly];[0]scale=270:480,setsar=1[0_scalled_color];[0]scale=270:480,hue=s=0,setsar=1[0_scalled_black];[1]scale=270:480,setsar=1[1_scalled_color];[1]scale=270:480,hue=s=0,setsar=1[1_scalled_black];[2]scale=270:480,setsar=1[2_scalled_color];[2]scale=270:480,hue=s=0,setsar=1[2_scalled_black];[3]scale=270:480,setsar=1[3_scalled_color];[3]scale=270:480,hue=s=0,setsar=1[3_scalled_black];[4]scale=540:960,setsar=1[4_scalled_color];[4]scale=540:960,hue=s=0,setsar=1[4_scalled_black];[6:v][0_scalled_black]{pythono}=enable='between=(t,0,2.85)':x=0:y=0,{pythonf}=t=in:st=0:d=1[v0];[v0][0_scalled_color]{pythono}=enable='between=(t,2.85,9.29)':x=0:y=0[v1];[v1][1_scalled_black]{pythono}=enable='between=(t,0.4,4.04)':x=270:y=0[v2];[v2][1_scalled_color]{pythono}=enable='between=(t,4.04,9.29)':x=270:y=0[v3];[v3][2_scalled_black]{pythono}=enable='between=(t,0.4,5.19)':x=270:y=480[v4];[v4][2_scalled_color]{pythono}=enable='between=(t,5.19,9.29)':x=270:y=480[v5];[v5][3_scalled_black]{pythono}=enable='between=(t,0.4,6.56)':x=0:y=480[v6];[v6][3_scalled_color]{pythono}=enable='between=(t,6.56,9.30)':x=0:y=480[v7];[4_scalled_color]{pythonz}pan=z='if(lte({pythonz},1.0),1.3,max(1.001,{pythonz}-0.0006))':d=25*17:s=540x960,{pythonf}=t=in:st=0:d=1[video_0];[4_scalled_black]{pythonz}pan=z='if(lte({pythonz},1.0),1.3,max(1.001,{pythonz}-0.0006))':d=25*17:s=540x960,{pythonf}=t=in:st=0:d=1[video_1];[video_0][video_1]{pythono}=x='if(lte(mod(n,15),4),0,541)'[mix_video];[v7][mix_video]{pythono}=enable='between=(t,9.30,17)':x=0:y=0[v8];[v8][ovrly]{pythono}=0:0[base_video];[base_video][7]{pythono}=enable='between(t,0,8)':x=30:y=10[watermarked_part1];[watermarked_part1][7]{pythono}=enable='between(t,8,17)':x=(main_w-{pythono}_w-30):y=(main_h-{pythono}_h-30)[final_video]"
  ],
  "n": [],
  "g": [],
  "c": [],
  "o": [
    "-map",
    "[final_video]",
    "-map",
    "8:a"
  ],
  "d": [
    "-t",
    "17",
    "-strict",
    "-2"
  ],
  "s": [],
  "layers": [
    {
      "ao": 0,
      "bm": 1,
      "ddd": 0,
      "ind": 1,
      "ip": 0,
      "ks": {
        "a": {
          "a": 0,
          "ix": 1,
          "k": [
            270,
            480,
            0
          ]
        },
        "o": {
          "a": 0,
          "ix": 11,
          "k": 18.039
        },
        "p": {
          "a": 0,
          "ix": 2,
          "k": [
            270,
            480,
            0
          ]
        },
        "r": {
          "a": 0,
          "ix": 10,
          "k": 0
        },
        "s": {
          "a": 0,
          "ix": 6,
          "k": [
            100,
            100,
            100
          ]
        }
      },
      "nm": "all",
      "op": 327,
      "refId": "image_0",
      "sr": 1,
      "st": 0,
      "ty": 2
    },
    {
      "ao": 0,
      "bm": 3,
      "ddd": 0,
      "ind": 2,
      "ip": 76,
      "ks": {
        "a": {
          "a": 0,
          "ix": 1,
          "k": [
            270,
            480,
            0
          ]
        },
        "o": {
          "a": 0,
          "ix": 11,
          "k": 40
        },
        "p": {
          "a": 0,
          "ix": 2,
          "k": [
            270,
            480,
            0
          ]
        },
        "r": {
          "a": 0,
          "ix": 10,
          "k": 0
        },
        "s": {
          "a": 0,
          "ix": 6,
          "k": [
            100,
            100,
            100
          ]
        }
      },
      "nm": "lvjing  all 3",
      "op": 327,
      "refId": "image_1",
      "sr": 1,
      "st": -8,
      "ty": 2
    },
    {
      "ao": 0,
      "bm": 13,
      "ddd": 0,
      "ind": 3,
      "ip": 76,
      "ks": {
        "a": {
          "a": 0,
          "ix": 1,
          "k": [
            270,
            480,
            0
          ]
        },
        "o": {
          "a": 0,
          "ix": 11,
          "k": 50.196
        },
        "p": {
          "a": 0,
          "ix": 2,
          "k": [
            270,
            480,
            0
          ]
        },
        "r": {
          "a": 0,
          "ix": 10,
          "k": 0
        },
        "s": {
          "a": 0,
          "ix": 6,
          "k": [
            100,
            100,
            100
          ]
        }
      },
      "nm": "baohedu all 3",
      "op": 327,
      "refId": "image_2",
      "sr": 1,
      "st": -8,
      "ty": 2
    }
  ]
}