{
  "images": [
    {
      "name": "img_0.jpg",
      "w": 475,
      "h": 500,
      "prefix": [
        "-i"
      ],
      "postfix": [
      ]
    },
    {
      "name": "img_1.jpg",
      "w": 444,
      "h": 400,
      "prefix": [
        "-i"
      ],
      "postfix": [
      ]
    },
    {
      "name": "img_2.jpg",
      "w": 540,
      "h": 824,
      "prefix": [
        "-i"
      ],
      "postfix": [
      ]
    }
  ],
  "static_inputs": [
    {
      "name": "background_video.mp4",
      "prefix": [
        "-i"
      ],
      "postfix": [
      ]
    },
    {
      "name": "first.jpg",
      "prefix": [
        "-loop",
        "1",
        "-t",
        "20",
        "-i"
      ],
      "postfix": [
      ]
    }
  ],
  "video": {
    "h": 960,
    "w": 540,
    "duration": 20
  },
  "e": [],
  "m": [
    "-{pythoncomplex}"
  ],
  "r": [
    "[3]split=2[color][alpha];[color]crop=iw/2:ih:0:0[color];[alpha]crop=iw/2:ih:iw/2:0[alpha];[color][alpha]{pythonmerge}[ovrly];[0]scale=475:500,setsar=1[0_scalled];[1]scale=444:400,setsar=1[1_scalled];[2]scale=540:824,setsar=1[2_scalled];[4:v]fps=fps=30[bg];[bg][0_scalled]{pythono}=x=35:y='if(gte(n,0.10*30),960-(n-(30*0.10))*6.6,960)'[v0];[v0][1_scalled]{pythono}=x=54:y='if(gte(n,5*30),960-(n-(30*5))*5.5,960)'[v1];[v1][2_scalled]{pythono}=x=0:y='if(gte(n,(30*10.78)),max(960-(n-(30*10.78))*4,86),960)'[v2];[v2][ovrly]{pythono}=0:0[base_video];[base_video][5]{pythono}=enable='between(t,0,10)':x=30:y=30[watermarked_part1];[watermarked_part1][5]{pythono}=enable='between(t,10,20)':x=(main_w-{pythono}_w-30):y=(main_h-{pythono}_h-10)"
  ],
  "i": [
    "[3]split=2[color][alpha];[color]crop=iw/2:ih:0:0[color];[alpha]crop=iw/2:ih:iw/2:0[alpha];[color][alpha]{pythonmerge}[ovrly];[0]scale=475:500,setsar=1[0_scalled];[1]scale=444:400,setsar=1[1_scalled];[2]scale=540:824,setsar=1[2_scalled];[4:v]fps=fps=30[bg];[bg][0_scalled]{pythono}=x=35:y='if(gte(n,0.10*30),960-(n-(30*0.10))*6.6,960)'[v0];[v0][1_scalled]{pythono}=x=54:y='if(gte(n,5*30),960-(n-(30*5))*5.5,960)'[v1];[v1][2_scalled]{pythono}=x=0:y='if(gte(n,(30*10.78)),max(960-(n-(30*10.78))*4,86),960)'[v2];[v2][ovrly]{pythono}=0:0[base_video];[base_video][5]{pythono}=enable='between(t,0,10)':x=30:y=30[watermarked_part1];[watermarked_part1][5]{pythono}=enable='between(t,10,20)':x=(main_w-{pythono}_w-30):y=(main_h-{pythono}_h-10)[final_video]"
  ],
  "n": [],
  "g": [],
  "c": [],
  "o": [
    "-map",
    "[final_video]",
    "-map",
    "6:a"
  ],
  "d": [
    "-t",
    "20",
    "-strict",
    "-2"
  ],
  "s": [],
  "layers": [
    {
      "ao": 0,
      "bm": 1,
      "ddd": 0,
      "ind": 1,
      "ip": 0,
      "ks": {
        "a": {
          "a": 0,
          "ix": 1,
          "k": [
            270,
            480,
            0
          ]
        },
        "o": {
          "a": 0,
          "ix": 11,
          "k": 18.039
        },
        "p": {
          "a": 0,
          "ix": 2,
          "k": [
            270,
            480,
            0
          ]
        },
        "r": {
          "a": 0,
          "ix": 10,
          "k": 0
        },
        "s": {
          "a": 0,
          "ix": 6,
          "k": [
            100,
            100,
            100
          ]
        }
      },
      "nm": "all",
      "op": 327,
      "refId": "image_0",
      "sr": 1,
      "st": 0,
      "ty": 2
    },
    {
      "ao": 0,
      "bm": 3,
      "ddd": 0,
      "ind": 2,
      "ip": 76,
      "ks": {
        "a": {
          "a": 0,
          "ix": 1,
          "k": [
            270,
            480,
            0
          ]
        },
        "o": {
          "a": 0,
          "ix": 11,
          "k": 40
        },
        "p": {
          "a": 0,
          "ix": 2,
          "k": [
            270,
            480,
            0
          ]
        },
        "r": {
          "a": 0,
          "ix": 10,
          "k": 0
        },
        "s": {
          "a": 0,
          "ix": 6,
          "k": [
            100,
            100,
            100
          ]
        }
      },
      "nm": "lvjing  all 3",
      "op": 327,
      "refId": "image_1",
      "sr": 1,
      "st": -8,
      "ty": 2
    },
    {
      "ao": 0,
      "bm": 13,
      "ddd": 0,
      "ind": 3,
      "ip": 76,
      "ks": {
        "a": {
          "a": 0,
          "ix": 1,
          "k": [
            270,
            480,
            0
          ]
        },
        "o": {
          "a": 0,
          "ix": 11,
          "k": 50.196
        },
        "p": {
          "a": 0,
          "ix": 2,
          "k": [
            270,
            480,
            0
          ]
        },
        "r": {
          "a": 0,
          "ix": 10,
          "k": 0
        },
        "s": {
          "a": 0,
          "ix": 6,
          "k": [
            100,
            100,
            100
          ]
        }
      },
      "nm": "baohedu all 3",
      "op": 327,
      "refId": "image_2",
      "sr": 1,
      "st": -8,
      "ty": 2
    }
  ]
}