{
  "images":[
    {
      "name":"img_0.jpg",
      "w":510,
      "h":340,
      "prefix":[
        "-i"
      ],
      "postfix":[

      ]
    },
    {
      "name":"img_1.jpg",
      "w":510,
      "h":340,
      "prefix":[
        "-i"
      ],
      "postfix":[

      ]
    },
    {
      "name":"img_2.jpg",
      "w":510,
      "h":340,
      "prefix":[
        "-i"
      ],
      "postfix":[

      ]
    }
  ],
  "static_inputs":[
    {
      "name":"background_video.mp4",
      "prefix":[
        "-i"
      ],
      "postfix":[

      ]
    },
    {
      "name":"first.jpg",
      "prefix":[
        "-loop",
        "1",
        "-t",
        "29",
        "-i"
      ],
      "postfix":[

      ]
    }
  ],
  "video":{
    "w":540,
    "h":960,
    "duration":29
  },
  "e":[],
  "m":[
    "-{pythoncomplex}"
  ],
  "r":["[3]split=2[color][alpha];[color]crop=iw/2:ih:0:0[color];[alpha]crop=iw/2:ih:iw/2:0[alpha];[color][alpha]{pythonmerge}[ovrly];[0]scale=510:340[0_scalled];[1]scale=510:340[1_scalled];[2]scale=510:340[2_scalled];[4][0_scalled]{pythono}=enable='between=(t,1.4,6.57)':x=15:y=365[v1];[v1][1_scalled]{pythono}=enable='between=(t,6.57,12.79)':x=15:y=365[v2];[v2][2_scalled]{pythono}=enable='between=(t,12.79,22)':x=15:y=365[v3];[v3][ovrly]{pythono}=0:0[base_video];[base_video][5]{pythono}=enable='between(t,0,15)':x=30:y=30[watermarked_part1];[watermarked_part1][5]{pythono}=enable='between(t,15,29)':x=(main_w-{pythono}_w-30):y=(main_h-{pythono}_h-30)"],
  "i":["[3]split=2[color][alpha];[color]crop=iw/2:ih:0:0[color];[alpha]crop=iw/2:ih:iw/2:0[alpha];[color][alpha]{pythonmerge}[ovrly];[0]scale=510:340[0_scalled];[1]scale=510:340[1_scalled];[2]scale=510:340[2_scalled];[4][0_scalled]{pythono}=enable='between=(t,1.4,6.57)':x=15:y=365[v1];[v1][1_scalled]{pythono}=enable='between=(t,6.57,12.79)':x=15:y=365[v2];[v2][2_scalled]{pythono}=enable='between=(t,12.79,22)':x=15:y=365[v3];[v3][ovrly]{pythono}=0:0[base_video];[base_video][5]{pythono}=enable='between(t,0,15)':x=30:y=30[watermarked_part1];[watermarked_part1][5]{pythono}=enable='between(t,15,29)':x=(main_w-{pythono}_w-30):y=(main_h-{pythono}_h-30)[final_video]"],
  "n":[],
  "g":[],
  "c":[],
  "o":[
    "-map",
    "[final_video]",
    "-map",
    "6:a"
  ],
  "d":[
    "-t",
    "29"
  ],
  "s":[],
  "layers": [
    {
      "ao": 0,
      "bm": 1,
      "ddd": 0,
      "ind": 1,
      "ip": 0,
      "ks": {
        "a": {
          "a": 0,
          "ix": 1,
          "k": [
            270,
            480,
            0
          ]
        },
        "o": {
          "a": 0,
          "ix": 11,
          "k": 18.039
        },
        "p": {
          "a": 0,
          "ix": 2,
          "k": [
            270,
            480,
            0
          ]
        },
        "r": {
          "a": 0,
          "ix": 10,
          "k": 0
        },
        "s": {
          "a": 0,
          "ix": 6,
          "k": [
            100,
            100,
            100
          ]
        }
      },
      "nm": "all",
      "op": 327,
      "refId": "image_0",
      "sr": 1,
      "st": 0,
      "ty": 2
    },
    {
      "ao": 0,
      "bm": 3,
      "ddd": 0,
      "ind": 2,
      "ip": 76,
      "ks": {
        "a": {
          "a": 0,
          "ix": 1,
          "k": [
            270,
            480,
            0
          ]
        },
        "o": {
          "a": 0,
          "ix": 11,
          "k": 40
        },
        "p": {
          "a": 0,
          "ix": 2,
          "k": [
            270,
            480,
            0
          ]
        },
        "r": {
          "a": 0,
          "ix": 10,
          "k": 0
        },
        "s": {
          "a": 0,
          "ix": 6,
          "k": [
            100,
            100,
            100
          ]
        }
      },
      "nm": "lvjing  all 3",
      "op": 327,
      "refId": "image_1",
      "sr": 1,
      "st": -8,
      "ty": 2
    },
    {
      "ao": 0,
      "bm": 13,
      "ddd": 0,
      "ind": 3,
      "ip": 76,
      "ks": {
        "a": {
          "a": 0,
          "ix": 1,
          "k": [
            270,
            480,
            0
          ]
        },
        "o": {
          "a": 0,
          "ix": 11,
          "k": 50.196
        },
        "p": {
          "a": 0,
          "ix": 2,
          "k": [
            270,
            480,
            0
          ]
        },
        "r": {
          "a": 0,
          "ix": 10,
          "k": 0
        },
        "s": {
          "a": 0,
          "ix": 6,
          "k": [
            100,
            100,
            100
          ]
        }
      },
      "nm": "baohedu all 3",
      "op": 327,
      "refId": "image_2",
      "sr": 1,
      "st": -8,
      "ty": 2
    }
  ]
}