{
  "images": [
    {
      "name": "img_0.jpg",
      "w": 540,
      "h": 960,
      "prefix": [
        "-i"
      ],
      "postfix": [
      ]
    },
    {
      "name": "img_1.jpg",
      "w": 540,
      "h": 960,
      "prefix": [
        "-i"
      ],
      "postfix": [
      ]
    },
    {
      "name": "img_2.jpg",
      "w": 540,
      "h": 960,
      "prefix": [
        "-i"
      ],
      "postfix": [
      ]
    }
  ],
  "static_inputs": [
    {
      "name": "background_video.mp4",
      "prefix": [
        "-i"
      ],
      "postfix": [
      ]
    }
  ],
  "video": {
    "h": 960,
    "w": 540,
    "duration": 33
  },
  "e": [],
  "m": [
    "-{pythoncomplex}"
  ],
  "r": [
    "[3]split=2[color][alpha];[color]crop=iw/2:ih:0:0[color];[alpha]crop=iw/2:ih:iw/2:0[alpha];[color][alpha]{pythonmerge}[ovrly];[0]scale=540:960,setsar=1[0_scalled_color];[0]scale=540:960,hue=s=0,setsar=1[0_scalled_black];[1]scale=540:960,setsar=1[1_scalled_color];[1]scale=540:960,hue=s=0,setsar=1[1_scalled_black];[2]scale=540:960,setsar=1[2_scalled_color];[2]scale=540:960,hue=s=0,setsar=1[2_scalled_black];[0_scalled_color]{pythonz}pan=z=1:d=25*10.563:s=540x960,{pythonf}=t=in:st=0:d=1[v0];[0_scalled_black]{pythonz}pan=z=1:d=25*10.563:s=540x960,{pythonf}=t=in:st=0:d=1[v1];[1_scalled_color]{pythonz}pan=z=1:d=25*(21.811-10.563):s=540x960[v2];[1_scalled_black]{pythonz}pan=z=1:d=25*(21.811-10.563):s=540x960[v3];[2_scalled_color]{pythonz}pan=z=1:d=25*(33-21.811):s=540x960[v4];[2_scalled_black]{pythonz}pan=z=1:d=25*(33-21.811):s=540x960[v5];[v1][v0]{pythono}=x='if(lte(n,25*2.851),if(lte(mod(n,20),4),0,541),if(lte(n,25*3.851),0,if(lte(n,25*5.811),if(lte(mod(n,20),4),0,541),if(lte(n,25*9.101),0,if(lte(n,25*9.561),if(lte(mod(n,20),4),0,541),0)))))'[mix_video1];[v3][v2]{pythono}=x='if(lte(n,25*1.787),0,if(lte(n,25*3.707),if(lte(mod(n,20),4),0,541),if(lte(n,25*4.708),0,if(lte(n,25*6.558),if(lte(mod(n,20),4),0,541),if(lte(n,25*9.708),0,if(lte(mod(n,20),4),0,541))))))'[mix_video2];[v5][v4]{pythono}=x='if(lte(n,25*4.209),if(lte(mod(n,4),1),0,541),if(lte(n,25*4.709),0,if(lte(n,25*7.710),if(lte(mod(n,4),1),0,541),if(lte(n,25*8.209),0,if(lte(mod(n,4),1),0,541)))))'[mix_video3];[mix_video1][mix_video2][mix_video3]concat=n=3:v=1:a=0,format=yuv420p[concatenated_video];[concatenated_video][ovrly]{pythono}=0:0[base_video];[base_video][4]{pythono}=enable='between(t,0,17)':x=30:y=30[watermarked_part1];[watermarked_part1][4]{pythono}=enable='between(t,17,33)':x=(main_w-{pythono}_w-30):y=30"
  ],
  "i": [
    "[3]split=2[color][alpha];[color]crop=iw/2:ih:0:0[color];[alpha]crop=iw/2:ih:iw/2:0[alpha];[color][alpha]{pythonmerge}[ovrly];[0]scale=540:960,setsar=1[0_scalled_color];[0]scale=540:960,hue=s=0,setsar=1[0_scalled_black];[1]scale=540:960,setsar=1[1_scalled_color];[1]scale=540:960,hue=s=0,setsar=1[1_scalled_black];[2]scale=540:960,setsar=1[2_scalled_color];[2]scale=540:960,hue=s=0,setsar=1[2_scalled_black];[0_scalled_color]{pythonz}pan=z=1:d=25*10.563:s=540x960,{pythonf}=t=in:st=0:d=1[v0];[0_scalled_black]{pythonz}pan=z=1:d=25*10.563:s=540x960,{pythonf}=t=in:st=0:d=1[v1];[1_scalled_color]{pythonz}pan=z=1:d=25*(21.811-10.563):s=540x960[v2];[1_scalled_black]{pythonz}pan=z=1:d=25*(21.811-10.563):s=540x960[v3];[2_scalled_color]{pythonz}pan=z=1:d=25*(33-21.811):s=540x960[v4];[2_scalled_black]{pythonz}pan=z=1:d=25*(33-21.811):s=540x960[v5];[v1][v0]{pythono}=x='if(lte(n,25*2.851),if(lte(mod(n,20),4),0,541),if(lte(n,25*3.851),0,if(lte(n,25*5.811),if(lte(mod(n,20),4),0,541),if(lte(n,25*9.101),0,if(lte(n,25*9.561),if(lte(mod(n,20),4),0,541),0)))))'[mix_video1];[v3][v2]{pythono}=x='if(lte(n,25*1.787),0,if(lte(n,25*3.707),if(lte(mod(n,20),4),0,541),if(lte(n,25*4.708),0,if(lte(n,25*6.558),if(lte(mod(n,20),4),0,541),if(lte(n,25*9.708),0,if(lte(mod(n,20),4),0,541))))))'[mix_video2];[v5][v4]{pythono}=x='if(lte(n,25*4.209),if(lte(mod(n,4),1),0,541),if(lte(n,25*4.709),0,if(lte(n,25*7.710),if(lte(mod(n,4),1),0,541),if(lte(n,25*8.209),0,if(lte(mod(n,4),1),0,541)))))'[mix_video3];[mix_video1][mix_video2][mix_video3]concat=n=3:v=1:a=0,format=yuv420p[concatenated_video];[concatenated_video][ovrly]{pythono}=0:0[base_video];[base_video][4]{pythono}=enable='between(t,0,17)':x=30:y=30[watermarked_part1];[watermarked_part1][4]{pythono}=enable='between(t,17,33)':x=(main_w-{pythono}_w-30):y=30[final_video]"
  ],
  "n": [],
  "g": [],
  "c": [],
  "o": [
    "-map",
    "[final_video]",
    "-map",
    "5:a"
  ],
  "d": [
    "-t",
    "33",
    "-strict",
    "-2"
  ],
  "s": [],
  "layers": [
    {
      "ao": 0,
      "bm": 1,
      "ddd": 0,
      "ind": 1,
      "ip": 0,
      "ks": {
        "a": {
          "a": 0,
          "ix": 1,
          "k": [
            270,
            480,
            0
          ]
        },
        "o": {
          "a": 0,
          "ix": 11,
          "k": 18.039
        },
        "p": {
          "a": 0,
          "ix": 2,
          "k": [
            270,
            480,
            0
          ]
        },
        "r": {
          "a": 0,
          "ix": 10,
          "k": 0
        },
        "s": {
          "a": 0,
          "ix": 6,
          "k": [
            100,
            100,
            100
          ]
        }
      },
      "nm": "all",
      "op": 327,
      "refId": "image_0",
      "sr": 1,
      "st": 0,
      "ty": 2
    },
    {
      "ao": 0,
      "bm": 3,
      "ddd": 0,
      "ind": 2,
      "ip": 76,
      "ks": {
        "a": {
          "a": 0,
          "ix": 1,
          "k": [
            270,
            480,
            0
          ]
        },
        "o": {
          "a": 0,
          "ix": 11,
          "k": 40
        },
        "p": {
          "a": 0,
          "ix": 2,
          "k": [
            270,
            480,
            0
          ]
        },
        "r": {
          "a": 0,
          "ix": 10,
          "k": 0
        },
        "s": {
          "a": 0,
          "ix": 6,
          "k": [
            100,
            100,
            100
          ]
        }
      },
      "nm": "lvjing  all 3",
      "op": 327,
      "refId": "image_1",
      "sr": 1,
      "st": -8,
      "ty": 2
    },
    {
      "ao": 0,
      "bm": 13,
      "ddd": 0,
      "ind": 3,
      "ip": 76,
      "ks": {
        "a": {
          "a": 0,
          "ix": 1,
          "k": [
            270,
            480,
            0
          ]
        },
        "o": {
          "a": 0,
          "ix": 11,
          "k": 50.196
        },
        "p": {
          "a": 0,
          "ix": 2,
          "k": [
            270,
            480,
            0
          ]
        },
        "r": {
          "a": 0,
          "ix": 10,
          "k": 0
        },
        "s": {
          "a": 0,
          "ix": 6,
          "k": [
            100,
            100,
            100
          ]
        }
      },
      "nm": "baohedu all 3",
      "op": 327,
      "refId": "image_2",
      "sr": 1,
      "st": -8,
      "ty": 2
    }
  ]
}