{
  "images": [
    {
      "name": "img_0.jpg",
      "w": 540,
      "h": 960,
      "prefix": [
        "-i"
      ],
      "postfix": [
      ]
    }
  ],
  "static_inputs": [
    {
      "name": "background_video.mp4",
      "prefix": [
        "-i"
      ],
      "postfix": [
      ]
    }
  ],
  "video": {
    "h": 960,
    "w": 540,
    "duration": 11
  },
  "e": [],
  "m": [
    "-{pythoncomplex}"
  ],
  "r": [
    "[1]split=2[color][alpha];[color]crop=iw/2:ih:0:0[color];[alpha]crop=iw/2:ih:iw/2:0[alpha];[color][alpha]{pythonmerge}[ovrly];[0]scale=540:960,setsar=1,split=2[0_scalled_1][0_scalled_2];[0_scalled_2]scale=299:-1,setsar=1[1_scalled];[1_scalled]crop=299:345:0:0,hue=s=0[final_img_1];[0_scalled_1]{pythonz}pan=z=1:d=25*9.98:s=540x960,{pythonf}=t=in:st=0:d=0.4[v0];[v0][final_img_1]{pythono}=enable='between(t,0.4,5.350)':x=127:y=556[f1];[f1][ovrly]{pythono}=0:0[base_video];[base_video][2]{pythono}=enable='between(t,0,5)':x=30:y=30[watermarked_part1];[watermarked_part1][2]{pythono}=enable='between(t,5,11)':x=(main_w-{pythono}_w-30):y=(main_h-{pythono}_h-30)"
  ],
  "i": [
    "[1]split=2[color][alpha];[color]crop=iw/2:ih:0:0[color];[alpha]crop=iw/2:ih:iw/2:0[alpha];[color][alpha]{pythonmerge}[ovrly];[0]scale=540:960,setsar=1,split=2[0_scalled_1][0_scalled_2];[0_scalled_2]scale=299:-1,setsar=1[1_scalled];[1_scalled]crop=299:345:0:0,hue=s=0[final_img_1];[0_scalled_1]{pythonz}pan=z=1:d=25*9.98:s=540x960,{pythonf}=t=in:st=0:d=0.4[v0];[v0][final_img_1]{pythono}=enable='between(t,0.4,5.350)':x=127:y=556[f1];[f1][ovrly]{pythono}=0:0[base_video];[base_video][2]{pythono}=enable='between(t,0,5)':x=30:y=30[watermarked_part1];[watermarked_part1][2]{pythono}=enable='between(t,5,11)':x=(main_w-{pythono}_w-30):y=(main_h-{pythono}_h-30)[final_video]"
  ],
  "n": [],
  "g": [],
  "c": [],
  "o": [
    "-map",
    "[final_video]",
    "-map",
    "3:a"
  ],
  "d": [
    "-t",
    "11",
    "-strict",
    "-2"
  ],
  "s": [],
  "layers": [
    {
      "ao": 0,
      "bm": 1,
      "ddd": 0,
      "ind": 1,
      "ip": 0,
      "ks": {
        "a": {
          "a": 0,
          "ix": 1,
          "k": [
            270,
            480,
            0
          ]
        },
        "o": {
          "a": 0,
          "ix": 11,
          "k": 18.039
        },
        "p": {
          "a": 0,
          "ix": 2,
          "k": [
            270,
            480,
            0
          ]
        },
        "r": {
          "a": 0,
          "ix": 10,
          "k": 0
        },
        "s": {
          "a": 0,
          "ix": 6,
          "k": [
            100,
            100,
            100
          ]
        }
      },
      "nm": "all",
      "op": 327,
      "refId": "image_0",
      "sr": 1,
      "st": 0,
      "ty": 2
    },
    {
      "ao": 0,
      "bm": 3,
      "ddd": 0,
      "ind": 2,
      "ip": 76,
      "ks": {
        "a": {
          "a": 0,
          "ix": 1,
          "k": [
            270,
            480,
            0
          ]
        },
        "o": {
          "a": 0,
          "ix": 11,
          "k": 40
        },
        "p": {
          "a": 0,
          "ix": 2,
          "k": [
            270,
            480,
            0
          ]
        },
        "r": {
          "a": 0,
          "ix": 10,
          "k": 0
        },
        "s": {
          "a": 0,
          "ix": 6,
          "k": [
            100,
            100,
            100
          ]
        }
      },
      "nm": "lvjing  all 3",
      "op": 327,
      "refId": "image_1",
      "sr": 1,
      "st": -8,
      "ty": 2
    },
    {
      "ao": 0,
      "bm": 13,
      "ddd": 0,
      "ind": 3,
      "ip": 76,
      "ks": {
        "a": {
          "a": 0,
          "ix": 1,
          "k": [
            270,
            480,
            0
          ]
        },
        "o": {
          "a": 0,
          "ix": 11,
          "k": 50.196
        },
        "p": {
          "a": 0,
          "ix": 2,
          "k": [
            270,
            480,
            0
          ]
        },
        "r": {
          "a": 0,
          "ix": 10,
          "k": 0
        },
        "s": {
          "a": 0,
          "ix": 6,
          "k": [
            100,
            100,
            100
          ]
        }
      },
      "nm": "baohedu all 3",
      "op": 327,
      "refId": "image_2",
      "sr": 1,
      "st": -8,
      "ty": 2
    }
  ]
}