{
  "images":[
    {
      "name":"img_0.jpg",
      "w":540,
      "h":960,
      "prefix":[
        "-i"
      ],
      "postfix":[

      ]
    }
  ],
  "static_inputs":[
    {
      "name":"background_video.mp4",
      "prefix":[
        "-i"
      ],
      "postfix":[

      ]
    }
  ],
  "video":{
    "w":540,
    "h":960,
    "duration":30
  },
  "e":[],
  "m":[
    "-{pythoncomplex}"
  ],
  "r":["[1]split=2[color][alpha];[color]crop=iw/2:ih:0:0[color];[alpha]crop=iw/2:ih:iw/2:0[alpha];[color][alpha]{pythonmerge}[ovrly];[0]scale=540:960[0_scalled_color];[0]scale=540:960,hue=s=0[0_scalled_black];[0_scalled_color]{pythonz}pan=z='if(lte(on,25*20),1,if(lte(mod(on,10*25),5*25),if(lte(mod(on,4),1),{pythonz}+0.0200,{pythonz}-0.0200),if(lte(mod(on,4.1*25),3.8*25),1,if(lte(mod(on,8),3),{pythonz}+0.0500,{pythonz}-0.0500))))':x='iw/2-(iw/{pythonz})/2':y='ih/2-(ih/{pythonz})/2':d=25*30:s=540x960[v0];[0_scalled_black]{pythonz}pan=z='if(lte(on,25*20),1,if(lte(mod(on,10*25),5*25),if(lte(mod(on,4),1),{pythonz}+0.0200,{pythonz}-0.0200),if(lte(mod(on,4.1*25),3.8*25),1,if(lte(mod(on,8),3),{pythonz}+0.0500,{pythonz}-0.0500))))':x='iw/2-(iw/{pythonz})/2':y='ih/2-(ih/{pythonz})/2':d=25*30:s=540x960[v1];[v0][v1]{pythono}=x='if(lte(n,25*9),0,if(lte(n,25*25),if(lte(mod(n,4),1),541,0),0))'[mix_video];[mix_video][ovrly]{pythono}=0:0[base_video];[base_video][2]{pythono}=enable='between(t,0,15)':x=30:y=30[watermarked_part1];[watermarked_part1][2]{pythono}=enable='between(t,15,30)':x=(main_w-{pythono}_w-30):y=(main_h-{pythono}_h-30)"],
  "i":["[1]split=2[color][alpha];[color]crop=iw/2:ih:0:0[color];[alpha]crop=iw/2:ih:iw/2:0[alpha];[color][alpha]{pythonmerge}[ovrly];[0]scale=540:960[0_scalled_color];[0]scale=540:960,hue=s=0[0_scalled_black];[0_scalled_color]{pythonz}pan=z='if(lte(on,25*20),1,if(lte(mod(on,10*25),5*25),if(lte(mod(on,4),1),{pythonz}+0.0200,{pythonz}-0.0200),if(lte(mod(on,4.1*25),3.8*25),1,if(lte(mod(on,8),3),{pythonz}+0.0500,{pythonz}-0.0500))))':x='iw/2-(iw/{pythonz})/2':y='ih/2-(ih/{pythonz})/2':d=25*30:s=540x960[v0];[0_scalled_black]{pythonz}pan=z='if(lte(on,25*20),1,if(lte(mod(on,10*25),5*25),if(lte(mod(on,4),1),{pythonz}+0.0200,{pythonz}-0.0200),if(lte(mod(on,4.1*25),3.8*25),1,if(lte(mod(on,8),3),{pythonz}+0.0500,{pythonz}-0.0500))))':x='iw/2-(iw/{pythonz})/2':y='ih/2-(ih/{pythonz})/2':d=25*30:s=540x960[v1];[v0][v1]{pythono}=x='if(lte(n,25*9),0,if(lte(n,25*25),if(lte(mod(n,4),1),541,0),0))'[mix_video];[mix_video][ovrly]{pythono}=0:0[base_video];[base_video][2]{pythono}=enable='between(t,0,15)':x=30:y=30[watermarked_part1];[watermarked_part1][2]{pythono}=enable='between(t,15,30)':x=(main_w-{pythono}_w-30):y=(main_h-{pythono}_h-30)[final_video]"],
  "n":[],
  "g":[],
  "c":[],
  "o":[
    "-map",
    "[final_video]",
    "-map",
    "3:a"
  ],
  "d":[
    "-t",
    "30"
  ],
  "s":[],
  "layers": [
    {
      "ao": 0,
      "bm": 1,
      "ddd": 0,
      "ind": 1,
      "ip": 0,
      "ks": {
        "a": {
          "a": 0,
          "ix": 1,
          "k": [
            270,
            480,
            0
          ]
        },
        "o": {
          "a": 0,
          "ix": 11,
          "k": 18.039
        },
        "p": {
          "a": 0,
          "ix": 2,
          "k": [
            270,
            480,
            0
          ]
        },
        "r": {
          "a": 0,
          "ix": 10,
          "k": 0
        },
        "s": {
          "a": 0,
          "ix": 6,
          "k": [
            100,
            100,
            100
          ]
        }
      },
      "nm": "all",
      "op": 327,
      "refId": "image_0",
      "sr": 1,
      "st": 0,
      "ty": 2
    },
    {
      "ao": 0,
      "bm": 3,
      "ddd": 0,
      "ind": 2,
      "ip": 76,
      "ks": {
        "a": {
          "a": 0,
          "ix": 1,
          "k": [
            270,
            480,
            0
          ]
        },
        "o": {
          "a": 0,
          "ix": 11,
          "k": 40
        },
        "p": {
          "a": 0,
          "ix": 2,
          "k": [
            270,
            480,
            0
          ]
        },
        "r": {
          "a": 0,
          "ix": 10,
          "k": 0
        },
        "s": {
          "a": 0,
          "ix": 6,
          "k": [
            100,
            100,
            100
          ]
        }
      },
      "nm": "lvjing  all 3",
      "op": 327,
      "refId": "image_1",
      "sr": 1,
      "st": -8,
      "ty": 2
    },
    {
      "ao": 0,
      "bm": 13,
      "ddd": 0,
      "ind": 3,
      "ip": 76,
      "ks": {
        "a": {
          "a": 0,
          "ix": 1,
          "k": [
            270,
            480,
            0
          ]
        },
        "o": {
          "a": 0,
          "ix": 11,
          "k": 50.196
        },
        "p": {
          "a": 0,
          "ix": 2,
          "k": [
            270,
            480,
            0
          ]
        },
        "r": {
          "a": 0,
          "ix": 10,
          "k": 0
        },
        "s": {
          "a": 0,
          "ix": 6,
          "k": [
            100,
            100,
            100
          ]
        }
      },
      "nm": "baohedu all 3",
      "op": 327,
      "refId": "image_2",
      "sr": 1,
      "st": -8,
      "ty": 2
    }
  ]
}