{"images":[{"name":"img_0.jpg","w":540,"h":960,"prefix":["-i"],"postfix":[]},{"name":"img_1.jpg","w":540,"h":960,"prefix":["-i"],"postfix":[]},{"name":"img_2.jpg","w":540,"h":960,"prefix":["-i"],"postfix":[]},{"name":"img_3.jpg","w":540,"h":960,"prefix":["-i"],"postfix":[]},{"name":"img_4.jpg","w":540,"h":960,"prefix":["-i"],"postfix":[]},{"name":"img_5.jpg","w":540,"h":960,"prefix":["-i"],"postfix":[]},{"name":"img_6.jpg","w":540,"h":960,"prefix":["-i"],"postfix":[]}],"static_inputs":[{"name":"background_video.mp4","prefix":["-i"],"postfix":[]},{"name":"first.jpg","prefix":["-loop","1","-t","5.5","-i"],"postfix":[]}],"video":{"h":960,"w":540,"duration":5.5},"e":[],"m":["-{pythoncomplex}"],"r":["[7]split=2[color][alpha];[color]crop=iw\/2:ih:0:0[color];[alpha]crop=iw\/2:ih:iw\/2:0[alpha];[color][alpha]{pythonmerge}[ovrly];[0]scale=540:960,setsar=1,split=2[0_c_1][0_c_2];[1]scale=540:960,setsar=1,split=2[1_c_1][1_c_2];[2]scale=540:960,setsar=1,split=2[2_c_1][2_c_2];[3]scale=540:960,setsar=1[3_c_1];[4]scale=540:960,setsar=1,split=2[4_c_1][4_c_2];[5]scale=540:960,setsar=1,split=2[5_c_1][5_c_2];[6]scale=540:960,setsar=1,split=2[6_c_1][6_c_2];[0]scale=540:960,setsar=1,hue=s=0,split=2[0_b_1][0_b_2];[1]scale=540:960,setsar=1,hue=s=0,split=2[1_b_1][1_b_2];[2]scale=540:960,setsar=1,hue=s=0,split=2[2_b_1][2_b_2];[3]scale=540:960,setsar=1,hue=s=0[3_b_1];[4]scale=540:960,setsar=1,hue=s=0[4_b_1];[5]scale=540:960,setsar=1,hue=s=0,split=2[5_b_1][5_b_2];[6]scale=540:960,setsar=1,hue=s=0,split=2[6_b_1][6_b_2];[8:v][0_c_1]{pythono}=enable='between=(t,0,1.3)':x=0:y='if(gte(n,25*0.49),min(-960+(n-25*0.49)*180,0),-960)',{pythonf}=t=in:st=0:d=0.4[v1];[v1][1_c_1]{pythono}=enable='between=(t,1.30,1.37)'[v2];[v2][2_c_1]{pythono}=enable='between=(t,1.37,1.47)'[v3];[v3][3_c_1]{pythono}=enable='between=(t,1.47,1.57)'[v4];[v4][4_c_1]{pythono}=enable='between=(t,1.57,1.73)'[v5];[v5][5_c_1]{pythono}=enable='between=(t,1.73,1.87)'[v6];[v6][6_c_1]{pythono}=enable='between=(t,1.87,1.97)'[v7];[v7][0_c_2]{pythono}=enable='between=(t,1.97,2.10)'[v8];[v8][1_c_2]{pythono}=enable='between=(t,2.10,2.13)'[v9];[v9][2_c_2]{pythono}=enable='between=(t,2.13,2.36)'[v10];[v10][4_c_2]{pythono}=enable='between=(t,2.36,2.47)'[v11];[v11][5_c_2]{pythono}=enable='between=(t,2.47,2.63)'[v12];[v12][6_c_2]{pythono}=enable='between=(t,2.63,3.46)':x=0:y='if(gte(n,25*2.63),min(-960+(n-25*2.63)*180,0),-960)'[v13];[v13][0_b_1]{pythono}=enable='between=(t,3.46,3.57)'[v14];[v14][1_b_1]{pythono}=enable='between=(t,3.57,3.63)'[v15];[v15][2_b_1]{pythono}=enable='between=(t,3.63,3.76)'[v16];[v16][3_b_1]{pythono}=enable='between=(t,3.76,3.90)'[v17];[v17][4_b_1]{pythono}=enable='between=(t,3.90,3.93)'[v18];[v18][5_b_1]{pythono}=enable='between=(t,3.93,4.14)'[v19];[v19][6_b_1]{pythono}=enable='between=(t,4.14,4.17)'[v20];[v20][0_b_2]{pythono}=enable='between=(t,4.17,4.27)'[v21];[v21][1_b_2]{pythono}=enable='between=(t,4.27,4.47)'[v22];[v22][2_b_2]{pythono}=enable='between=(t,4.47,4.67)'[v23];[v23][5_b_2]{pythono}=enable='between=(t,4.67,4.75)'[v24];[v24][6_b_2]{pythono}=enable='between=(t,4.75,5.5)':x=0:y='if(gte(n,25*4.75),min(-960+(n-25*4.75)*180,0),-960)'[v25];[v25][ovrly]{pythono}=0:0[base_video];[base_video][9]{pythono}=enable='between(t,0,2.5)':x=30:y=30[watermarked_part1];[watermarked_part1][9]{pythono}=enable='between(t,2.5,5.5)':x=(main_w-{pythono}_w-30):y=30"],"i":["[7]split=2[color][alpha];[color]crop=iw\/2:ih:0:0[color];[alpha]crop=iw\/2:ih:iw\/2:0[alpha];[color][alpha]{pythonmerge}[ovrly];[0]scale=540:960,setsar=1,split=2[0_c_1][0_c_2];[1]scale=540:960,setsar=1,split=2[1_c_1][1_c_2];[2]scale=540:960,setsar=1,split=2[2_c_1][2_c_2];[3]scale=540:960,setsar=1[3_c_1];[4]scale=540:960,setsar=1,split=2[4_c_1][4_c_2];[5]scale=540:960,setsar=1,split=2[5_c_1][5_c_2];[6]scale=540:960,setsar=1,split=2[6_c_1][6_c_2];[0]scale=540:960,setsar=1,hue=s=0,split=2[0_b_1][0_b_2];[1]scale=540:960,setsar=1,hue=s=0,split=2[1_b_1][1_b_2];[2]scale=540:960,setsar=1,hue=s=0,split=2[2_b_1][2_b_2];[3]scale=540:960,setsar=1,hue=s=0[3_b_1];[4]scale=540:960,setsar=1,hue=s=0[4_b_1];[5]scale=540:960,setsar=1,hue=s=0,split=2[5_b_1][5_b_2];[6]scale=540:960,setsar=1,hue=s=0,split=2[6_b_1][6_b_2];[8:v][0_c_1]{pythono}=enable='between=(t,0,1.3)':x=0:y='if(gte(n,25*0.49),min(-960+(n-25*0.49)*180,0),-960)',{pythonf}=t=in:st=0:d=0.4[v1];[v1][1_c_1]{pythono}=enable='between=(t,1.30,1.37)'[v2];[v2][2_c_1]{pythono}=enable='between=(t,1.37,1.47)'[v3];[v3][3_c_1]{pythono}=enable='between=(t,1.47,1.57)'[v4];[v4][4_c_1]{pythono}=enable='between=(t,1.57,1.73)'[v5];[v5][5_c_1]{pythono}=enable='between=(t,1.73,1.87)'[v6];[v6][6_c_1]{pythono}=enable='between=(t,1.87,1.97)'[v7];[v7][0_c_2]{pythono}=enable='between=(t,1.97,2.10)'[v8];[v8][1_c_2]{pythono}=enable='between=(t,2.10,2.13)'[v9];[v9][2_c_2]{pythono}=enable='between=(t,2.13,2.36)'[v10];[v10][4_c_2]{pythono}=enable='between=(t,2.36,2.47)'[v11];[v11][5_c_2]{pythono}=enable='between=(t,2.47,2.63)'[v12];[v12][6_c_2]{pythono}=enable='between=(t,2.63,3.46)':x=0:y='if(gte(n,25*2.63),min(-960+(n-25*2.63)*180,0),-960)'[v13];[v13][0_b_1]{pythono}=enable='between=(t,3.46,3.57)'[v14];[v14][1_b_1]{pythono}=enable='between=(t,3.57,3.63)'[v15];[v15][2_b_1]{pythono}=enable='between=(t,3.63,3.76)'[v16];[v16][3_b_1]{pythono}=enable='between=(t,3.76,3.90)'[v17];[v17][4_b_1]{pythono}=enable='between=(t,3.90,3.93)'[v18];[v18][5_b_1]{pythono}=enable='between=(t,3.93,4.14)'[v19];[v19][6_b_1]{pythono}=enable='between=(t,4.14,4.17)'[v20];[v20][0_b_2]{pythono}=enable='between=(t,4.17,4.27)'[v21];[v21][1_b_2]{pythono}=enable='between=(t,4.27,4.47)'[v22];[v22][2_b_2]{pythono}=enable='between=(t,4.47,4.67)'[v23];[v23][5_b_2]{pythono}=enable='between=(t,4.67,4.75)'[v24];[v24][6_b_2]{pythono}=enable='between=(t,4.75,5.5)':x=0:y='if(gte(n,25*4.75),min(-960+(n-25*4.75)*180,0),-960)'[v25];[v25][ovrly]{pythono}=0:0[base_video];[base_video][9]{pythono}=enable='between(t,0,2.5)':x=30:y=30[watermarked_part1];[watermarked_part1][9]{pythono}=enable='between(t,2.5,5.5)':x=(main_w-{pythono}_w-30):y=30[final_video]"],"n":[],"g":[],"c":[],"o":["-map","[final_video]","-map","10:a"],"d":["-t","5.5","-strict","-2"],"s":[],"layers":[{"ao":0,"bm":1,"ddd":0,"ind":1,"ip":0,"ks":{"a":{"a":0,"ix":1,"k":[270,480,0]},"o":{"a":0,"ix":11,"k":18.039},"p":{"a":0,"ix":2,"k":[270,480,0]},"r":{"a":0,"ix":10,"k":0},"s":{"a":0,"ix":6,"k":[100,100,100]}},"nm":"all","op":327,"refId":"image_0","sr":1,"st":0,"ty":2},{"ao":0,"bm":3,"ddd":0,"ind":2,"ip":76,"ks":{"a":{"a":0,"ix":1,"k":[270,480,0]},"o":{"a":0,"ix":11,"k":40},"p":{"a":0,"ix":2,"k":[270,480,0]},"r":{"a":0,"ix":10,"k":0},"s":{"a":0,"ix":6,"k":[100,100,100]}},"nm":"lvjing  all 3","op":327,"refId":"image_1","sr":1,"st":-8,"ty":2},{"ao":0,"bm":13,"ddd":0,"ind":3,"ip":76,"ks":{"a":{"a":0,"ix":1,"k":[270,480,0]},"o":{"a":0,"ix":11,"k":50.196},"p":{"a":0,"ix":2,"k":[270,480,0]},"r":{"a":0,"ix":10,"k":0},"s":{"a":0,"ix":6,"k":[100,100,100]}},"nm":"baohedu all 3","op":327,"refId":"image_2","sr":1,"st":-8,"ty":2}],"mu":["[7]split=2[color][alpha];[color]crop=iw\/2:ih:0:0[color];[alpha]crop=iw\/2:ih:iw\/2:0[alpha];[color][alpha]{pythonmerge}[ovrly];[0]scale=540:960,setsar=1,split=2[0_c_1][0_c_2];[1]scale=540:960,setsar=1,split=2[1_c_1][1_c_2];[2]scale=540:960,setsar=1,split=2[2_c_1][2_c_2];[3]scale=540:960,setsar=1[3_c_1];[4]scale=540:960,setsar=1,split=2[4_c_1][4_c_2];[5]scale=540:960,setsar=1,split=2[5_c_1][5_c_2];[6]scale=540:960,setsar=1,split=2[6_c_1][6_c_2];[0]scale=540:960,setsar=1,hue=s=0,split=2[0_b_1][0_b_2];[1]scale=540:960,setsar=1,hue=s=0,split=2[1_b_1][1_b_2];[2]scale=540:960,setsar=1,hue=s=0,split=2[2_b_1][2_b_2];[3]scale=540:960,setsar=1,hue=s=0[3_b_1];[4]scale=540:960,setsar=1,hue=s=0[4_b_1];[5]scale=540:960,setsar=1,hue=s=0,split=2[5_b_1][5_b_2];[6]scale=540:960,setsar=1,hue=s=0,split=2[6_b_1][6_b_2];[8:v][0_c_1]{pythono}=enable='between=(t,0,1.3)':x=0:y='if(gte(n,25*0.49),min(-960+(n-25*0.49)*180,0),-960)',{pythonf}=t=in:st=0:d=0.4[v1];[v1][1_c_1]{pythono}=enable='between=(t,1.30,1.37)'[v2];[v2][2_c_1]{pythono}=enable='between=(t,1.37,1.47)'[v3];[v3][3_c_1]{pythono}=enable='between=(t,1.47,1.57)'[v4];[v4][4_c_1]{pythono}=enable='between=(t,1.57,1.73)'[v5];[v5][5_c_1]{pythono}=enable='between=(t,1.73,1.87)'[v6];[v6][6_c_1]{pythono}=enable='between=(t,1.87,1.97)'[v7];[v7][0_c_2]{pythono}=enable='between=(t,1.97,2.10)'[v8];[v8][1_c_2]{pythono}=enable='between=(t,2.10,2.13)'[v9];[v9][2_c_2]{pythono}=enable='between=(t,2.13,2.36)'[v10];[v10][4_c_2]{pythono}=enable='between=(t,2.36,2.47)'[v11];[v11][5_c_2]{pythono}=enable='between=(t,2.47,2.63)'[v12];[v12][6_c_2]{pythono}=enable='between=(t,2.63,3.46)':x=0:y='if(gte(n,25*2.63),min(-960+(n-25*2.63)*180,0),-960)'[v13];[v13][0_b_1]{pythono}=enable='between=(t,3.46,3.57)'[v14];[v14][1_b_1]{pythono}=enable='between=(t,3.57,3.63)'[v15];[v15][2_b_1]{pythono}=enable='between=(t,3.63,3.76)'[v16];[v16][3_b_1]{pythono}=enable='between=(t,3.76,3.90)'[v17];[v17][4_b_1]{pythono}=enable='between=(t,3.90,3.93)'[v18];[v18][5_b_1]{pythono}=enable='between=(t,3.93,4.14)'[v19];[v19][6_b_1]{pythono}=enable='between=(t,4.14,4.17)'[v20];[v20][0_b_2]{pythono}=enable='between=(t,4.17,4.27)'[v21];[v21][1_b_2]{pythono}=enable='between=(t,4.27,4.47)'[v22];[v22][2_b_2]{pythono}=enable='between=(t,4.47,4.67)'[v23];[v23][5_b_2]{pythono}=enable='between=(t,4.67,4.75)'[v24];[v24][6_b_2]{pythono}=enable='between=(t,4.75,5.5)':x=0:y='if(gte(n,25*4.75),min(-960+(n-25*4.75)*180,0),-960)'[v25];[v25][ovrly]{pythono}=0:0"],"ke":["[7]split=2[color][alpha];[color]crop=iw\/2:ih:0:0[color];[alpha]crop=iw\/2:ih:iw\/2:0[alpha];[color][alpha]{pythonmerge}[ovrly];[0]scale=540:960,setsar=1,split=2[0_c_1][0_c_2];[1]scale=540:960,setsar=1,split=2[1_c_1][1_c_2];[2]scale=540:960,setsar=1,split=2[2_c_1][2_c_2];[3]scale=540:960,setsar=1[3_c_1];[4]scale=540:960,setsar=1,split=2[4_c_1][4_c_2];[5]scale=540:960,setsar=1,split=2[5_c_1][5_c_2];[6]scale=540:960,setsar=1,split=2[6_c_1][6_c_2];[0]scale=540:960,setsar=1,hue=s=0,split=2[0_b_1][0_b_2];[1]scale=540:960,setsar=1,hue=s=0,split=2[1_b_1][1_b_2];[2]scale=540:960,setsar=1,hue=s=0,split=2[2_b_1][2_b_2];[3]scale=540:960,setsar=1,hue=s=0[3_b_1];[4]scale=540:960,setsar=1,hue=s=0[4_b_1];[5]scale=540:960,setsar=1,hue=s=0,split=2[5_b_1][5_b_2];[6]scale=540:960,setsar=1,hue=s=0,split=2[6_b_1][6_b_2];[8:v][0_c_1]{pythono}=enable='between=(t,0,1.3)':x=0:y='if(gte(n,25*0.49),min(-960+(n-25*0.49)*180,0),-960)',{pythonf}=t=in:st=0:d=0.4[v1];[v1][1_c_1]{pythono}=enable='between=(t,1.30,1.37)'[v2];[v2][2_c_1]{pythono}=enable='between=(t,1.37,1.47)'[v3];[v3][3_c_1]{pythono}=enable='between=(t,1.47,1.57)'[v4];[v4][4_c_1]{pythono}=enable='between=(t,1.57,1.73)'[v5];[v5][5_c_1]{pythono}=enable='between=(t,1.73,1.87)'[v6];[v6][6_c_1]{pythono}=enable='between=(t,1.87,1.97)'[v7];[v7][0_c_2]{pythono}=enable='between=(t,1.97,2.10)'[v8];[v8][1_c_2]{pythono}=enable='between=(t,2.10,2.13)'[v9];[v9][2_c_2]{pythono}=enable='between=(t,2.13,2.36)'[v10];[v10][4_c_2]{pythono}=enable='between=(t,2.36,2.47)'[v11];[v11][5_c_2]{pythono}=enable='between=(t,2.47,2.63)'[v12];[v12][6_c_2]{pythono}=enable='between=(t,2.63,3.46)':x=0:y='if(gte(n,25*2.63),min(-960+(n-25*2.63)*180,0),-960)'[v13];[v13][0_b_1]{pythono}=enable='between=(t,3.46,3.57)'[v14];[v14][1_b_1]{pythono}=enable='between=(t,3.57,3.63)'[v15];[v15][2_b_1]{pythono}=enable='between=(t,3.63,3.76)'[v16];[v16][3_b_1]{pythono}=enable='between=(t,3.76,3.90)'[v17];[v17][4_b_1]{pythono}=enable='between=(t,3.90,3.93)'[v18];[v18][5_b_1]{pythono}=enable='between=(t,3.93,4.14)'[v19];[v19][6_b_1]{pythono}=enable='between=(t,4.14,4.17)'[v20];[v20][0_b_2]{pythono}=enable='between=(t,4.17,4.27)'[v21];[v21][1_b_2]{pythono}=enable='between=(t,4.27,4.47)'[v22];[v22][2_b_2]{pythono}=enable='between=(t,4.47,4.67)'[v23];[v23][5_b_2]{pythono}=enable='between=(t,4.67,4.75)'[v24];[v24][6_b_2]{pythono}=enable='between=(t,4.75,5.5)':x=0:y='if(gte(n,25*4.75),min(-960+(n-25*4.75)*180,0),-960)'[v25];[v25][ovrly]{pythono}=0:0[final_video]"],"sh":["-map","[final_video]","-map","9:a"]}