{"images":[{"name":"img_0.jpg","w":540,"h":960,"prefix":["-i"],"postfix":[]},{"name":"img_1.jpg","w":540,"h":960,"prefix":["-i"],"postfix":[]},{"name":"img_2.jpg","w":540,"h":960,"prefix":["-i"],"postfix":[]},{"name":"img_3.jpg","w":540,"h":960,"prefix":["-i"],"postfix":[]},{"name":"img_4.jpg","w":540,"h":960,"prefix":["-i"],"postfix":[]},{"name":"img_5.jpg","w":540,"h":960,"prefix":["-i"],"postfix":[]},{"name":"img_6.jpg","w":540,"h":960,"prefix":["-i"],"postfix":[]},{"name":"img_7.jpg","w":540,"h":960,"prefix":["-i"],"postfix":[]},{"name":"img_8.jpg","w":540,"h":960,"prefix":["-i"],"postfix":[]},{"name":"img_9.jpg","w":540,"h":960,"prefix":["-i"],"postfix":[]}],"static_inputs":[{"name":"background_video.mp4","prefix":["-i"],"postfix":[]}],"video":{"w":540,"h":960,"duration":7},"e":[],"m":["-{pythoncomplex}"],"r":["[10]split=2[color][alpha];[color]crop=iw\/2:ih:0:0[color];[alpha]crop=iw\/2:ih:iw\/2:0[alpha];[color][alpha]{pythonmerge}[ovrly];[0]scale=540:960,setsar=1[0_scalled];[1]scale=540:960,setsar=1[1_scalled];[2]scale=540:960,setsar=1[2_scalled];[3]scale=540:960,setsar=1[3_scalled];[4]scale=540:960,setsar=1[4_scalled];[5]scale=540:960,setsar=1[5_scalled];[6]scale=540:960,setsar=1[6_scalled];[7]scale=540:960,setsar=1[7_scalled];[8]scale=540:960,setsar=1[8_scalled];[9]scale=540:960,setsar=1[9_scalled];[1]scale=540:960,setsar=1[10_scalled];[2]scale=540:960,setsar=1[11_scalled];[3]scale=540:960,setsar=1[12_scalled];[4]scale=540:960,setsar=1[13_scalled];[5]scale=540:960,setsar=1[14_scalled];[0_scalled]scale=iw*2:ih*2,{pythonz}pan=z='if(lte({pythonz},-1.0),1.2,min({pythonz}+0.0008,1.2))':d=25*2.98:s=540x960[v0];[1_scalled]scale=iw*2:ih*2,{pythonz}pan=z=1:d=25*(3.21-2.98):s=540x960[v1];[2_scalled]scale=iw*2:ih*2,{pythonz}pan=z=1:d=25*(3.47-3.21):s=540x960[v2];[3_scalled]scale=iw*2:ih*2,{pythonz}pan=z=1:d=25*(3.72-3.47):s=540x960[v3];[4_scalled]scale=iw*2:ih*2,{pythonz}pan=z=1:d=25*(4.02-3.72):s=540x960[v4];[5_scalled]scale=iw*2:ih*2,{pythonz}pan=z=1:d=25*(4.23-4.02):s=540x960[v5];[6_scalled]scale=iw*2:ih*2,{pythonz}pan=z=1:d=25*(4.47-4.23):s=540x960[v6];[7_scalled]scale=iw*2:ih*2,{pythonz}pan=z=1:d=25*(4.719-4.47):s=540x960[v7];[8_scalled]scale=iw*2:ih*2,{pythonz}pan=z=1:d=25*(4.97-4.719):s=540x960[v8];[9_scalled]scale=iw*2:ih*2,{pythonz}pan=z='if(lte({pythonz},-1.0),1.2,min({pythonz}+0.0008,1.2))':d=25*(5.918-4.97):s=540x960[v9];[10_scalled]scale=iw*2:ih*2,{pythonz}pan=z=1:d=25*(6.168-5.918):s=540x960[v10];[11_scalled]scale=iw*2:ih*2,{pythonz}pan=z=1:d=25*(6.41-6.168):s=540x960[v11];[12_scalled]scale=iw*2:ih*2,{pythonz}pan=z=1:d=25*(6.667-6.41):s=540x960[v12];[13_scalled]scale=iw*2:ih*2,{pythonz}pan=z=1:d=25*(6.97-6.667):s=540x960[v13];[14_scalled]scale=iw*2:ih*2,{pythonz}pan=z=1:d=25*(7-6.97):s=540x960[v14];[v0][v1][v2][v3][v4][v5][v6][v7][v8][v9][v10][v11][v12][v13][v14]concat=n=15:v=1:a=0,format=yuv420p[v15];[v15][ovrly]{pythono}=0:0[base_video];[base_video][11]{pythono}=enable='between(t,0,7)':x=(main_w-{pythono}_w-30):y=(main_h-{pythono}_h-30)"],"i":["[10]split=2[color][alpha];[color]crop=iw\/2:ih:0:0[color];[alpha]crop=iw\/2:ih:iw\/2:0[alpha];[color][alpha]{pythonmerge}[ovrly];[0]scale=540:960,setsar=1[0_scalled];[1]scale=540:960,setsar=1[1_scalled];[2]scale=540:960,setsar=1[2_scalled];[3]scale=540:960,setsar=1[3_scalled];[4]scale=540:960,setsar=1[4_scalled];[5]scale=540:960,setsar=1[5_scalled];[6]scale=540:960,setsar=1[6_scalled];[7]scale=540:960,setsar=1[7_scalled];[8]scale=540:960,setsar=1[8_scalled];[9]scale=540:960,setsar=1[9_scalled];[1]scale=540:960,setsar=1[10_scalled];[2]scale=540:960,setsar=1[11_scalled];[3]scale=540:960,setsar=1[12_scalled];[4]scale=540:960,setsar=1[13_scalled];[5]scale=540:960,setsar=1[14_scalled];[0_scalled]scale=iw*2:ih*2,{pythonz}pan=z='if(lte({pythonz},-1.0),1.2,min({pythonz}+0.0008,1.2))':d=25*2.98:s=540x960[v0];[1_scalled]scale=iw*2:ih*2,{pythonz}pan=z=1:d=25*(3.21-2.98):s=540x960[v1];[2_scalled]scale=iw*2:ih*2,{pythonz}pan=z=1:d=25*(3.47-3.21):s=540x960[v2];[3_scalled]scale=iw*2:ih*2,{pythonz}pan=z=1:d=25*(3.72-3.47):s=540x960[v3];[4_scalled]scale=iw*2:ih*2,{pythonz}pan=z=1:d=25*(4.02-3.72):s=540x960[v4];[5_scalled]scale=iw*2:ih*2,{pythonz}pan=z=1:d=25*(4.23-4.02):s=540x960[v5];[6_scalled]scale=iw*2:ih*2,{pythonz}pan=z=1:d=25*(4.47-4.23):s=540x960[v6];[7_scalled]scale=iw*2:ih*2,{pythonz}pan=z=1:d=25*(4.719-4.47):s=540x960[v7];[8_scalled]scale=iw*2:ih*2,{pythonz}pan=z=1:d=25*(4.97-4.719):s=540x960[v8];[9_scalled]scale=iw*2:ih*2,{pythonz}pan=z='if(lte({pythonz},-1.0),1.2,min({pythonz}+0.0008,1.2))':d=25*(5.918-4.97):s=540x960[v9];[10_scalled]scale=iw*2:ih*2,{pythonz}pan=z=1:d=25*(6.168-5.918):s=540x960[v10];[11_scalled]scale=iw*2:ih*2,{pythonz}pan=z=1:d=25*(6.41-6.168):s=540x960[v11];[12_scalled]scale=iw*2:ih*2,{pythonz}pan=z=1:d=25*(6.667-6.41):s=540x960[v12];[13_scalled]scale=iw*2:ih*2,{pythonz}pan=z=1:d=25*(6.97-6.667):s=540x960[v13];[14_scalled]scale=iw*2:ih*2,{pythonz}pan=z=1:d=25*(7-6.97):s=540x960[v14];[v0][v1][v2][v3][v4][v5][v6][v7][v8][v9][v10][v11][v12][v13][v14]concat=n=15:v=1:a=0,format=yuv420p[v15];[v15][ovrly]{pythono}=0:0[base_video];[base_video][11]{pythono}=enable='between(t,0,7)':x=(main_w-{pythono}_w-30):y=(main_h-{pythono}_h-30)[final_video]"],"n":[],"g":[],"c":[],"o":["-map","[final_video]","-map","12:a"],"d":["-t","7","-strict","-2"],"s":[],"layers":[{"ao":0,"bm":1,"ddd":0,"ind":1,"ip":0,"ks":{"a":{"a":0,"ix":1,"k":[270,480,0]},"o":{"a":0,"ix":11,"k":18.039},"p":{"a":0,"ix":2,"k":[270,480,0]},"r":{"a":0,"ix":10,"k":0},"s":{"a":0,"ix":6,"k":[100,100,100]}},"nm":"all","op":327,"refId":"image_0","sr":1,"st":0,"ty":2},{"ao":0,"bm":3,"ddd":0,"ind":2,"ip":76,"ks":{"a":{"a":0,"ix":1,"k":[270,480,0]},"o":{"a":0,"ix":11,"k":40},"p":{"a":0,"ix":2,"k":[270,480,0]},"r":{"a":0,"ix":10,"k":0},"s":{"a":0,"ix":6,"k":[100,100,100]}},"nm":"lvjing  all 3","op":327,"refId":"image_1","sr":1,"st":-8,"ty":2},{"ao":0,"bm":13,"ddd":0,"ind":3,"ip":76,"ks":{"a":{"a":0,"ix":1,"k":[270,480,0]},"o":{"a":0,"ix":11,"k":50.196},"p":{"a":0,"ix":2,"k":[270,480,0]},"r":{"a":0,"ix":10,"k":0},"s":{"a":0,"ix":6,"k":[100,100,100]}},"nm":"baohedu all 3","op":327,"refId":"image_2","sr":1,"st":-8,"ty":2}],"mu":["[10]split=2[color][alpha];[color]crop=iw\/2:ih:0:0[color];[alpha]crop=iw\/2:ih:iw\/2:0[alpha];[color][alpha]{pythonmerge}[ovrly];[0]scale=540:960,setsar=1[0_scalled];[1]scale=540:960,setsar=1[1_scalled];[2]scale=540:960,setsar=1[2_scalled];[3]scale=540:960,setsar=1[3_scalled];[4]scale=540:960,setsar=1[4_scalled];[5]scale=540:960,setsar=1[5_scalled];[6]scale=540:960,setsar=1[6_scalled];[7]scale=540:960,setsar=1[7_scalled];[8]scale=540:960,setsar=1[8_scalled];[9]scale=540:960,setsar=1[9_scalled];[1]scale=540:960,setsar=1[10_scalled];[2]scale=540:960,setsar=1[11_scalled];[3]scale=540:960,setsar=1[12_scalled];[4]scale=540:960,setsar=1[13_scalled];[5]scale=540:960,setsar=1[14_scalled];[0_scalled]scale=iw*2:ih*2,{pythonz}pan=z='if(lte({pythonz},-1.0),1.2,min({pythonz}+0.0008,1.2))':d=25*2.98:s=540x960[v0];[1_scalled]scale=iw*2:ih*2,{pythonz}pan=z=1:d=25*(3.21-2.98):s=540x960[v1];[2_scalled]scale=iw*2:ih*2,{pythonz}pan=z=1:d=25*(3.47-3.21):s=540x960[v2];[3_scalled]scale=iw*2:ih*2,{pythonz}pan=z=1:d=25*(3.72-3.47):s=540x960[v3];[4_scalled]scale=iw*2:ih*2,{pythonz}pan=z=1:d=25*(4.02-3.72):s=540x960[v4];[5_scalled]scale=iw*2:ih*2,{pythonz}pan=z=1:d=25*(4.23-4.02):s=540x960[v5];[6_scalled]scale=iw*2:ih*2,{pythonz}pan=z=1:d=25*(4.47-4.23):s=540x960[v6];[7_scalled]scale=iw*2:ih*2,{pythonz}pan=z=1:d=25*(4.719-4.47):s=540x960[v7];[8_scalled]scale=iw*2:ih*2,{pythonz}pan=z=1:d=25*(4.97-4.719):s=540x960[v8];[9_scalled]scale=iw*2:ih*2,{pythonz}pan=z='if(lte({pythonz},-1.0),1.2,min({pythonz}+0.0008,1.2))':d=25*(5.918-4.97):s=540x960[v9];[10_scalled]scale=iw*2:ih*2,{pythonz}pan=z=1:d=25*(6.168-5.918):s=540x960[v10];[11_scalled]scale=iw*2:ih*2,{pythonz}pan=z=1:d=25*(6.41-6.168):s=540x960[v11];[12_scalled]scale=iw*2:ih*2,{pythonz}pan=z=1:d=25*(6.667-6.41):s=540x960[v12];[13_scalled]scale=iw*2:ih*2,{pythonz}pan=z=1:d=25*(6.97-6.667):s=540x960[v13];[14_scalled]scale=iw*2:ih*2,{pythonz}pan=z=1:d=25*(7-6.97):s=540x960[v14];[v0][v1][v2][v3][v4][v5][v6][v7][v8][v9][v10][v11][v12][v13][v14]concat=n=15:v=1:a=0,format=yuv420p[v15];[v15][ovrly]{pythono}=0:0"],"ke":["[10]split=2[color][alpha];[color]crop=iw\/2:ih:0:0[color];[alpha]crop=iw\/2:ih:iw\/2:0[alpha];[color][alpha]{pythonmerge}[ovrly];[0]scale=540:960,setsar=1[0_scalled];[1]scale=540:960,setsar=1[1_scalled];[2]scale=540:960,setsar=1[2_scalled];[3]scale=540:960,setsar=1[3_scalled];[4]scale=540:960,setsar=1[4_scalled];[5]scale=540:960,setsar=1[5_scalled];[6]scale=540:960,setsar=1[6_scalled];[7]scale=540:960,setsar=1[7_scalled];[8]scale=540:960,setsar=1[8_scalled];[9]scale=540:960,setsar=1[9_scalled];[1]scale=540:960,setsar=1[10_scalled];[2]scale=540:960,setsar=1[11_scalled];[3]scale=540:960,setsar=1[12_scalled];[4]scale=540:960,setsar=1[13_scalled];[5]scale=540:960,setsar=1[14_scalled];[0_scalled]scale=iw*2:ih*2,{pythonz}pan=z='if(lte({pythonz},-1.0),1.2,min({pythonz}+0.0008,1.2))':d=25*2.98:s=540x960[v0];[1_scalled]scale=iw*2:ih*2,{pythonz}pan=z=1:d=25*(3.21-2.98):s=540x960[v1];[2_scalled]scale=iw*2:ih*2,{pythonz}pan=z=1:d=25*(3.47-3.21):s=540x960[v2];[3_scalled]scale=iw*2:ih*2,{pythonz}pan=z=1:d=25*(3.72-3.47):s=540x960[v3];[4_scalled]scale=iw*2:ih*2,{pythonz}pan=z=1:d=25*(4.02-3.72):s=540x960[v4];[5_scalled]scale=iw*2:ih*2,{pythonz}pan=z=1:d=25*(4.23-4.02):s=540x960[v5];[6_scalled]scale=iw*2:ih*2,{pythonz}pan=z=1:d=25*(4.47-4.23):s=540x960[v6];[7_scalled]scale=iw*2:ih*2,{pythonz}pan=z=1:d=25*(4.719-4.47):s=540x960[v7];[8_scalled]scale=iw*2:ih*2,{pythonz}pan=z=1:d=25*(4.97-4.719):s=540x960[v8];[9_scalled]scale=iw*2:ih*2,{pythonz}pan=z='if(lte({pythonz},-1.0),1.2,min({pythonz}+0.0008,1.2))':d=25*(5.918-4.97):s=540x960[v9];[10_scalled]scale=iw*2:ih*2,{pythonz}pan=z=1:d=25*(6.168-5.918):s=540x960[v10];[11_scalled]scale=iw*2:ih*2,{pythonz}pan=z=1:d=25*(6.41-6.168):s=540x960[v11];[12_scalled]scale=iw*2:ih*2,{pythonz}pan=z=1:d=25*(6.667-6.41):s=540x960[v12];[13_scalled]scale=iw*2:ih*2,{pythonz}pan=z=1:d=25*(6.97-6.667):s=540x960[v13];[14_scalled]scale=iw*2:ih*2,{pythonz}pan=z=1:d=25*(7-6.97):s=540x960[v14];[v0][v1][v2][v3][v4][v5][v6][v7][v8][v9][v10][v11][v12][v13][v14]concat=n=15:v=1:a=0,format=yuv420p[v15];[v15][ovrly]{pythono}=0:0[final_video]"],"sh":["-map","[final_video]","-map","11:a"]}