{
  "images":[
    {
      "name":"img_0.jpg",
      "w":540,
      "h":650,
      "prefix":[
        "-i"
      ],
      "postfix":[

      ]
    },
    {
      "name":"img_1.jpg",
      "w":540,
      "h":650,
      "prefix":[
        "-i"
      ],
      "postfix":[

      ]
    },{
      "name":"img_2.jpg",
      "w":540,
      "h":650,
      "prefix":[
        "-i"
      ],
      "postfix":[

      ]
    },
    {
      "name":"img_3.jpg",
      "w":540,
      "h":650,
      "prefix":[
        "-i"
      ],
      "postfix":[

      ]
    },
    {
      "name":"img_4.jpg",
      "w":540,
      "h":650,
      "prefix":[
        "-i"
      ],
      "postfix":[

      ]
    },
    {
      "name":"img_5.jpg",
      "w":540,
      "h":650,
      "prefix":[
        "-i"
      ],
      "postfix":[

      ]
    },
    {
      "name":"img_6.jpg",
      "w":540,
      "h":650,
      "prefix":[
        "-i"
      ],
      "postfix":[

      ]
    }
  ],
  "static_inputs":[
    {
      "name":"background_video.mp4",
      "prefix":[
        "-i"
      ],
      "postfix":[

      ]
    },
    {
      "name":"first.jpg",
      "prefix":[
        "-loop",
        "1",
        "-t",
        "30",
        "-i"
      ],
      "postfix":[

      ]
    }
  ],
  "video":{
    "w":540,
    "h":960,
    "duration":30
  },
  "e":[],
  "m":[
    "-{pythoncomplex}"
  ],
  "r":["[7]split=2[color][alpha]; [color]crop=iw/2:ih:0:0[color]; [alpha]crop=iw/2:ih:iw/2:0[alpha]; [color][alpha]{pythonmerge}[ovrly]; [0]scale=540:650[0_scalled]; [1]scale=540:650[1_scalled]; [2]scale=540:650[2_scalled]; [3]scale=540:650[3_scalled]; [4]scale=540:650[4_scalled]; [5]scale=540:650[5_scalled]; [6]scale=540:650[6_scalled]; [8:v][0_scalled]{pythono}=enable='between=(t,0.3,3.3)':x=0:y=160[v1]; [v1][1_scalled]{pythono}=enable='between=(t,3.3,6.8)':x=0:y=160[v2]; [v2][2_scalled]{pythono}=enable='between=(t,6.8,11.2)':x=0:y=160[v3]; [v3][3_scalled]{pythono}=enable='between=(t,11.2,15.8)':x=0:y=160[v4]; [v4][4_scalled]{pythono}=enable='between=(t,15.8,19.8)':x=0:y=160[v5]; [v5][5_scalled]{pythono}=enable='between=(t,19.8,25.3)':x=0:y=160[v6]; [v6][6_scalled]{pythono}=enable='between=(t,25.3,30)':x=0:y=160[v7]; [v7][ovrly]{pythono}=0:0[base_video]; [base_video][9]{pythono}=enable='between(t,0,15)':x=30:y=30[watermarked_part1]; [watermarked_part1][9]{pythono}=enable='between(t,15,30)':x=(main_w-{pythono}_w-30):y=30"],
  "i":["[7]split=2[color][alpha]; [color]crop=iw/2:ih:0:0[color]; [alpha]crop=iw/2:ih:iw/2:0[alpha]; [color][alpha]{pythonmerge}[ovrly]; [0]scale=540:650[0_scalled]; [1]scale=540:650[1_scalled]; [2]scale=540:650[2_scalled]; [3]scale=540:650[3_scalled]; [4]scale=540:650[4_scalled]; [5]scale=540:650[5_scalled]; [6]scale=540:650[6_scalled]; [8:v][0_scalled]{pythono}=enable='between=(t,0.3,3.3)':x=0:y=160[v1]; [v1][1_scalled]{pythono}=enable='between=(t,3.3,6.8)':x=0:y=160[v2]; [v2][2_scalled]{pythono}=enable='between=(t,6.8,11.2)':x=0:y=160[v3]; [v3][3_scalled]{pythono}=enable='between=(t,11.2,15.8)':x=0:y=160[v4]; [v4][4_scalled]{pythono}=enable='between=(t,15.8,19.8)':x=0:y=160[v5]; [v5][5_scalled]{pythono}=enable='between=(t,19.8,25.3)':x=0:y=160[v6]; [v6][6_scalled]{pythono}=enable='between=(t,25.3,30)':x=0:y=160[v7]; [v7][ovrly]{pythono}=0:0[base_video]; [base_video][9]{pythono}=enable='between(t,0,15)':x=30:y=30[watermarked_part1]; [watermarked_part1][9]{pythono}=enable='between(t,15,30)':x=(main_w-{pythono}_w-30):y=30[final_video]"],
  "n":[],
  "g":[],
  "c":[],
  "o":[
    "-map",
    "[final_video]",
    "-map",
    "10:a"
  ],
  "d":[
    "-t",
    "30"
  ],
  "s":[],
  "layers": [
    {
      "ao": 0,
      "bm": 1,
      "ddd": 0,
      "ind": 1,
      "ip": 0,
      "ks": {
        "a": {
          "a": 0,
          "ix": 1,
          "k": [
            270,
            480,
            0
          ]
        },
        "o": {
          "a": 0,
          "ix": 11,
          "k": 18.039
        },
        "p": {
          "a": 0,
          "ix": 2,
          "k": [
            270,
            480,
            0
          ]
        },
        "r": {
          "a": 0,
          "ix": 10,
          "k": 0
        },
        "s": {
          "a": 0,
          "ix": 6,
          "k": [
            100,
            100,
            100
          ]
        }
      },
      "nm": "all",
      "op": 327,
      "refId": "image_0",
      "sr": 1,
      "st": 0,
      "ty": 2
    },
    {
      "ao": 0,
      "bm": 3,
      "ddd": 0,
      "ind": 2,
      "ip": 76,
      "ks": {
        "a": {
          "a": 0,
          "ix": 1,
          "k": [
            270,
            480,
            0
          ]
        },
        "o": {
          "a": 0,
          "ix": 11,
          "k": 40
        },
        "p": {
          "a": 0,
          "ix": 2,
          "k": [
            270,
            480,
            0
          ]
        },
        "r": {
          "a": 0,
          "ix": 10,
          "k": 0
        },
        "s": {
          "a": 0,
          "ix": 6,
          "k": [
            100,
            100,
            100
          ]
        }
      },
      "nm": "lvjing  all 3",
      "op": 327,
      "refId": "image_1",
      "sr": 1,
      "st": -8,
      "ty": 2
    },
    {
      "ao": 0,
      "bm": 13,
      "ddd": 0,
      "ind": 3,
      "ip": 76,
      "ks": {
        "a": {
          "a": 0,
          "ix": 1,
          "k": [
            270,
            480,
            0
          ]
        },
        "o": {
          "a": 0,
          "ix": 11,
          "k": 50.196
        },
        "p": {
          "a": 0,
          "ix": 2,
          "k": [
            270,
            480,
            0
          ]
        },
        "r": {
          "a": 0,
          "ix": 10,
          "k": 0
        },
        "s": {
          "a": 0,
          "ix": 6,
          "k": [
            100,
            100,
            100
          ]
        }
      },
      "nm": "baohedu all 3",
      "op": 327,
      "refId": "image_2",
      "sr": 1,
      "st": -8,
      "ty": 2
    }
  ]
}