{"images":[{"name":"img_0.jpg","w":540,"h":719,"prefix":["-i"],"postfix":[]},{"name":"img_1.jpg","w":540,"h":719,"prefix":["-i"],"postfix":[]},{"name":"img_2.jpg","w":540,"h":719,"prefix":["-i"],"postfix":[]},{"name":"img_3.jpg","w":540,"h":719,"prefix":["-i"],"postfix":[]}],"static_inputs":[{"name":"background_video.mp4","prefix":["-i"],"postfix":[]},{"name":"first.jpg","prefix":["-i"],"postfix":[]}],"video":{"w":540,"h":960,"duration":28},"e":[],"m":["-{pythoncomplex}"],"r":["[4]split=2[color][alpha];[color]crop=iw\/2:ih:0:0[color];[alpha]crop=iw\/2:ih:iw\/2:0[alpha];[color][alpha]{pythonmerge}[ovrly];[0]scale=540:719,setsar=1[0_scalled];[1]scale=540:719,setsar=1[1_scalled];[2]scale=540:719,setsar=1[2_scalled];[3]scale=540:719,setsar=1[3_scalled];[5][0_scalled]{pythono}=x=0:y=136[base_img_1];[5][1_scalled]{pythono}=x=0:y=136[base_img_2];[5][2_scalled]{pythono}=x=0:y=136[base_img_3];[5][3_scalled]{pythono}=x=0:y=136[base_img_4];[base_img_1]scale=iw*2:ih*2,{pythonz}pan=z='if(lte({pythonz},-1.0),1.2,min({pythonz}+0.0006,1.2))':d=25*5.042:s=540x960,{pythonf}=t=in:st=0:d=0.4[v0];[base_img_2]scale=iw*2:ih*2,{pythonz}pan=z='if(lte({pythonz},1.0),1.2,max(1.001,{pythonz}-0.0007))':d=25*(14.026-5.042):s=540x960[v1];[base_img_3]scale=iw*2:ih*2,{pythonz}pan=z='if(lte({pythonz},-1.0),1.2,min({pythonz}+0.0006,1.2))':d=25*(23.152-14.026):s=540x960[v2];[base_img_4]scale=iw*2:ih*2,{pythonz}pan=z='if(lte({pythonz},1.0),1.2,max(1.001,{pythonz}-0.0007))':d=25*(28-23.152):s=540x960[v3];[v0][v1][v2][v3]concat=n=4:v=1:a=0,format=yuv420p[concatenated_video];[concatenated_video][ovrly]{pythono}=0:0[base_video];[base_video][6]{pythono}=enable='between(t,0,14)':x=30:y=30[watermarked_part1];[watermarked_part1][6]{pythono}=enable='between(t,14,28)':x=(main_w-{pythono}_w-30):y=(main_h-{pythono}_h-30)"],"i":["[4]split=2[color][alpha];[color]crop=iw\/2:ih:0:0[color];[alpha]crop=iw\/2:ih:iw\/2:0[alpha];[color][alpha]{pythonmerge}[ovrly];[0]scale=540:719,setsar=1[0_scalled];[1]scale=540:719,setsar=1[1_scalled];[2]scale=540:719,setsar=1[2_scalled];[3]scale=540:719,setsar=1[3_scalled];[5][0_scalled]{pythono}=x=0:y=136[base_img_1];[5][1_scalled]{pythono}=x=0:y=136[base_img_2];[5][2_scalled]{pythono}=x=0:y=136[base_img_3];[5][3_scalled]{pythono}=x=0:y=136[base_img_4];[base_img_1]scale=iw*2:ih*2,{pythonz}pan=z='if(lte({pythonz},-1.0),1.2,min({pythonz}+0.0006,1.2))':d=25*5.042:s=540x960,{pythonf}=t=in:st=0:d=0.4[v0];[base_img_2]scale=iw*2:ih*2,{pythonz}pan=z='if(lte({pythonz},1.0),1.2,max(1.001,{pythonz}-0.0007))':d=25*(14.026-5.042):s=540x960[v1];[base_img_3]scale=iw*2:ih*2,{pythonz}pan=z='if(lte({pythonz},-1.0),1.2,min({pythonz}+0.0006,1.2))':d=25*(23.152-14.026):s=540x960[v2];[base_img_4]scale=iw*2:ih*2,{pythonz}pan=z='if(lte({pythonz},1.0),1.2,max(1.001,{pythonz}-0.0007))':d=25*(28-23.152):s=540x960[v3];[v0][v1][v2][v3]concat=n=4:v=1:a=0,format=yuv420p[concatenated_video];[concatenated_video][ovrly]{pythono}=0:0[base_video];[base_video][6]{pythono}=enable='between(t,0,14)':x=30:y=30[watermarked_part1];[watermarked_part1][6]{pythono}=enable='between(t,14,28)':x=(main_w-{pythono}_w-30):y=(main_h-{pythono}_h-30)[final_video]"],"n":[],"g":[],"c":[],"o":["-map","[final_video]","-map","7:a"],"d":["-t","28","-strict","-2"],"s":[],"layers":[{"ao":0,"bm":1,"ddd":0,"ind":1,"ip":0,"ks":{"a":{"a":0,"ix":1,"k":[270,480,0]},"o":{"a":0,"ix":11,"k":18.039},"p":{"a":0,"ix":2,"k":[270,480,0]},"r":{"a":0,"ix":10,"k":0},"s":{"a":0,"ix":6,"k":[100,100,100]}},"nm":"all","op":327,"refId":"image_0","sr":1,"st":0,"ty":2},{"ao":0,"bm":3,"ddd":0,"ind":2,"ip":76,"ks":{"a":{"a":0,"ix":1,"k":[270,480,0]},"o":{"a":0,"ix":11,"k":40},"p":{"a":0,"ix":2,"k":[270,480,0]},"r":{"a":0,"ix":10,"k":0},"s":{"a":0,"ix":6,"k":[100,100,100]}},"nm":"lvjing  all 3","op":327,"refId":"image_1","sr":1,"st":-8,"ty":2},{"ao":0,"bm":13,"ddd":0,"ind":3,"ip":76,"ks":{"a":{"a":0,"ix":1,"k":[270,480,0]},"o":{"a":0,"ix":11,"k":50.196},"p":{"a":0,"ix":2,"k":[270,480,0]},"r":{"a":0,"ix":10,"k":0},"s":{"a":0,"ix":6,"k":[100,100,100]}},"nm":"baohedu all 3","op":327,"refId":"image_2","sr":1,"st":-8,"ty":2}],"mu":["[4]split=2[color][alpha];[color]crop=iw\/2:ih:0:0[color];[alpha]crop=iw\/2:ih:iw\/2:0[alpha];[color][alpha]{pythonmerge}[ovrly];[0]scale=540:719,setsar=1[0_scalled];[1]scale=540:719,setsar=1[1_scalled];[2]scale=540:719,setsar=1[2_scalled];[3]scale=540:719,setsar=1[3_scalled];[5][0_scalled]{pythono}=x=0:y=136[base_img_1];[5][1_scalled]{pythono}=x=0:y=136[base_img_2];[5][2_scalled]{pythono}=x=0:y=136[base_img_3];[5][3_scalled]{pythono}=x=0:y=136[base_img_4];[base_img_1]scale=iw*2:ih*2,{pythonz}pan=z='if(lte({pythonz},-1.0),1.2,min({pythonz}+0.0006,1.2))':d=25*5.042:s=540x960,{pythonf}=t=in:st=0:d=0.4[v0];[base_img_2]scale=iw*2:ih*2,{pythonz}pan=z='if(lte({pythonz},1.0),1.2,max(1.001,{pythonz}-0.0007))':d=25*(14.026-5.042):s=540x960[v1];[base_img_3]scale=iw*2:ih*2,{pythonz}pan=z='if(lte({pythonz},-1.0),1.2,min({pythonz}+0.0006,1.2))':d=25*(23.152-14.026):s=540x960[v2];[base_img_4]scale=iw*2:ih*2,{pythonz}pan=z='if(lte({pythonz},1.0),1.2,max(1.001,{pythonz}-0.0007))':d=25*(28-23.152):s=540x960[v3];[v0][v1][v2][v3]concat=n=4:v=1:a=0,format=yuv420p[concatenated_video];[concatenated_video][ovrly]{pythono}=0:0"],"ke":["[4]split=2[color][alpha];[color]crop=iw\/2:ih:0:0[color];[alpha]crop=iw\/2:ih:iw\/2:0[alpha];[color][alpha]{pythonmerge}[ovrly];[0]scale=540:719,setsar=1[0_scalled];[1]scale=540:719,setsar=1[1_scalled];[2]scale=540:719,setsar=1[2_scalled];[3]scale=540:719,setsar=1[3_scalled];[5][0_scalled]{pythono}=x=0:y=136[base_img_1];[5][1_scalled]{pythono}=x=0:y=136[base_img_2];[5][2_scalled]{pythono}=x=0:y=136[base_img_3];[5][3_scalled]{pythono}=x=0:y=136[base_img_4];[base_img_1]scale=iw*2:ih*2,{pythonz}pan=z='if(lte({pythonz},-1.0),1.2,min({pythonz}+0.0006,1.2))':d=25*5.042:s=540x960,{pythonf}=t=in:st=0:d=0.4[v0];[base_img_2]scale=iw*2:ih*2,{pythonz}pan=z='if(lte({pythonz},1.0),1.2,max(1.001,{pythonz}-0.0007))':d=25*(14.026-5.042):s=540x960[v1];[base_img_3]scale=iw*2:ih*2,{pythonz}pan=z='if(lte({pythonz},-1.0),1.2,min({pythonz}+0.0006,1.2))':d=25*(23.152-14.026):s=540x960[v2];[base_img_4]scale=iw*2:ih*2,{pythonz}pan=z='if(lte({pythonz},1.0),1.2,max(1.001,{pythonz}-0.0007))':d=25*(28-23.152):s=540x960[v3];[v0][v1][v2][v3]concat=n=4:v=1:a=0,format=yuv420p[concatenated_video];[concatenated_video][ovrly]{pythono}=0:0[final_video]"],"sh":["-map","[final_video]","-map","6:a"]}