{"images":[{"name":"img_0.jpg","w":540,"h":960,"prefix":["-i"],"postfix":[]},{"name":"img_1.jpg","w":540,"h":960,"prefix":["-i"],"postfix":[]},{"name":"img_2.jpg","w":540,"h":960,"prefix":["-i"],"postfix":[]},{"name":"img_3.jpg","w":540,"h":960,"prefix":["-i"],"postfix":[]}],"static_inputs":[{"name":"background_video.mp4","prefix":["-i"],"postfix":[]},{"name":"first.jpg","prefix":["-loop","1","-t","24","-i"],"postfix":[]}],"video":{"w":540,"h":960,"duration":24},"e":[],"m":["-{pythoncomplex}"],"r":["[4]split=2[color][alpha];[color]crop=iw\/2:ih:0:0[color];[alpha]crop=iw\/2:ih:iw\/2:0[alpha];[color][alpha]{pythonmerge}[ovrly];[0]scale=540:960,setsar=1,split=2[0_scalled_1][0_scalled_2];[1]scale=540:960,setsar=1,split=2[1_scalled_1][1_scalled_2];[2]scale=540:960,setsar=1[2_scalled];[3]scale=540:960,setsar=1,split=2[3_scalled_1][3_scalled_2];[0_scalled_2]scale=iw*2:ih*2,{pythonz}pan=z=1:d=25*6.05:s=540x960[v0];[1_scalled_2]scale=iw*2:ih*2,{pythonz}pan=z=1:d=25*(11.95-6.05):s=540x960[v1];[2_scalled]scale=iw*2:ih*2,{pythonz}pan=z='if(lte({pythonz},-1.0),1.1, min({pythonz}+0.0004,1.1))':d=25*(18.10-11.95):s=540x960[v2];[3_scalled_2]scale=iw*2:ih*2,{pythonz}pan=z='if(lte({pythonz},1.0),1.1, max(1.001,{pythonz}-0.0004))':d=25*(24-18.10):s=540x960[v3];[v0][v1][v2][v3]concat=n=4:v=1:a=0,format=yuv420p[v4];[5:v][0_scalled_1]{pythono}=x=0:y='if(gte(n, 25*0), min(-960+(n-25*0)*170, 0), -960)'[rv0];[rv0][1_scalled_1]{pythono}=x='if(gte(n, 25*6.05), max(540-(n-25*6.05)*100, 0), 540)':y=0[rv1];[rv1][3_scalled_1]{pythono}=x='if(gte(n, 18.10*25), min(-540+(n-18.10*25)*100, 0), -540)':y=0[rv2];[v4][rv2]concat=n=2:v=1:a=0,format=yuv420p[v7];[v7][ovrly]{pythono}=0:0[base_video];[base_video][6]{pythono}=enable='between(t,0,12)':x=30:y=30[watermarked_part1];[watermarked_part1][6]{pythono}=enable='between(t,12,24)':x=(main_w-{pythono}_w-30):y=(main_h-{pythono}_h-30)"],"i":["[4]split=2[color][alpha];[color]crop=iw\/2:ih:0:0[color];[alpha]crop=iw\/2:ih:iw\/2:0[alpha];[color][alpha]{pythonmerge}[ovrly];[0]scale=540:960,setsar=1,split=2[0_scalled_1][0_scalled_2];[1]scale=540:960,setsar=1,split=2[1_scalled_1][1_scalled_2];[2]scale=540:960,setsar=1[2_scalled];[3]scale=540:960,setsar=1,split=2[3_scalled_1][3_scalled_2];[0_scalled_2]scale=iw*2:ih*2,{pythonz}pan=z=1:d=25*6.05:s=540x960[v0];[1_scalled_2]scale=iw*2:ih*2,{pythonz}pan=z=1:d=25*(11.95-6.05):s=540x960[v1];[2_scalled]scale=iw*2:ih*2,{pythonz}pan=z='if(lte({pythonz},-1.0),1.1, min({pythonz}+0.0004,1.1))':d=25*(18.10-11.95):s=540x960[v2];[3_scalled_2]scale=iw*2:ih*2,{pythonz}pan=z='if(lte({pythonz},1.0),1.1, max(1.001,{pythonz}-0.0004))':d=25*(24-18.10):s=540x960[v3];[v0][v1][v2][v3]concat=n=4:v=1:a=0,format=yuv420p[v4];[5:v][0_scalled_1]{pythono}=x=0:y='if(gte(n, 25*0), min(-960+(n-25*0)*170, 0), -960)'[rv0];[rv0][1_scalled_1]{pythono}=x='if(gte(n, 25*6.05), max(540-(n-25*6.05)*100, 0), 540)':y=0[rv1];[rv1][3_scalled_1]{pythono}=x='if(gte(n, 18.10*25), min(-540+(n-18.10*25)*100, 0), -540)':y=0[rv2];[v4][rv2]concat=n=2:v=1:a=0,format=yuv420p[v7];[v7][ovrly]{pythono}=0:0[base_video];[base_video][6]{pythono}=enable='between(t,0,12)':x=30:y=30[watermarked_part1];[watermarked_part1][6]{pythono}=enable='between(t,12,24)':x=(main_w-{pythono}_w-30):y=(main_h-{pythono}_h-30)[final_video]"],"n":[],"g":[],"c":[],"o":["-map","[final_video]","-map","7:a"],"d":["-t","24","-strict","-2"],"s":[],"layers":[{"ao":0,"bm":1,"ddd":0,"ind":1,"ip":0,"ks":{"a":{"a":0,"ix":1,"k":[270,480,0]},"o":{"a":0,"ix":11,"k":18.039},"p":{"a":0,"ix":2,"k":[270,480,0]},"r":{"a":0,"ix":10,"k":0},"s":{"a":0,"ix":6,"k":[100,100,100]}},"nm":"all","op":327,"refId":"image_0","sr":1,"st":0,"ty":2},{"ao":0,"bm":3,"ddd":0,"ind":2,"ip":76,"ks":{"a":{"a":0,"ix":1,"k":[270,480,0]},"o":{"a":0,"ix":11,"k":40},"p":{"a":0,"ix":2,"k":[270,480,0]},"r":{"a":0,"ix":10,"k":0},"s":{"a":0,"ix":6,"k":[100,100,100]}},"nm":"lvjing  all 3","op":327,"refId":"image_1","sr":1,"st":-8,"ty":2},{"ao":0,"bm":13,"ddd":0,"ind":3,"ip":76,"ks":{"a":{"a":0,"ix":1,"k":[270,480,0]},"o":{"a":0,"ix":11,"k":50.196},"p":{"a":0,"ix":2,"k":[270,480,0]},"r":{"a":0,"ix":10,"k":0},"s":{"a":0,"ix":6,"k":[100,100,100]}},"nm":"baohedu all 3","op":327,"refId":"image_2","sr":1,"st":-8,"ty":2}],"mu":["[4]split=2[color][alpha];[color]crop=iw\/2:ih:0:0[color];[alpha]crop=iw\/2:ih:iw\/2:0[alpha];[color][alpha]{pythonmerge}[ovrly];[0]scale=540:960,setsar=1,split=2[0_scalled_1][0_scalled_2];[1]scale=540:960,setsar=1,split=2[1_scalled_1][1_scalled_2];[2]scale=540:960,setsar=1[2_scalled];[3]scale=540:960,setsar=1,split=2[3_scalled_1][3_scalled_2];[0_scalled_2]scale=iw*2:ih*2,{pythonz}pan=z=1:d=25*6.05:s=540x960[v0];[1_scalled_2]scale=iw*2:ih*2,{pythonz}pan=z=1:d=25*(11.95-6.05):s=540x960[v1];[2_scalled]scale=iw*2:ih*2,{pythonz}pan=z='if(lte({pythonz},-1.0),1.1, min({pythonz}+0.0004,1.1))':d=25*(18.10-11.95):s=540x960[v2];[3_scalled_2]scale=iw*2:ih*2,{pythonz}pan=z='if(lte({pythonz},1.0),1.1, max(1.001,{pythonz}-0.0004))':d=25*(24-18.10):s=540x960[v3];[v0][v1][v2][v3]concat=n=4:v=1:a=0,format=yuv420p[v4];[5:v][0_scalled_1]{pythono}=x=0:y='if(gte(n, 25*0), min(-960+(n-25*0)*170, 0), -960)'[rv0];[rv0][1_scalled_1]{pythono}=x='if(gte(n, 25*6.05), max(540-(n-25*6.05)*100, 0), 540)':y=0[rv1];[rv1][3_scalled_1]{pythono}=x='if(gte(n, 18.10*25), min(-540+(n-18.10*25)*100, 0), -540)':y=0[rv2];[v4][rv2]concat=n=2:v=1:a=0,format=yuv420p[v7];[v7][ovrly]{pythono}=0:0"],"ke":["[4]split=2[color][alpha];[color]crop=iw\/2:ih:0:0[color];[alpha]crop=iw\/2:ih:iw\/2:0[alpha];[color][alpha]{pythonmerge}[ovrly];[0]scale=540:960,setsar=1,split=2[0_scalled_1][0_scalled_2];[1]scale=540:960,setsar=1,split=2[1_scalled_1][1_scalled_2];[2]scale=540:960,setsar=1[2_scalled];[3]scale=540:960,setsar=1,split=2[3_scalled_1][3_scalled_2];[0_scalled_2]scale=iw*2:ih*2,{pythonz}pan=z=1:d=25*6.05:s=540x960[v0];[1_scalled_2]scale=iw*2:ih*2,{pythonz}pan=z=1:d=25*(11.95-6.05):s=540x960[v1];[2_scalled]scale=iw*2:ih*2,{pythonz}pan=z='if(lte({pythonz},-1.0),1.1, min({pythonz}+0.0004,1.1))':d=25*(18.10-11.95):s=540x960[v2];[3_scalled_2]scale=iw*2:ih*2,{pythonz}pan=z='if(lte({pythonz},1.0),1.1, max(1.001,{pythonz}-0.0004))':d=25*(24-18.10):s=540x960[v3];[v0][v1][v2][v3]concat=n=4:v=1:a=0,format=yuv420p[v4];[5:v][0_scalled_1]{pythono}=x=0:y='if(gte(n, 25*0), min(-960+(n-25*0)*170, 0), -960)'[rv0];[rv0][1_scalled_1]{pythono}=x='if(gte(n, 25*6.05), max(540-(n-25*6.05)*100, 0), 540)':y=0[rv1];[rv1][3_scalled_1]{pythono}=x='if(gte(n, 18.10*25), min(-540+(n-18.10*25)*100, 0), -540)':y=0[rv2];[v4][rv2]concat=n=2:v=1:a=0,format=yuv420p[v7];[v7][ovrly]{pythono}=0:0[final_video]"],"sh":["-map","[final_video]","-map","6:a"]}