{
  "images": [
    {
      "name": "img_0.jpg",
      "w": 444,
      "h": 375,
      "prefix": [
        "-i"
      ],
      "postfix": [
      ]
    }
  ],
  "static_inputs": [
    {
      "name": "background_video.mp4",
      "prefix": [
        "-i"
      ],
      "postfix": [
      ]
    },
    {
      "name": "first.jpg",
      "prefix": [
        "-loop",
        "1",
        "-t",
        "10",
        "-i"
      ],
      "postfix": [
      ]
    }
  ],
  "video": {
    "w": 540,
    "h": 960,
    "duration": 10
  },
  "e": [],
  "m": [
    "-{pythoncomplex}"
  ],
  "r": [
    "[1]split=2[color][alpha];[color]crop=iw/2:ih:0:0[color];[alpha]crop=iw/2:ih:iw/2:0[alpha];[color][alpha]{pythonmerge}[ovrly];[0]scale=444:375,setsar=1[0_scalled];[0]scale=444:375,setsar=1[1_scalled];[0]scale=444:375,setsar=1[2_scalled];[0]scale=444:375,setsar=1[3_scalled];[0]scale=444:375,setsar=1[4_scalled];[0]scale=444:375,setsar=1[5_scalled];[0]scale=444:375,setsar=1[6_scalled];[0]scale=444:375,setsar=1[7_scalled];[0]scale=444:375,setsar=1[8_scalled];[2:v]fps=fps=30[bg];[bg][0_scalled]{pythono}=x='if(gte(n,0.02*30),-446+(n-0.02*30)*35,-448)':y=290[v0];[v0][1_scalled]{pythono}=x='if(gte(n,1.23*30),-446+(n-1.23*30)*38,-448)':y=290[v1];[v1][2_scalled]{pythono}=x='if(gte(n,2.40*30),-446+(n-2.40*30)*38,-448)':y=290[v2];[v2][3_scalled]{pythono}=x='if(gte(n,3.56*30),-446+(n-3.56*30)*38,-448)':y=290[v3];[v3][4_scalled]{pythono}=x='if(gte(n,4.73*30),-446+(n-4.73*30)*38,-448)':y=290[v4];[v4][5_scalled]{pythono}=x='if(gte(n,5.90*30),-446+(n-5.90*30)*38,-448)':y=290[v5];[v5][6_scalled]{pythono}=x='if(gte(n,7.06*30),-446+(n-7.06*30)*38,-448)':y=290[v6];[v6][7_scalled]{pythono}=x='if(gte(n,8.23*30),-446+(n-8.23*30)*38,-448)':y=290[v7];[v7][8_scalled]{pythono}=x='if(gte(n,9.40*30),-446+(n-9.40*30)*38,-448)':y=290[v8];[v8][ovrly]{pythono}=0:0[base_video];[base_video][3]{pythono}=enable='between(t,0,10)':x=10:y=(main_h-{pythono}_h-10)"
  ],
  "i": [
    "[1]split=2[color][alpha];[color]crop=iw/2:ih:0:0[color];[alpha]crop=iw/2:ih:iw/2:0[alpha];[color][alpha]{pythonmerge}[ovrly];[0]scale=444:375,setsar=1[0_scalled];[0]scale=444:375,setsar=1[1_scalled];[0]scale=444:375,setsar=1[2_scalled];[0]scale=444:375,setsar=1[3_scalled];[0]scale=444:375,setsar=1[4_scalled];[0]scale=444:375,setsar=1[5_scalled];[0]scale=444:375,setsar=1[6_scalled];[0]scale=444:375,setsar=1[7_scalled];[0]scale=444:375,setsar=1[8_scalled];[2:v]fps=fps=30[bg];[bg][0_scalled]{pythono}=x='if(gte(n,0.02*30),-446+(n-0.02*30)*35,-448)':y=290[v0];[v0][1_scalled]{pythono}=x='if(gte(n,1.23*30),-446+(n-1.23*30)*38,-448)':y=290[v1];[v1][2_scalled]{pythono}=x='if(gte(n,2.40*30),-446+(n-2.40*30)*38,-448)':y=290[v2];[v2][3_scalled]{pythono}=x='if(gte(n,3.56*30),-446+(n-3.56*30)*38,-448)':y=290[v3];[v3][4_scalled]{pythono}=x='if(gte(n,4.73*30),-446+(n-4.73*30)*38,-448)':y=290[v4];[v4][5_scalled]{pythono}=x='if(gte(n,5.90*30),-446+(n-5.90*30)*38,-448)':y=290[v5];[v5][6_scalled]{pythono}=x='if(gte(n,7.06*30),-446+(n-7.06*30)*38,-448)':y=290[v6];[v6][7_scalled]{pythono}=x='if(gte(n,8.23*30),-446+(n-8.23*30)*38,-448)':y=290[v7];[v7][8_scalled]{pythono}=x='if(gte(n,9.40*30),-446+(n-9.40*30)*38,-448)':y=290[v8];[v8][ovrly]{pythono}=0:0[base_video];[base_video][3]{pythono}=enable='between(t,0,10)':x=10:y=(main_h-{pythono}_h-10)[final_video]"
  ],
  "n": [],
  "g": [],
  "c": [],
  "o": [
    "-map",
    "[final_video]",
    "-map",
    "4:a"
  ],
  "d": [
    "-t",
    "10",
    "-strict",
    "-2"
  ],
  "s": [],
  "layers": [
    {
      "ao": 0,
      "bm": 1,
      "ddd": 0,
      "ind": 1,
      "ip": 0,
      "ks": {
        "a": {
          "a": 0,
          "ix": 1,
          "k": [
            270,
            480,
            0
          ]
        },
        "o": {
          "a": 0,
          "ix": 11,
          "k": 18.039
        },
        "p": {
          "a": 0,
          "ix": 2,
          "k": [
            270,
            480,
            0
          ]
        },
        "r": {
          "a": 0,
          "ix": 10,
          "k": 0
        },
        "s": {
          "a": 0,
          "ix": 6,
          "k": [
            100,
            100,
            100
          ]
        }
      },
      "nm": "all",
      "op": 327,
      "refId": "image_0",
      "sr": 1,
      "st": 0,
      "ty": 2
    },
    {
      "ao": 0,
      "bm": 3,
      "ddd": 0,
      "ind": 2,
      "ip": 76,
      "ks": {
        "a": {
          "a": 0,
          "ix": 1,
          "k": [
            270,
            480,
            0
          ]
        },
        "o": {
          "a": 0,
          "ix": 11,
          "k": 40
        },
        "p": {
          "a": 0,
          "ix": 2,
          "k": [
            270,
            480,
            0
          ]
        },
        "r": {
          "a": 0,
          "ix": 10,
          "k": 0
        },
        "s": {
          "a": 0,
          "ix": 6,
          "k": [
            100,
            100,
            100
          ]
        }
      },
      "nm": "lvjing  all 3",
      "op": 327,
      "refId": "image_1",
      "sr": 1,
      "st": -8,
      "ty": 2
    },
    {
      "ao": 0,
      "bm": 13,
      "ddd": 0,
      "ind": 3,
      "ip": 76,
      "ks": {
        "a": {
          "a": 0,
          "ix": 1,
          "k": [
            270,
            480,
            0
          ]
        },
        "o": {
          "a": 0,
          "ix": 11,
          "k": 50.196
        },
        "p": {
          "a": 0,
          "ix": 2,
          "k": [
            270,
            480,
            0
          ]
        },
        "r": {
          "a": 0,
          "ix": 10,
          "k": 0
        },
        "s": {
          "a": 0,
          "ix": 6,
          "k": [
            100,
            100,
            100
          ]
        }
      },
      "nm": "baohedu all 3",
      "op": 327,
      "refId": "image_2",
      "sr": 1,
      "st": -8,
      "ty": 2
    }
  ]
}