{"images":[{"name":"img_0.jpg","w":418,"h":502,"prefix":["-i"],"postfix":[]},{"name":"img_1.jpg","w":418,"h":502,"prefix":["-i"],"postfix":[]},{"name":"img_2.jpg","w":418,"h":502,"prefix":["-i"],"postfix":[]},{"name":"img_3.jpg","w":418,"h":502,"prefix":["-i"],"postfix":[]},{"name":"img_4.jpg","w":418,"h":502,"prefix":["-i"],"postfix":[]},{"name":"img_5.jpg","w":418,"h":502,"prefix":["-i"],"postfix":[]}],"static_inputs":[{"name":"background_video.mp4","prefix":["-i"],"postfix":[]},{"name":"first.jpg","prefix":["-loop","1","-t","27","-i"],"postfix":[]}],"video":{"h":960,"w":540,"duration":27},"e":[],"m":["-{pythoncomplex}"],"r":["[6]split=2[color][alpha];[color]crop=iw\/2:ih:0:0[color];[alpha]crop=iw\/2:ih:iw\/2:0[alpha];[color][alpha]{pythonmerge}[ovrly];[0]scale=418:502,setsar=1,split=2[0_c_1][0_c_2];[1]scale=418:502,setsar=1,split=2[1_c_1][1_c_2];[2]scale=418:502,setsar=1,split=2[2_c_1][2_c_2];[3]scale=418:502,setsar=1[3_c_1];[4]scale=418:502,setsar=1,split=2[4_c_1][4_c_2];[5]scale=418:502,setsar=1[5_c_1];[7:v][0_c_1]{pythono}=enable='between=(t,0,4.65)':x=62:y=110,{pythonf}=t=in:st=0:d=0.4[v1];[v1][1_c_1]{pythono}=enable='between=(t,4.65,5.03)':x=62:y=110[v2];[v2][2_c_1]{pythono}=enable='between=(t,5.03,5.46)':x=62:y=110[v3];[v3][3_c_1]{pythono}=enable='between=(t,5.46,10.97)':x=62:y=110[v4];[v4][4_c_1]{pythono}=enable='between=(t,10.97,11.41)':x=62:y=110[v5];[v5][1_c_2]{pythono}=enable='between=(t,11.41,11.88)':x=62:y=110[v6];[v6][0_c_2]{pythono}=enable='between=(t,11.88,17.42)':x=62:y=110[v7];[v7][2_c_2]{pythono}=enable='between=(t,17.42,17.80)':x=62:y=110[v8];[v8][4_c_2]{pythono}=enable='between=(t,17.80,18.15)':x=62:y=110[v9];[v9][5_c_1]{pythono}=enable='between=(t,18.15,27)':x=62:y=110[v10];[v10][ovrly]{pythono}=0:0[base_video];[base_video][8]{pythono}=enable='between(t,0,14)':x=30:y=30[watermarked_part1];[watermarked_part1][8]{pythono}=enable='between(t,14,27)':x=(main_w-{pythono}_w-30):y=30"],"i":["[6]split=2[color][alpha];[color]crop=iw\/2:ih:0:0[color];[alpha]crop=iw\/2:ih:iw\/2:0[alpha];[color][alpha]{pythonmerge}[ovrly];[0]scale=418:502,setsar=1,split=2[0_c_1][0_c_2];[1]scale=418:502,setsar=1,split=2[1_c_1][1_c_2];[2]scale=418:502,setsar=1,split=2[2_c_1][2_c_2];[3]scale=418:502,setsar=1[3_c_1];[4]scale=418:502,setsar=1,split=2[4_c_1][4_c_2];[5]scale=418:502,setsar=1[5_c_1];[7:v][0_c_1]{pythono}=enable='between=(t,0,4.65)':x=62:y=110,{pythonf}=t=in:st=0:d=0.4[v1];[v1][1_c_1]{pythono}=enable='between=(t,4.65,5.03)':x=62:y=110[v2];[v2][2_c_1]{pythono}=enable='between=(t,5.03,5.46)':x=62:y=110[v3];[v3][3_c_1]{pythono}=enable='between=(t,5.46,10.97)':x=62:y=110[v4];[v4][4_c_1]{pythono}=enable='between=(t,10.97,11.41)':x=62:y=110[v5];[v5][1_c_2]{pythono}=enable='between=(t,11.41,11.88)':x=62:y=110[v6];[v6][0_c_2]{pythono}=enable='between=(t,11.88,17.42)':x=62:y=110[v7];[v7][2_c_2]{pythono}=enable='between=(t,17.42,17.80)':x=62:y=110[v8];[v8][4_c_2]{pythono}=enable='between=(t,17.80,18.15)':x=62:y=110[v9];[v9][5_c_1]{pythono}=enable='between=(t,18.15,27)':x=62:y=110[v10];[v10][ovrly]{pythono}=0:0[base_video];[base_video][8]{pythono}=enable='between(t,0,14)':x=30:y=30[watermarked_part1];[watermarked_part1][8]{pythono}=enable='between(t,14,27)':x=(main_w-{pythono}_w-30):y=30[final_video]"],"n":[],"g":[],"c":[],"o":["-map","[final_video]","-map","9:a"],"d":["-t","27","-strict","-2"],"s":[],"layers":[{"ao":0,"bm":1,"ddd":0,"ind":1,"ip":0,"ks":{"a":{"a":0,"ix":1,"k":[270,480,0]},"o":{"a":0,"ix":11,"k":18.039},"p":{"a":0,"ix":2,"k":[270,480,0]},"r":{"a":0,"ix":10,"k":0},"s":{"a":0,"ix":6,"k":[100,100,100]}},"nm":"all","op":327,"refId":"image_0","sr":1,"st":0,"ty":2},{"ao":0,"bm":3,"ddd":0,"ind":2,"ip":76,"ks":{"a":{"a":0,"ix":1,"k":[270,480,0]},"o":{"a":0,"ix":11,"k":40},"p":{"a":0,"ix":2,"k":[270,480,0]},"r":{"a":0,"ix":10,"k":0},"s":{"a":0,"ix":6,"k":[100,100,100]}},"nm":"lvjing  all 3","op":327,"refId":"image_1","sr":1,"st":-8,"ty":2},{"ao":0,"bm":13,"ddd":0,"ind":3,"ip":76,"ks":{"a":{"a":0,"ix":1,"k":[270,480,0]},"o":{"a":0,"ix":11,"k":50.196},"p":{"a":0,"ix":2,"k":[270,480,0]},"r":{"a":0,"ix":10,"k":0},"s":{"a":0,"ix":6,"k":[100,100,100]}},"nm":"baohedu all 3","op":327,"refId":"image_2","sr":1,"st":-8,"ty":2}],"mu":["[6]split=2[color][alpha];[color]crop=iw\/2:ih:0:0[color];[alpha]crop=iw\/2:ih:iw\/2:0[alpha];[color][alpha]{pythonmerge}[ovrly];[0]scale=418:502,setsar=1,split=2[0_c_1][0_c_2];[1]scale=418:502,setsar=1,split=2[1_c_1][1_c_2];[2]scale=418:502,setsar=1,split=2[2_c_1][2_c_2];[3]scale=418:502,setsar=1[3_c_1];[4]scale=418:502,setsar=1,split=2[4_c_1][4_c_2];[5]scale=418:502,setsar=1[5_c_1];[7:v][0_c_1]{pythono}=enable='between=(t,0,4.65)':x=62:y=110,{pythonf}=t=in:st=0:d=0.4[v1];[v1][1_c_1]{pythono}=enable='between=(t,4.65,5.03)':x=62:y=110[v2];[v2][2_c_1]{pythono}=enable='between=(t,5.03,5.46)':x=62:y=110[v3];[v3][3_c_1]{pythono}=enable='between=(t,5.46,10.97)':x=62:y=110[v4];[v4][4_c_1]{pythono}=enable='between=(t,10.97,11.41)':x=62:y=110[v5];[v5][1_c_2]{pythono}=enable='between=(t,11.41,11.88)':x=62:y=110[v6];[v6][0_c_2]{pythono}=enable='between=(t,11.88,17.42)':x=62:y=110[v7];[v7][2_c_2]{pythono}=enable='between=(t,17.42,17.80)':x=62:y=110[v8];[v8][4_c_2]{pythono}=enable='between=(t,17.80,18.15)':x=62:y=110[v9];[v9][5_c_1]{pythono}=enable='between=(t,18.15,27)':x=62:y=110[v10];[v10][ovrly]{pythono}=0:0"],"ke":["[6]split=2[color][alpha];[color]crop=iw\/2:ih:0:0[color];[alpha]crop=iw\/2:ih:iw\/2:0[alpha];[color][alpha]{pythonmerge}[ovrly];[0]scale=418:502,setsar=1,split=2[0_c_1][0_c_2];[1]scale=418:502,setsar=1,split=2[1_c_1][1_c_2];[2]scale=418:502,setsar=1,split=2[2_c_1][2_c_2];[3]scale=418:502,setsar=1[3_c_1];[4]scale=418:502,setsar=1,split=2[4_c_1][4_c_2];[5]scale=418:502,setsar=1[5_c_1];[7:v][0_c_1]{pythono}=enable='between=(t,0,4.65)':x=62:y=110,{pythonf}=t=in:st=0:d=0.4[v1];[v1][1_c_1]{pythono}=enable='between=(t,4.65,5.03)':x=62:y=110[v2];[v2][2_c_1]{pythono}=enable='between=(t,5.03,5.46)':x=62:y=110[v3];[v3][3_c_1]{pythono}=enable='between=(t,5.46,10.97)':x=62:y=110[v4];[v4][4_c_1]{pythono}=enable='between=(t,10.97,11.41)':x=62:y=110[v5];[v5][1_c_2]{pythono}=enable='between=(t,11.41,11.88)':x=62:y=110[v6];[v6][0_c_2]{pythono}=enable='between=(t,11.88,17.42)':x=62:y=110[v7];[v7][2_c_2]{pythono}=enable='between=(t,17.42,17.80)':x=62:y=110[v8];[v8][4_c_2]{pythono}=enable='between=(t,17.80,18.15)':x=62:y=110[v9];[v9][5_c_1]{pythono}=enable='between=(t,18.15,27)':x=62:y=110[v10];[v10][ovrly]{pythono}=0:0[final_video]"],"sh":["-map","[final_video]","-map","8:a"]}