{"images":[{"name":"img_0.jpg","w":540,"h":960,"prefix":["-i"],"postfix":[]},{"name":"img_1.jpg","w":540,"h":960,"prefix":["-i"],"postfix":[]},{"name":"img_2.jpg","w":540,"h":960,"prefix":["-i"],"postfix":[]},{"name":"img_3.jpg","w":540,"h":960,"prefix":["-i"],"postfix":[]}],"static_inputs":[{"name":"background_video.mp4","prefix":["-i"],"postfix":[]}],"video":{"h":960,"w":540,"duration":33},"e":[],"m":["-{pythoncomplex}"],"r":["[4]split=2[color][alpha];[color]crop=iw\/2:ih:0:0[color];[alpha]crop=iw\/2:ih:iw\/2:0[alpha];[color][alpha]{pythonmerge}[ovrly];[0]scale=540:960,setsar=1,hue=s=0.50[0_scalled];[1]scale=540:960,setsar=1,hue=s=0.50[1_scalled];[2]scale=540:960,setsar=1,hue=s=0.50[2_scalled];[3]scale=540:960,setsar=1,hue=s=0.50[3_scalled];[0_scalled]scale=iw*2:ih*2,{pythonz}pan=z='if(lte({pythonz},1.0),1.2,max(1.001,{pythonz}-0.0006))':d=25*33:s=540x960,{pythonf}=t=in:st=0:d=1,{pythonf}=out:st=7:d=1:alpha=1[video1];[1_scalled]scale=iw*2:ih*2,{pythonz}pan=z='if(lte(on,25*6),1,if(lte({pythonz},-1.0),1.2,min({pythonz}+0.0006,1.2)))':d=25*33:s=540x960,{pythonf}=out:st=15:d=1:alpha=1[video2];[2_scalled]scale=iw*2:ih*2,{pythonz}pan=z='if(lte(on,25*14),1,if(lte({pythonz},1.0),1.2,max(1.001,{pythonz}-0.0006)))':d=25*33:s=540x960,{pythonf}=out:st=23:d=1:alpha=1[video3];[3_scalled]scale=iw*2:ih*2,{pythonz}pan=z='if(lte(on,25*22),1,if(lte({pythonz},-1.0),1.2,min({pythonz}+0.0006,1.2)))':d=25*33:s=540x960[video4];[video2][video1]{pythono}[{pythono}_video1];[video3][{pythono}_video1]{pythono}[{pythono}_video2];[video4][{pythono}_video2]{pythono}[{pythono}_video3];[{pythono}_video3][ovrly]{pythono}=0:0[base_video];[base_video][5]{pythono}=enable='between(t,0,16)':x=30:y=30[watermarked_part1];[watermarked_part1][5]{pythono}=enable='between(t,16,33)':x=(main_w-{pythono}_w-30):y=30"],"i":["[4]split=2[color][alpha];[color]crop=iw\/2:ih:0:0[color];[alpha]crop=iw\/2:ih:iw\/2:0[alpha];[color][alpha]{pythonmerge}[ovrly];[0]scale=540:960,setsar=1,hue=s=0.50[0_scalled];[1]scale=540:960,setsar=1,hue=s=0.50[1_scalled];[2]scale=540:960,setsar=1,hue=s=0.50[2_scalled];[3]scale=540:960,setsar=1,hue=s=0.50[3_scalled];[0_scalled]scale=iw*2:ih*2,{pythonz}pan=z='if(lte({pythonz},1.0),1.2,max(1.001,{pythonz}-0.0006))':d=25*33:s=540x960,{pythonf}=t=in:st=0:d=1,{pythonf}=out:st=7:d=1:alpha=1[video1];[1_scalled]scale=iw*2:ih*2,{pythonz}pan=z='if(lte(on,25*6),1,if(lte({pythonz},-1.0),1.2,min({pythonz}+0.0006,1.2)))':d=25*33:s=540x960,{pythonf}=out:st=15:d=1:alpha=1[video2];[2_scalled]scale=iw*2:ih*2,{pythonz}pan=z='if(lte(on,25*14),1,if(lte({pythonz},1.0),1.2,max(1.001,{pythonz}-0.0006)))':d=25*33:s=540x960,{pythonf}=out:st=23:d=1:alpha=1[video3];[3_scalled]scale=iw*2:ih*2,{pythonz}pan=z='if(lte(on,25*22),1,if(lte({pythonz},-1.0),1.2,min({pythonz}+0.0006,1.2)))':d=25*33:s=540x960[video4];[video2][video1]{pythono}[{pythono}_video1];[video3][{pythono}_video1]{pythono}[{pythono}_video2];[video4][{pythono}_video2]{pythono}[{pythono}_video3];[{pythono}_video3][ovrly]{pythono}=0:0[base_video];[base_video][5]{pythono}=enable='between(t,0,16)':x=30:y=30[watermarked_part1];[watermarked_part1][5]{pythono}=enable='between(t,16,33)':x=(main_w-{pythono}_w-30):y=30[final_video]"],"n":[],"g":[],"c":[],"o":["-map","[final_video]","-map","6:a"],"d":["-t","33","-strict","-2"],"s":[],"layers":[{"ao":0,"bm":1,"ddd":0,"ind":1,"ip":0,"ks":{"a":{"a":0,"ix":1,"k":[270,480,0]},"o":{"a":0,"ix":11,"k":18.039},"p":{"a":0,"ix":2,"k":[270,480,0]},"r":{"a":0,"ix":10,"k":0},"s":{"a":0,"ix":6,"k":[100,100,100]}},"nm":"all","op":327,"refId":"image_0","sr":1,"st":0,"ty":2},{"ao":0,"bm":3,"ddd":0,"ind":2,"ip":76,"ks":{"a":{"a":0,"ix":1,"k":[270,480,0]},"o":{"a":0,"ix":11,"k":40},"p":{"a":0,"ix":2,"k":[270,480,0]},"r":{"a":0,"ix":10,"k":0},"s":{"a":0,"ix":6,"k":[100,100,100]}},"nm":"lvjing  all 3","op":327,"refId":"image_1","sr":1,"st":-8,"ty":2},{"ao":0,"bm":13,"ddd":0,"ind":3,"ip":76,"ks":{"a":{"a":0,"ix":1,"k":[270,480,0]},"o":{"a":0,"ix":11,"k":50.196},"p":{"a":0,"ix":2,"k":[270,480,0]},"r":{"a":0,"ix":10,"k":0},"s":{"a":0,"ix":6,"k":[100,100,100]}},"nm":"baohedu all 3","op":327,"refId":"image_2","sr":1,"st":-8,"ty":2}],"mu":["[4]split=2[color][alpha];[color]crop=iw\/2:ih:0:0[color];[alpha]crop=iw\/2:ih:iw\/2:0[alpha];[color][alpha]{pythonmerge}[ovrly];[0]scale=540:960,setsar=1,hue=s=0.50[0_scalled];[1]scale=540:960,setsar=1,hue=s=0.50[1_scalled];[2]scale=540:960,setsar=1,hue=s=0.50[2_scalled];[3]scale=540:960,setsar=1,hue=s=0.50[3_scalled];[0_scalled]scale=iw*2:ih*2,{pythonz}pan=z='if(lte({pythonz},1.0),1.2,max(1.001,{pythonz}-0.0006))':d=25*33:s=540x960,{pythonf}=t=in:st=0:d=1,{pythonf}=out:st=7:d=1:alpha=1[video1];[1_scalled]scale=iw*2:ih*2,{pythonz}pan=z='if(lte(on,25*6),1,if(lte({pythonz},-1.0),1.2,min({pythonz}+0.0006,1.2)))':d=25*33:s=540x960,{pythonf}=out:st=15:d=1:alpha=1[video2];[2_scalled]scale=iw*2:ih*2,{pythonz}pan=z='if(lte(on,25*14),1,if(lte({pythonz},1.0),1.2,max(1.001,{pythonz}-0.0006)))':d=25*33:s=540x960,{pythonf}=out:st=23:d=1:alpha=1[video3];[3_scalled]scale=iw*2:ih*2,{pythonz}pan=z='if(lte(on,25*22),1,if(lte({pythonz},-1.0),1.2,min({pythonz}+0.0006,1.2)))':d=25*33:s=540x960[video4];[video2][video1]{pythono}[{pythono}_video1];[video3][{pythono}_video1]{pythono}[{pythono}_video2];[video4][{pythono}_video2]{pythono}[{pythono}_video3];[{pythono}_video3][ovrly]{pythono}=0:0"],"ke":["[4]split=2[color][alpha];[color]crop=iw\/2:ih:0:0[color];[alpha]crop=iw\/2:ih:iw\/2:0[alpha];[color][alpha]{pythonmerge}[ovrly];[0]scale=540:960,setsar=1,hue=s=0.50[0_scalled];[1]scale=540:960,setsar=1,hue=s=0.50[1_scalled];[2]scale=540:960,setsar=1,hue=s=0.50[2_scalled];[3]scale=540:960,setsar=1,hue=s=0.50[3_scalled];[0_scalled]scale=iw*2:ih*2,{pythonz}pan=z='if(lte({pythonz},1.0),1.2,max(1.001,{pythonz}-0.0006))':d=25*33:s=540x960,{pythonf}=t=in:st=0:d=1,{pythonf}=out:st=7:d=1:alpha=1[video1];[1_scalled]scale=iw*2:ih*2,{pythonz}pan=z='if(lte(on,25*6),1,if(lte({pythonz},-1.0),1.2,min({pythonz}+0.0006,1.2)))':d=25*33:s=540x960,{pythonf}=out:st=15:d=1:alpha=1[video2];[2_scalled]scale=iw*2:ih*2,{pythonz}pan=z='if(lte(on,25*14),1,if(lte({pythonz},1.0),1.2,max(1.001,{pythonz}-0.0006)))':d=25*33:s=540x960,{pythonf}=out:st=23:d=1:alpha=1[video3];[3_scalled]scale=iw*2:ih*2,{pythonz}pan=z='if(lte(on,25*22),1,if(lte({pythonz},-1.0),1.2,min({pythonz}+0.0006,1.2)))':d=25*33:s=540x960[video4];[video2][video1]{pythono}[{pythono}_video1];[video3][{pythono}_video1]{pythono}[{pythono}_video2];[video4][{pythono}_video2]{pythono}[{pythono}_video3];[{pythono}_video3][ovrly]{pythono}=0:0[final_video]"],"sh":["-map","[final_video]","-map","5:a"]}