{"images":[{"name":"img_0.jpg","w":540,"h":960,"prefix":["-i"],"postfix":[]},{"name":"img_1.jpg","w":540,"h":960,"prefix":["-i"],"postfix":[]},{"name":"img_2.jpg","w":540,"h":960,"prefix":["-i"],"postfix":[]},{"name":"img_3.jpg","w":540,"h":960,"prefix":["-i"],"postfix":[]},{"name":"img_4.jpg","w":540,"h":960,"prefix":["-i"],"postfix":[]},{"name":"img_5.jpg","w":540,"h":960,"prefix":["-i"],"postfix":[]}],"static_inputs":[{"name":"background_video.mp4","prefix":["-i"],"postfix":[]}],"video":{"w":540,"h":960,"duration":10},"e":[],"m":["-{pythoncomplex}"],"r":["[6]split=2[color][alpha];[color]crop=iw\/2:ih:0:0[color];[alpha]crop=iw\/2:ih:iw\/2:0[alpha];[color][alpha]{pythonmerge}[ovrly];[0]scale=540:960,setsar=1[0_scalled];[1]scale=540:960,setsar=1[1_scalled];[2]scale=540:960,setsar=1[2_scalled];[3]scale=540:960,setsar=1[3_scalled];[4]scale=540:960,setsar=1[4_scalled];[5]scale=540:960,setsar=1[5_scalled];[0]scale=540:960,setsar=1[6_scalled];[1]scale=540:960,setsar=1[7_scalled];[2]scale=540:960,setsar=1[8_scalled];[3]scale=540:960,setsar=1[9_scalled];[4]scale=540:960,setsar=1[10_scalled];[5]scale=540:960,setsar=1[11_scalled];[0]scale=540:960,setsar=1[12_scalled];[1]scale=540:960,setsar=1[13_scalled];[2]scale=540:960,setsar=1[14_scalled];[3]scale=540:960,setsar=1[15_scalled];[4]scale=540:960,setsar=1[16_scalled];[5]scale=540:960,setsar=1[17_scalled];[0]scale=540:960,setsar=1[18_scalled];[1]scale=540:960,setsar=1[19_scalled];[2]scale=540:960,setsar=1[20_scalled];[3]scale=540:960,setsar=1[21_scalled];[4]scale=540:960,setsar=1[22_scalled];[5]scale=540:960,setsar=1[23_scalled];[0]scale=540:960,setsar=1[24_scalled];[1]scale=540:960,setsar=1[25_scalled];[2]scale=540:960,setsar=1[26_scalled];[3]scale=540:960,setsar=1[27_scalled];[4]scale=540:960,setsar=1[28_scalled];[5]scale=540:960,setsar=1[29_scalled];[0]scale=540:960,setsar=1[30_scalled];[1]scale=540:960,setsar=1[31_scalled];[2]scale=540:960,setsar=1[32_scalled];[3]scale=540:960,setsar=1[33_scalled];[4]scale=540:960,setsar=1[34_scalled];[5]scale=540:960,setsar=1[35_scalled];[0]scale=540:960,setsar=1[36_scalled];[1]scale=540:960,setsar=1[37_scalled];[2]scale=540:960,setsar=1[38_scalled];[3]scale=540:960,setsar=1[39_scalled];[4]scale=540:960,setsar=1[40_scalled];[5]scale=540:960,setsar=1[41_scalled];[0_scalled]scale=iw*2:ih*2,{pythonz}pan=z=1:d=25*0.1:s=540x960[v0];[1_scalled]scale=iw*2:ih*2,{pythonz}pan=z=1:d=25*(0.23-0.1):s=540x960[v1];[2_scalled]scale=iw*2:ih*2,{pythonz}pan=z=1:d=25*(0.40-0.23):s=540x960[v2];[3_scalled]scale=iw*2:ih*2,{pythonz}pan=z=1:d=25*(0.54-0.40):s=540x960[v3];[4_scalled]scale=iw*2:ih*2,{pythonz}pan=z=1:d=25*(0.63-0.54):s=540x960[v4];[5_scalled]scale=iw*2:ih*2,{pythonz}pan=z=1:d=25*(0.80-0.63):s=540x960[v5];[6_scalled]scale=iw*2:ih*2,{pythonz}pan=z=1:d=25*(0.93-0.80):s=540x960[v6];[7_scalled]scale=iw*2:ih*2,{pythonz}pan=z=1:d=25*(1.07-0.93):s=540x960[v7];[8_scalled]scale=iw*2:ih*2,{pythonz}pan=z=1:d=25*(1.209-1.07):s=540x960[v8];[9_scalled]scale=iw*2:ih*2,{pythonz}pan=z=1:d=25*(1.30-1.209):s=540x960[v9];[10_scalled]scale=iw*2:ih*2,{pythonz}pan=z=1:d=25*(1.43-1.30):s=540x960[v10];[11_scalled]scale=iw*2:ih*2,{pythonz}pan=z=1:d=25*(1.56-1.43):s=540x960[v11];[12_scalled]scale=iw*2:ih*2,{pythonz}pan=z=1:d=25*(1.63-1.56):s=540x960[v12];[13_scalled]scale=iw*2:ih*2,{pythonz}pan=z=1:d=25*(1.80-1.63):s=540x960[v13];[14_scalled]scale=iw*2:ih*2,{pythonz}pan=z=1:d=25*(1.93-1.80):s=540x960[v14];[15_scalled]scale=iw*2:ih*2,{pythonz}pan=z=1:d=25*(2.039-1.93):s=540x960[v15];[16_scalled]scale=iw*2:ih*2,{pythonz}pan=z=1:d=25*(2.27-2.039):s=540x960[v16];[17_scalled]scale=iw*2:ih*2,{pythonz}pan=z=1:d=25*(2.41-2.27):s=540x960[v17];[18_scalled]scale=iw*2:ih*2,{pythonz}pan=z=1:d=25*(2.64-2.41):s=540x960[v18];[19_scalled]scale=iw*2:ih*2,{pythonz}pan=z=1:d=25*(2.909-2.64):s=540x960[v19];[20_scalled]scale=iw*2:ih*2,{pythonz}pan=z=1:d=25*(3.14-2.909):s=540x960[v20];[21_scalled]scale=iw*2:ih*2,{pythonz}pan=z=1:d=25*(2.039-1.93):s=540x960[v21];[22_scalled]scale=iw*2:ih*2,{pythonz}pan=z=1:d=25*(2.27-2.039):s=540x960[v22];[23_scalled]scale=iw*2:ih*2,{pythonz}pan=z=1:d=25*(2.41-2.27):s=540x960[v23];[24_scalled]scale=iw*2:ih*2,{pythonz}pan=z=1:d=25*(2.64-2.41):s=540x960[v24];[25_scalled]scale=iw*2:ih*2,{pythonz}pan=z=1:d=25*(2.909-2.64):s=540x960[v25];[26_scalled]scale=iw*2:ih*2,{pythonz}pan=z=1:d=25*(3.14-2.909):s=540x960[v26];[27_scalled]scale=iw*2:ih*2,{pythonz}pan=z=1:d=25*(3.34-3.14):s=540x960[v27];[28_scalled]scale=iw*2:ih*2,{pythonz}pan=z=1:d=25*(3.64-3.34):s=540x960[v28];[29_scalled]scale=iw*2:ih*2,{pythonz}pan=z=1:d=25*(3.97-3.64):s=540x960[v29];[30_scalled]scale=iw*2:ih*2,{pythonz}pan=z=1:d=25*(4.14-3.97):s=540x960[v30];[31_scalled]scale=iw*2:ih*2,{pythonz}pan=z=1:d=25*(4.47-4.14):s=540x960[v31];[32_scalled]scale=iw*2:ih*2,{pythonz}pan=z=1:d=25*(4.78-4.47):s=540x960[v32];[33_scalled]scale=iw*2:ih*2,{pythonz}pan=z=1:d=25*(5.16-4.78):s=540x960[v33];[34_scalled]scale=iw*2:ih*2,{pythonz}pan=z=1:d=25*(5.48-5.16):s=540x960[v34];[35_scalled]scale=iw*2:ih*2,{pythonz}pan=z=1:d=25*(5.73-5.48):s=540x960[v35];[36_scalled]scale=iw*2:ih*2,{pythonz}pan=z=1:d=25*(6.23-5.73):s=540x960[v36];[37_scalled]scale=iw*2:ih*2,{pythonz}pan=z=1:d=25*(6.61-6.23):s=540x960[v37];[38_scalled]scale=iw*2:ih*2,{pythonz}pan=z=1:d=25*(7.20-6.61):s=540x960[v38];[39_scalled]scale=iw*2:ih*2,{pythonz}pan=z=1:d=25*(7.87-7.20):s=540x960[v39];[40_scalled]scale=iw*2:ih*2,{pythonz}pan=z=1:d=25*(8.93-7.87):s=540x960[v40];[41_scalled]scale=iw*2:ih*2,{pythonz}pan=z=1:d=25*(10-8.93):s=540x960[v41];[v0][v1][v2][v3][v4][v5][v6][v7][v8][v9][v10][v11][v12][v13][v14][v15][v16][v17][v18][v19][v20][v21][v22][v23][v24][v25][v26][v27][v28][v29][v30][v31][v32][v33][v34][v35][v36][v37][v38][v39][v40][v41]concat=n=42:v=1:a=0,format=yuv420p[v16];[v16][ovrly]{pythono}=0:0[base_video];[base_video][7]{pythono}=enable='between(t,0,10)':x=(main_w-{pythono}_w-30):y=30"],"i":["[6]split=2[color][alpha];[color]crop=iw\/2:ih:0:0[color];[alpha]crop=iw\/2:ih:iw\/2:0[alpha];[color][alpha]{pythonmerge}[ovrly];[0]scale=540:960,setsar=1[0_scalled];[1]scale=540:960,setsar=1[1_scalled];[2]scale=540:960,setsar=1[2_scalled];[3]scale=540:960,setsar=1[3_scalled];[4]scale=540:960,setsar=1[4_scalled];[5]scale=540:960,setsar=1[5_scalled];[0]scale=540:960,setsar=1[6_scalled];[1]scale=540:960,setsar=1[7_scalled];[2]scale=540:960,setsar=1[8_scalled];[3]scale=540:960,setsar=1[9_scalled];[4]scale=540:960,setsar=1[10_scalled];[5]scale=540:960,setsar=1[11_scalled];[0]scale=540:960,setsar=1[12_scalled];[1]scale=540:960,setsar=1[13_scalled];[2]scale=540:960,setsar=1[14_scalled];[3]scale=540:960,setsar=1[15_scalled];[4]scale=540:960,setsar=1[16_scalled];[5]scale=540:960,setsar=1[17_scalled];[0]scale=540:960,setsar=1[18_scalled];[1]scale=540:960,setsar=1[19_scalled];[2]scale=540:960,setsar=1[20_scalled];[3]scale=540:960,setsar=1[21_scalled];[4]scale=540:960,setsar=1[22_scalled];[5]scale=540:960,setsar=1[23_scalled];[0]scale=540:960,setsar=1[24_scalled];[1]scale=540:960,setsar=1[25_scalled];[2]scale=540:960,setsar=1[26_scalled];[3]scale=540:960,setsar=1[27_scalled];[4]scale=540:960,setsar=1[28_scalled];[5]scale=540:960,setsar=1[29_scalled];[0]scale=540:960,setsar=1[30_scalled];[1]scale=540:960,setsar=1[31_scalled];[2]scale=540:960,setsar=1[32_scalled];[3]scale=540:960,setsar=1[33_scalled];[4]scale=540:960,setsar=1[34_scalled];[5]scale=540:960,setsar=1[35_scalled];[0]scale=540:960,setsar=1[36_scalled];[1]scale=540:960,setsar=1[37_scalled];[2]scale=540:960,setsar=1[38_scalled];[3]scale=540:960,setsar=1[39_scalled];[4]scale=540:960,setsar=1[40_scalled];[5]scale=540:960,setsar=1[41_scalled];[0_scalled]scale=iw*2:ih*2,{pythonz}pan=z=1:d=25*0.1:s=540x960[v0];[1_scalled]scale=iw*2:ih*2,{pythonz}pan=z=1:d=25*(0.23-0.1):s=540x960[v1];[2_scalled]scale=iw*2:ih*2,{pythonz}pan=z=1:d=25*(0.40-0.23):s=540x960[v2];[3_scalled]scale=iw*2:ih*2,{pythonz}pan=z=1:d=25*(0.54-0.40):s=540x960[v3];[4_scalled]scale=iw*2:ih*2,{pythonz}pan=z=1:d=25*(0.63-0.54):s=540x960[v4];[5_scalled]scale=iw*2:ih*2,{pythonz}pan=z=1:d=25*(0.80-0.63):s=540x960[v5];[6_scalled]scale=iw*2:ih*2,{pythonz}pan=z=1:d=25*(0.93-0.80):s=540x960[v6];[7_scalled]scale=iw*2:ih*2,{pythonz}pan=z=1:d=25*(1.07-0.93):s=540x960[v7];[8_scalled]scale=iw*2:ih*2,{pythonz}pan=z=1:d=25*(1.209-1.07):s=540x960[v8];[9_scalled]scale=iw*2:ih*2,{pythonz}pan=z=1:d=25*(1.30-1.209):s=540x960[v9];[10_scalled]scale=iw*2:ih*2,{pythonz}pan=z=1:d=25*(1.43-1.30):s=540x960[v10];[11_scalled]scale=iw*2:ih*2,{pythonz}pan=z=1:d=25*(1.56-1.43):s=540x960[v11];[12_scalled]scale=iw*2:ih*2,{pythonz}pan=z=1:d=25*(1.63-1.56):s=540x960[v12];[13_scalled]scale=iw*2:ih*2,{pythonz}pan=z=1:d=25*(1.80-1.63):s=540x960[v13];[14_scalled]scale=iw*2:ih*2,{pythonz}pan=z=1:d=25*(1.93-1.80):s=540x960[v14];[15_scalled]scale=iw*2:ih*2,{pythonz}pan=z=1:d=25*(2.039-1.93):s=540x960[v15];[16_scalled]scale=iw*2:ih*2,{pythonz}pan=z=1:d=25*(2.27-2.039):s=540x960[v16];[17_scalled]scale=iw*2:ih*2,{pythonz}pan=z=1:d=25*(2.41-2.27):s=540x960[v17];[18_scalled]scale=iw*2:ih*2,{pythonz}pan=z=1:d=25*(2.64-2.41):s=540x960[v18];[19_scalled]scale=iw*2:ih*2,{pythonz}pan=z=1:d=25*(2.909-2.64):s=540x960[v19];[20_scalled]scale=iw*2:ih*2,{pythonz}pan=z=1:d=25*(3.14-2.909):s=540x960[v20];[21_scalled]scale=iw*2:ih*2,{pythonz}pan=z=1:d=25*(2.039-1.93):s=540x960[v21];[22_scalled]scale=iw*2:ih*2,{pythonz}pan=z=1:d=25*(2.27-2.039):s=540x960[v22];[23_scalled]scale=iw*2:ih*2,{pythonz}pan=z=1:d=25*(2.41-2.27):s=540x960[v23];[24_scalled]scale=iw*2:ih*2,{pythonz}pan=z=1:d=25*(2.64-2.41):s=540x960[v24];[25_scalled]scale=iw*2:ih*2,{pythonz}pan=z=1:d=25*(2.909-2.64):s=540x960[v25];[26_scalled]scale=iw*2:ih*2,{pythonz}pan=z=1:d=25*(3.14-2.909):s=540x960[v26];[27_scalled]scale=iw*2:ih*2,{pythonz}pan=z=1:d=25*(3.34-3.14):s=540x960[v27];[28_scalled]scale=iw*2:ih*2,{pythonz}pan=z=1:d=25*(3.64-3.34):s=540x960[v28];[29_scalled]scale=iw*2:ih*2,{pythonz}pan=z=1:d=25*(3.97-3.64):s=540x960[v29];[30_scalled]scale=iw*2:ih*2,{pythonz}pan=z=1:d=25*(4.14-3.97):s=540x960[v30];[31_scalled]scale=iw*2:ih*2,{pythonz}pan=z=1:d=25*(4.47-4.14):s=540x960[v31];[32_scalled]scale=iw*2:ih*2,{pythonz}pan=z=1:d=25*(4.78-4.47):s=540x960[v32];[33_scalled]scale=iw*2:ih*2,{pythonz}pan=z=1:d=25*(5.16-4.78):s=540x960[v33];[34_scalled]scale=iw*2:ih*2,{pythonz}pan=z=1:d=25*(5.48-5.16):s=540x960[v34];[35_scalled]scale=iw*2:ih*2,{pythonz}pan=z=1:d=25*(5.73-5.48):s=540x960[v35];[36_scalled]scale=iw*2:ih*2,{pythonz}pan=z=1:d=25*(6.23-5.73):s=540x960[v36];[37_scalled]scale=iw*2:ih*2,{pythonz}pan=z=1:d=25*(6.61-6.23):s=540x960[v37];[38_scalled]scale=iw*2:ih*2,{pythonz}pan=z=1:d=25*(7.20-6.61):s=540x960[v38];[39_scalled]scale=iw*2:ih*2,{pythonz}pan=z=1:d=25*(7.87-7.20):s=540x960[v39];[40_scalled]scale=iw*2:ih*2,{pythonz}pan=z=1:d=25*(8.93-7.87):s=540x960[v40];[41_scalled]scale=iw*2:ih*2,{pythonz}pan=z=1:d=25*(10-8.93):s=540x960[v41];[v0][v1][v2][v3][v4][v5][v6][v7][v8][v9][v10][v11][v12][v13][v14][v15][v16][v17][v18][v19][v20][v21][v22][v23][v24][v25][v26][v27][v28][v29][v30][v31][v32][v33][v34][v35][v36][v37][v38][v39][v40][v41]concat=n=42:v=1:a=0,format=yuv420p[v16];[v16][ovrly]{pythono}=0:0[base_video];[base_video][7]{pythono}=enable='between(t,0,10)':x=(main_w-{pythono}_w-30):y=30[final_video]"],"n":[],"g":[],"c":[],"o":["-map","[final_video]","-map","8:a"],"d":["-t","10","-strict","-2"],"s":[],"layers":[{"ao":0,"bm":1,"ddd":0,"ind":1,"ip":0,"ks":{"a":{"a":0,"ix":1,"k":[270,480,0]},"o":{"a":0,"ix":11,"k":18.039},"p":{"a":0,"ix":2,"k":[270,480,0]},"r":{"a":0,"ix":10,"k":0},"s":{"a":0,"ix":6,"k":[100,100,100]}},"nm":"all","op":327,"refId":"image_0","sr":1,"st":0,"ty":2},{"ao":0,"bm":3,"ddd":0,"ind":2,"ip":76,"ks":{"a":{"a":0,"ix":1,"k":[270,480,0]},"o":{"a":0,"ix":11,"k":40},"p":{"a":0,"ix":2,"k":[270,480,0]},"r":{"a":0,"ix":10,"k":0},"s":{"a":0,"ix":6,"k":[100,100,100]}},"nm":"lvjing  all 3","op":327,"refId":"image_1","sr":1,"st":-8,"ty":2},{"ao":0,"bm":13,"ddd":0,"ind":3,"ip":76,"ks":{"a":{"a":0,"ix":1,"k":[270,480,0]},"o":{"a":0,"ix":11,"k":50.196},"p":{"a":0,"ix":2,"k":[270,480,0]},"r":{"a":0,"ix":10,"k":0},"s":{"a":0,"ix":6,"k":[100,100,100]}},"nm":"baohedu all 3","op":327,"refId":"image_2","sr":1,"st":-8,"ty":2}],"mu":["[6]split=2[color][alpha];[color]crop=iw\/2:ih:0:0[color];[alpha]crop=iw\/2:ih:iw\/2:0[alpha];[color][alpha]{pythonmerge}[ovrly];[0]scale=540:960,setsar=1[0_scalled];[1]scale=540:960,setsar=1[1_scalled];[2]scale=540:960,setsar=1[2_scalled];[3]scale=540:960,setsar=1[3_scalled];[4]scale=540:960,setsar=1[4_scalled];[5]scale=540:960,setsar=1[5_scalled];[0]scale=540:960,setsar=1[6_scalled];[1]scale=540:960,setsar=1[7_scalled];[2]scale=540:960,setsar=1[8_scalled];[3]scale=540:960,setsar=1[9_scalled];[4]scale=540:960,setsar=1[10_scalled];[5]scale=540:960,setsar=1[11_scalled];[0]scale=540:960,setsar=1[12_scalled];[1]scale=540:960,setsar=1[13_scalled];[2]scale=540:960,setsar=1[14_scalled];[3]scale=540:960,setsar=1[15_scalled];[4]scale=540:960,setsar=1[16_scalled];[5]scale=540:960,setsar=1[17_scalled];[0]scale=540:960,setsar=1[18_scalled];[1]scale=540:960,setsar=1[19_scalled];[2]scale=540:960,setsar=1[20_scalled];[3]scale=540:960,setsar=1[21_scalled];[4]scale=540:960,setsar=1[22_scalled];[5]scale=540:960,setsar=1[23_scalled];[0]scale=540:960,setsar=1[24_scalled];[1]scale=540:960,setsar=1[25_scalled];[2]scale=540:960,setsar=1[26_scalled];[3]scale=540:960,setsar=1[27_scalled];[4]scale=540:960,setsar=1[28_scalled];[5]scale=540:960,setsar=1[29_scalled];[0]scale=540:960,setsar=1[30_scalled];[1]scale=540:960,setsar=1[31_scalled];[2]scale=540:960,setsar=1[32_scalled];[3]scale=540:960,setsar=1[33_scalled];[4]scale=540:960,setsar=1[34_scalled];[5]scale=540:960,setsar=1[35_scalled];[0]scale=540:960,setsar=1[36_scalled];[1]scale=540:960,setsar=1[37_scalled];[2]scale=540:960,setsar=1[38_scalled];[3]scale=540:960,setsar=1[39_scalled];[4]scale=540:960,setsar=1[40_scalled];[5]scale=540:960,setsar=1[41_scalled];[0_scalled]scale=iw*2:ih*2,{pythonz}pan=z=1:d=25*0.1:s=540x960[v0];[1_scalled]scale=iw*2:ih*2,{pythonz}pan=z=1:d=25*(0.23-0.1):s=540x960[v1];[2_scalled]scale=iw*2:ih*2,{pythonz}pan=z=1:d=25*(0.40-0.23):s=540x960[v2];[3_scalled]scale=iw*2:ih*2,{pythonz}pan=z=1:d=25*(0.54-0.40):s=540x960[v3];[4_scalled]scale=iw*2:ih*2,{pythonz}pan=z=1:d=25*(0.63-0.54):s=540x960[v4];[5_scalled]scale=iw*2:ih*2,{pythonz}pan=z=1:d=25*(0.80-0.63):s=540x960[v5];[6_scalled]scale=iw*2:ih*2,{pythonz}pan=z=1:d=25*(0.93-0.80):s=540x960[v6];[7_scalled]scale=iw*2:ih*2,{pythonz}pan=z=1:d=25*(1.07-0.93):s=540x960[v7];[8_scalled]scale=iw*2:ih*2,{pythonz}pan=z=1:d=25*(1.209-1.07):s=540x960[v8];[9_scalled]scale=iw*2:ih*2,{pythonz}pan=z=1:d=25*(1.30-1.209):s=540x960[v9];[10_scalled]scale=iw*2:ih*2,{pythonz}pan=z=1:d=25*(1.43-1.30):s=540x960[v10];[11_scalled]scale=iw*2:ih*2,{pythonz}pan=z=1:d=25*(1.56-1.43):s=540x960[v11];[12_scalled]scale=iw*2:ih*2,{pythonz}pan=z=1:d=25*(1.63-1.56):s=540x960[v12];[13_scalled]scale=iw*2:ih*2,{pythonz}pan=z=1:d=25*(1.80-1.63):s=540x960[v13];[14_scalled]scale=iw*2:ih*2,{pythonz}pan=z=1:d=25*(1.93-1.80):s=540x960[v14];[15_scalled]scale=iw*2:ih*2,{pythonz}pan=z=1:d=25*(2.039-1.93):s=540x960[v15];[16_scalled]scale=iw*2:ih*2,{pythonz}pan=z=1:d=25*(2.27-2.039):s=540x960[v16];[17_scalled]scale=iw*2:ih*2,{pythonz}pan=z=1:d=25*(2.41-2.27):s=540x960[v17];[18_scalled]scale=iw*2:ih*2,{pythonz}pan=z=1:d=25*(2.64-2.41):s=540x960[v18];[19_scalled]scale=iw*2:ih*2,{pythonz}pan=z=1:d=25*(2.909-2.64):s=540x960[v19];[20_scalled]scale=iw*2:ih*2,{pythonz}pan=z=1:d=25*(3.14-2.909):s=540x960[v20];[21_scalled]scale=iw*2:ih*2,{pythonz}pan=z=1:d=25*(2.039-1.93):s=540x960[v21];[22_scalled]scale=iw*2:ih*2,{pythonz}pan=z=1:d=25*(2.27-2.039):s=540x960[v22];[23_scalled]scale=iw*2:ih*2,{pythonz}pan=z=1:d=25*(2.41-2.27):s=540x960[v23];[24_scalled]scale=iw*2:ih*2,{pythonz}pan=z=1:d=25*(2.64-2.41):s=540x960[v24];[25_scalled]scale=iw*2:ih*2,{pythonz}pan=z=1:d=25*(2.909-2.64):s=540x960[v25];[26_scalled]scale=iw*2:ih*2,{pythonz}pan=z=1:d=25*(3.14-2.909):s=540x960[v26];[27_scalled]scale=iw*2:ih*2,{pythonz}pan=z=1:d=25*(3.34-3.14):s=540x960[v27];[28_scalled]scale=iw*2:ih*2,{pythonz}pan=z=1:d=25*(3.64-3.34):s=540x960[v28];[29_scalled]scale=iw*2:ih*2,{pythonz}pan=z=1:d=25*(3.97-3.64):s=540x960[v29];[30_scalled]scale=iw*2:ih*2,{pythonz}pan=z=1:d=25*(4.14-3.97):s=540x960[v30];[31_scalled]scale=iw*2:ih*2,{pythonz}pan=z=1:d=25*(4.47-4.14):s=540x960[v31];[32_scalled]scale=iw*2:ih*2,{pythonz}pan=z=1:d=25*(4.78-4.47):s=540x960[v32];[33_scalled]scale=iw*2:ih*2,{pythonz}pan=z=1:d=25*(5.16-4.78):s=540x960[v33];[34_scalled]scale=iw*2:ih*2,{pythonz}pan=z=1:d=25*(5.48-5.16):s=540x960[v34];[35_scalled]scale=iw*2:ih*2,{pythonz}pan=z=1:d=25*(5.73-5.48):s=540x960[v35];[36_scalled]scale=iw*2:ih*2,{pythonz}pan=z=1:d=25*(6.23-5.73):s=540x960[v36];[37_scalled]scale=iw*2:ih*2,{pythonz}pan=z=1:d=25*(6.61-6.23):s=540x960[v37];[38_scalled]scale=iw*2:ih*2,{pythonz}pan=z=1:d=25*(7.20-6.61):s=540x960[v38];[39_scalled]scale=iw*2:ih*2,{pythonz}pan=z=1:d=25*(7.87-7.20):s=540x960[v39];[40_scalled]scale=iw*2:ih*2,{pythonz}pan=z=1:d=25*(8.93-7.87):s=540x960[v40];[41_scalled]scale=iw*2:ih*2,{pythonz}pan=z=1:d=25*(10-8.93):s=540x960[v41];[v0][v1][v2][v3][v4][v5][v6][v7][v8][v9][v10][v11][v12][v13][v14][v15][v16][v17][v18][v19][v20][v21][v22][v23][v24][v25][v26][v27][v28][v29][v30][v31][v32][v33][v34][v35][v36][v37][v38][v39][v40][v41]concat=n=42:v=1:a=0,format=yuv420p[v16];[v16][ovrly]{pythono}=0:0"],"ke":["[6]split=2[color][alpha];[color]crop=iw\/2:ih:0:0[color];[alpha]crop=iw\/2:ih:iw\/2:0[alpha];[color][alpha]{pythonmerge}[ovrly];[0]scale=540:960,setsar=1[0_scalled];[1]scale=540:960,setsar=1[1_scalled];[2]scale=540:960,setsar=1[2_scalled];[3]scale=540:960,setsar=1[3_scalled];[4]scale=540:960,setsar=1[4_scalled];[5]scale=540:960,setsar=1[5_scalled];[0]scale=540:960,setsar=1[6_scalled];[1]scale=540:960,setsar=1[7_scalled];[2]scale=540:960,setsar=1[8_scalled];[3]scale=540:960,setsar=1[9_scalled];[4]scale=540:960,setsar=1[10_scalled];[5]scale=540:960,setsar=1[11_scalled];[0]scale=540:960,setsar=1[12_scalled];[1]scale=540:960,setsar=1[13_scalled];[2]scale=540:960,setsar=1[14_scalled];[3]scale=540:960,setsar=1[15_scalled];[4]scale=540:960,setsar=1[16_scalled];[5]scale=540:960,setsar=1[17_scalled];[0]scale=540:960,setsar=1[18_scalled];[1]scale=540:960,setsar=1[19_scalled];[2]scale=540:960,setsar=1[20_scalled];[3]scale=540:960,setsar=1[21_scalled];[4]scale=540:960,setsar=1[22_scalled];[5]scale=540:960,setsar=1[23_scalled];[0]scale=540:960,setsar=1[24_scalled];[1]scale=540:960,setsar=1[25_scalled];[2]scale=540:960,setsar=1[26_scalled];[3]scale=540:960,setsar=1[27_scalled];[4]scale=540:960,setsar=1[28_scalled];[5]scale=540:960,setsar=1[29_scalled];[0]scale=540:960,setsar=1[30_scalled];[1]scale=540:960,setsar=1[31_scalled];[2]scale=540:960,setsar=1[32_scalled];[3]scale=540:960,setsar=1[33_scalled];[4]scale=540:960,setsar=1[34_scalled];[5]scale=540:960,setsar=1[35_scalled];[0]scale=540:960,setsar=1[36_scalled];[1]scale=540:960,setsar=1[37_scalled];[2]scale=540:960,setsar=1[38_scalled];[3]scale=540:960,setsar=1[39_scalled];[4]scale=540:960,setsar=1[40_scalled];[5]scale=540:960,setsar=1[41_scalled];[0_scalled]scale=iw*2:ih*2,{pythonz}pan=z=1:d=25*0.1:s=540x960[v0];[1_scalled]scale=iw*2:ih*2,{pythonz}pan=z=1:d=25*(0.23-0.1):s=540x960[v1];[2_scalled]scale=iw*2:ih*2,{pythonz}pan=z=1:d=25*(0.40-0.23):s=540x960[v2];[3_scalled]scale=iw*2:ih*2,{pythonz}pan=z=1:d=25*(0.54-0.40):s=540x960[v3];[4_scalled]scale=iw*2:ih*2,{pythonz}pan=z=1:d=25*(0.63-0.54):s=540x960[v4];[5_scalled]scale=iw*2:ih*2,{pythonz}pan=z=1:d=25*(0.80-0.63):s=540x960[v5];[6_scalled]scale=iw*2:ih*2,{pythonz}pan=z=1:d=25*(0.93-0.80):s=540x960[v6];[7_scalled]scale=iw*2:ih*2,{pythonz}pan=z=1:d=25*(1.07-0.93):s=540x960[v7];[8_scalled]scale=iw*2:ih*2,{pythonz}pan=z=1:d=25*(1.209-1.07):s=540x960[v8];[9_scalled]scale=iw*2:ih*2,{pythonz}pan=z=1:d=25*(1.30-1.209):s=540x960[v9];[10_scalled]scale=iw*2:ih*2,{pythonz}pan=z=1:d=25*(1.43-1.30):s=540x960[v10];[11_scalled]scale=iw*2:ih*2,{pythonz}pan=z=1:d=25*(1.56-1.43):s=540x960[v11];[12_scalled]scale=iw*2:ih*2,{pythonz}pan=z=1:d=25*(1.63-1.56):s=540x960[v12];[13_scalled]scale=iw*2:ih*2,{pythonz}pan=z=1:d=25*(1.80-1.63):s=540x960[v13];[14_scalled]scale=iw*2:ih*2,{pythonz}pan=z=1:d=25*(1.93-1.80):s=540x960[v14];[15_scalled]scale=iw*2:ih*2,{pythonz}pan=z=1:d=25*(2.039-1.93):s=540x960[v15];[16_scalled]scale=iw*2:ih*2,{pythonz}pan=z=1:d=25*(2.27-2.039):s=540x960[v16];[17_scalled]scale=iw*2:ih*2,{pythonz}pan=z=1:d=25*(2.41-2.27):s=540x960[v17];[18_scalled]scale=iw*2:ih*2,{pythonz}pan=z=1:d=25*(2.64-2.41):s=540x960[v18];[19_scalled]scale=iw*2:ih*2,{pythonz}pan=z=1:d=25*(2.909-2.64):s=540x960[v19];[20_scalled]scale=iw*2:ih*2,{pythonz}pan=z=1:d=25*(3.14-2.909):s=540x960[v20];[21_scalled]scale=iw*2:ih*2,{pythonz}pan=z=1:d=25*(2.039-1.93):s=540x960[v21];[22_scalled]scale=iw*2:ih*2,{pythonz}pan=z=1:d=25*(2.27-2.039):s=540x960[v22];[23_scalled]scale=iw*2:ih*2,{pythonz}pan=z=1:d=25*(2.41-2.27):s=540x960[v23];[24_scalled]scale=iw*2:ih*2,{pythonz}pan=z=1:d=25*(2.64-2.41):s=540x960[v24];[25_scalled]scale=iw*2:ih*2,{pythonz}pan=z=1:d=25*(2.909-2.64):s=540x960[v25];[26_scalled]scale=iw*2:ih*2,{pythonz}pan=z=1:d=25*(3.14-2.909):s=540x960[v26];[27_scalled]scale=iw*2:ih*2,{pythonz}pan=z=1:d=25*(3.34-3.14):s=540x960[v27];[28_scalled]scale=iw*2:ih*2,{pythonz}pan=z=1:d=25*(3.64-3.34):s=540x960[v28];[29_scalled]scale=iw*2:ih*2,{pythonz}pan=z=1:d=25*(3.97-3.64):s=540x960[v29];[30_scalled]scale=iw*2:ih*2,{pythonz}pan=z=1:d=25*(4.14-3.97):s=540x960[v30];[31_scalled]scale=iw*2:ih*2,{pythonz}pan=z=1:d=25*(4.47-4.14):s=540x960[v31];[32_scalled]scale=iw*2:ih*2,{pythonz}pan=z=1:d=25*(4.78-4.47):s=540x960[v32];[33_scalled]scale=iw*2:ih*2,{pythonz}pan=z=1:d=25*(5.16-4.78):s=540x960[v33];[34_scalled]scale=iw*2:ih*2,{pythonz}pan=z=1:d=25*(5.48-5.16):s=540x960[v34];[35_scalled]scale=iw*2:ih*2,{pythonz}pan=z=1:d=25*(5.73-5.48):s=540x960[v35];[36_scalled]scale=iw*2:ih*2,{pythonz}pan=z=1:d=25*(6.23-5.73):s=540x960[v36];[37_scalled]scale=iw*2:ih*2,{pythonz}pan=z=1:d=25*(6.61-6.23):s=540x960[v37];[38_scalled]scale=iw*2:ih*2,{pythonz}pan=z=1:d=25*(7.20-6.61):s=540x960[v38];[39_scalled]scale=iw*2:ih*2,{pythonz}pan=z=1:d=25*(7.87-7.20):s=540x960[v39];[40_scalled]scale=iw*2:ih*2,{pythonz}pan=z=1:d=25*(8.93-7.87):s=540x960[v40];[41_scalled]scale=iw*2:ih*2,{pythonz}pan=z=1:d=25*(10-8.93):s=540x960[v41];[v0][v1][v2][v3][v4][v5][v6][v7][v8][v9][v10][v11][v12][v13][v14][v15][v16][v17][v18][v19][v20][v21][v22][v23][v24][v25][v26][v27][v28][v29][v30][v31][v32][v33][v34][v35][v36][v37][v38][v39][v40][v41]concat=n=42:v=1:a=0,format=yuv420p[v16];[v16][ovrly]{pythono}=0:0[final_video]"],"sh":["-map","[final_video]","-map","7:a"]}