{
  "images":[
    {
      "name":"img_0.jpg",
      "w":295,
      "h":230,
      "prefix":[
        "-i"
      ],
      "postfix":[

      ]
    },
    {
      "name":"img_1.jpg",
      "w":295,
      "h":230,
      "prefix":[
        "-i"
      ],
      "postfix":[

      ]
    },
    {
      "name":"img_2.jpg",
      "w":295,
      "h":230,
      "prefix":[
        "-i"
      ],
      "postfix":[

      ]
    },
    {
      "name":"img_3.jpg",
      "w":295,
      "h":230,
      "prefix":[
        "-i"
      ],
      "postfix":[

      ]
    }
  ],
  "static_inputs":[
    {
      "name":"background_video.mp4",
      "prefix":[
        "-i"
      ],
      "postfix":[

      ]
    },
    {
      "name":"first.jpg",
      "prefix":[
        "-loop",
        "1",
        "-t",
        "13",
        "-i"
      ],
      "postfix":[

      ]
    }
  ],
  "video":{
    "w":540,
    "h":960,
    "duration":13
  },
  "e":[],
  "m":[
    "-{pythoncomplex}"
  ],
  "r":["[4]split=2[color][alpha]; [color]crop=iw/2:ih:0:0[color]; [alpha]crop=iw/2:ih:iw/2:0[alpha]; [color][alpha]{pythonmerge}[ovrly]; [0]scale=295:230[0_scalled]; [1]scale=295:230[1_scalled]; [2]scale=295:230[2_scalled]; [3]scale=295:230[3_scalled]; [5][0_scalled]{pythono}=enable='between=(t,0.7,3.6)':x=82:y=557[v1]; [v1][1_scalled]{pythono}=enable='between=(t,3.6,6.8)':x=82:y=557[v2]; [v2][2_scalled]{pythono}=enable='between=(t,6.8,10.4)':x=82:y=557[v3]; [v3][3_scalled]{pythono}=enable='between=(t,10.4,12.6)':x=82:y=557[v4]; [v4][ovrly]{pythono}=0:0[base_video]; [base_video][6]{pythono}=enable='between(t,0,6)':x=30:y=30[watermarked_part1]; [watermarked_part1][6]{pythono}=enable='between(t,6,13)':x=(main_w-{pythono}_w-30):y=(main_h-{pythono}_h-30)"],
  "i":["[4]split=2[color][alpha]; [color]crop=iw/2:ih:0:0[color]; [alpha]crop=iw/2:ih:iw/2:0[alpha]; [color][alpha]{pythonmerge}[ovrly]; [0]scale=295:230[0_scalled]; [1]scale=295:230[1_scalled]; [2]scale=295:230[2_scalled]; [3]scale=295:230[3_scalled]; [5][0_scalled]{pythono}=enable='between=(t,0.7,3.6)':x=82:y=557[v1]; [v1][1_scalled]{pythono}=enable='between=(t,3.6,6.8)':x=82:y=557[v2]; [v2][2_scalled]{pythono}=enable='between=(t,6.8,10.4)':x=82:y=557[v3]; [v3][3_scalled]{pythono}=enable='between=(t,10.4,12.6)':x=82:y=557[v4]; [v4][ovrly]{pythono}=0:0[base_video]; [base_video][6]{pythono}=enable='between(t,0,6)':x=30:y=30[watermarked_part1]; [watermarked_part1][6]{pythono}=enable='between(t,6,13)':x=(main_w-{pythono}_w-30):y=(main_h-{pythono}_h-30)[final_video]"],
  "n":[],
  "g":[],
  "c":[],
  "o":[
    "-map",
    "[final_video]",
    "-map",
    "7:a"
  ],
  "d":[
    "-t",
    "13"
  ],
  "s":[],
  "layers": [
    {
      "ao": 0,
      "bm": 1,
      "ddd": 0,
      "ind": 1,
      "ip": 0,
      "ks": {
        "a": {
          "a": 0,
          "ix": 1,
          "k": [
            270,
            480,
            0
          ]
        },
        "o": {
          "a": 0,
          "ix": 11,
          "k": 18.039
        },
        "p": {
          "a": 0,
          "ix": 2,
          "k": [
            270,
            480,
            0
          ]
        },
        "r": {
          "a": 0,
          "ix": 10,
          "k": 0
        },
        "s": {
          "a": 0,
          "ix": 6,
          "k": [
            100,
            100,
            100
          ]
        }
      },
      "nm": "all",
      "op": 327,
      "refId": "image_0",
      "sr": 1,
      "st": 0,
      "ty": 2
    },
    {
      "ao": 0,
      "bm": 3,
      "ddd": 0,
      "ind": 2,
      "ip": 76,
      "ks": {
        "a": {
          "a": 0,
          "ix": 1,
          "k": [
            270,
            480,
            0
          ]
        },
        "o": {
          "a": 0,
          "ix": 11,
          "k": 40
        },
        "p": {
          "a": 0,
          "ix": 2,
          "k": [
            270,
            480,
            0
          ]
        },
        "r": {
          "a": 0,
          "ix": 10,
          "k": 0
        },
        "s": {
          "a": 0,
          "ix": 6,
          "k": [
            100,
            100,
            100
          ]
        }
      },
      "nm": "lvjing  all 3",
      "op": 327,
      "refId": "image_1",
      "sr": 1,
      "st": -8,
      "ty": 2
    },
    {
      "ao": 0,
      "bm": 13,
      "ddd": 0,
      "ind": 3,
      "ip": 76,
      "ks": {
        "a": {
          "a": 0,
          "ix": 1,
          "k": [
            270,
            480,
            0
          ]
        },
        "o": {
          "a": 0,
          "ix": 11,
          "k": 50.196
        },
        "p": {
          "a": 0,
          "ix": 2,
          "k": [
            270,
            480,
            0
          ]
        },
        "r": {
          "a": 0,
          "ix": 10,
          "k": 0
        },
        "s": {
          "a": 0,
          "ix": 6,
          "k": [
            100,
            100,
            100
          ]
        }
      },
      "nm": "baohedu all 3",
      "op": 327,
      "refId": "image_2",
      "sr": 1,
      "st": -8,
      "ty": 2
    }
  ]
}