{
  "images": [
    {
      "name": "img_0.jpg",
      "w": 475,
      "h": 546,
      "prefix": [
        "-i"
      ],
      "postfix": [
      ]
    },
    {
      "name": "img_1.jpg",
      "w": 475,
      "h": 546,
      "prefix": [
        "-i"
      ],
      "postfix": [
      ]
    },
    {
      "name": "img_2.jpg",
      "w": 475,
      "h": 546,
      "prefix": [
        "-i"
      ],
      "postfix": [
      ]
    }
  ],
  "static_inputs": [
    {
      "name": "background_video.mp4",
      "prefix": [
        "-i"
      ],
      "postfix": [
      ]
    },
    {
      "name": "first.jpg",
      "prefix": [
        "-i"
      ],
      "postfix": [
      ]
    }
  ],
  "video": {
    "h": 960,
    "w": 540,
    "duration": 31
  },
  "e": [],
  "m": [
    "-{pythoncomplex}"
  ],
  "r": [
    "[3]split=2[color][alpha];[color]crop=iw/2:ih:0:0[color];[alpha]crop=iw/2:ih:iw/2:0[alpha];[color][alpha]{pythonmerge}[ovrly];[0]scale=475:546,setsar=1[0_scalled_color];[0]scale=475:546,hue=s=0,setsar=1[0_scalled_black];[1]scale=475:546,setsar=1[1_scalled_color];[1]scale=475:546,hue=s=0,setsar=1[1_scalled_black];[2]scale=475:546,setsar=1[2_scalled_color];[2]scale=475:546,hue=s=0,setsar=1[2_scalled_black];[4][0_scalled_color]{pythono}=x=33:y=40[base_img_1];[4][0_scalled_black]{pythono}=x=33:y=40[base_img_2];[4][1_scalled_color]{pythono}=x=33:y=40[base_img_3];[4][1_scalled_black]{pythono}=x=33:y=40[base_img_4];[4][2_scalled_color]{pythono}=x=33:y=40[base_img_5];[4][2_scalled_black]{pythono}=x=33:y=40[base_img_6];[base_img_1]{pythonz}pan=z=1:d=25*10.311:s=540x960,{pythonf}=t=in:st=0:d=1[v0];[base_img_2]{pythonz}pan=z=1:d=25*10.311:s=540x960,{pythonf}=t=in:st=0:d=1[v1];[base_img_3]{pythonz}pan=z=1:d=25*(20.561-10.311):s=540x960[v2];[base_img_4]{pythonz}pan=z=1:d=25*(20.561-10.311):s=540x960[v3];[base_img_5]{pythonz}pan=z=1:d=25*(31-20.561):s=540x960[v4];[base_img_6]{pythonz}pan=z=1:d=25*(31-20.561):s=540x960[v5];[v1][v0]{pythono}=x='if(lte(n,25*0.850),0,if(lte(n,25*1.300),if(lte(mod(n,6),4),0,541),if(lte(n,25*3.710),0,if(lte(n,25*4.200),if(lte(mod(n,6),4),0,541),if(lte(n,25*6.360),0,if(lte(n,25*6.900),if(lte(mod(n,6),4),0,541),0))))))'[mix_video1];[v3][v2]{pythono}=x='if(lte(n,25*1.789),0,if(lte(n,25*2.239),if(lte(mod(n,6),4),0,541),if(lte(n,25*4.29),0,if(lte(n,25*4.840),if(lte(mod(n,6),4),0,541),if(lte(n,25*7.209),0,if(lte(n,25*7.659),if(lte(mod(n,6),4),0,541),0))))))'[mix_video2];[v5][v4]{pythono}=x='if(lte(n,25*2.460),0,if(lte(n,25*2.910),if(lte(mod(n,6),4),0,541),if(lte(n,25*5.209),0,if(lte(n,25*5.659),if(lte(mod(n,6),4),0,541),if(lte(n,25*7.960),0,if(lte(n,25*8.410),if(lte(mod(n,6),4),0,541),0))))))'[mix_video3];[mix_video1][mix_video2][mix_video3]concat=n=3:v=1:a=0,format=yuv420p[concatenated_video];[concatenated_video][ovrly]{pythono}=0:0[base_video];[base_video][5]{pythono}=enable='between(t,0,15)':x=30:y=30[watermarked_part1];[watermarked_part1][5]{pythono}=enable='between(t,15,31)':x=(main_w-{pythono}_w-30):y=30"
  ],
  "i": [
    "[3]split=2[color][alpha];[color]crop=iw/2:ih:0:0[color];[alpha]crop=iw/2:ih:iw/2:0[alpha];[color][alpha]{pythonmerge}[ovrly];[0]scale=475:546,setsar=1[0_scalled_color];[0]scale=475:546,hue=s=0,setsar=1[0_scalled_black];[1]scale=475:546,setsar=1[1_scalled_color];[1]scale=475:546,hue=s=0,setsar=1[1_scalled_black];[2]scale=475:546,setsar=1[2_scalled_color];[2]scale=475:546,hue=s=0,setsar=1[2_scalled_black];[4][0_scalled_color]{pythono}=x=33:y=40[base_img_1];[4][0_scalled_black]{pythono}=x=33:y=40[base_img_2];[4][1_scalled_color]{pythono}=x=33:y=40[base_img_3];[4][1_scalled_black]{pythono}=x=33:y=40[base_img_4];[4][2_scalled_color]{pythono}=x=33:y=40[base_img_5];[4][2_scalled_black]{pythono}=x=33:y=40[base_img_6];[base_img_1]{pythonz}pan=z=1:d=25*10.311:s=540x960,{pythonf}=t=in:st=0:d=1[v0];[base_img_2]{pythonz}pan=z=1:d=25*10.311:s=540x960,{pythonf}=t=in:st=0:d=1[v1];[base_img_3]{pythonz}pan=z=1:d=25*(20.561-10.311):s=540x960[v2];[base_img_4]{pythonz}pan=z=1:d=25*(20.561-10.311):s=540x960[v3];[base_img_5]{pythonz}pan=z=1:d=25*(31-20.561):s=540x960[v4];[base_img_6]{pythonz}pan=z=1:d=25*(31-20.561):s=540x960[v5];[v1][v0]{pythono}=x='if(lte(n,25*0.850),0,if(lte(n,25*1.300),if(lte(mod(n,6),4),0,541),if(lte(n,25*3.710),0,if(lte(n,25*4.200),if(lte(mod(n,6),4),0,541),if(lte(n,25*6.360),0,if(lte(n,25*6.900),if(lte(mod(n,6),4),0,541),0))))))'[mix_video1];[v3][v2]{pythono}=x='if(lte(n,25*1.789),0,if(lte(n,25*2.239),if(lte(mod(n,6),4),0,541),if(lte(n,25*4.29),0,if(lte(n,25*4.840),if(lte(mod(n,6),4),0,541),if(lte(n,25*7.209),0,if(lte(n,25*7.659),if(lte(mod(n,6),4),0,541),0))))))'[mix_video2];[v5][v4]{pythono}=x='if(lte(n,25*2.460),0,if(lte(n,25*2.910),if(lte(mod(n,6),4),0,541),if(lte(n,25*5.209),0,if(lte(n,25*5.659),if(lte(mod(n,6),4),0,541),if(lte(n,25*7.960),0,if(lte(n,25*8.410),if(lte(mod(n,6),4),0,541),0))))))'[mix_video3];[mix_video1][mix_video2][mix_video3]concat=n=3:v=1:a=0,format=yuv420p[concatenated_video];[concatenated_video][ovrly]{pythono}=0:0[base_video];[base_video][5]{pythono}=enable='between(t,0,15)':x=30:y=30[watermarked_part1];[watermarked_part1][5]{pythono}=enable='between(t,15,31)':x=(main_w-{pythono}_w-30):y=30[final_video]"
  ],
  "n": [],
  "g": [],
  "c": [],
  "o": [
    "-map",
    "[final_video]",
    "-map",
    "6:a"
  ],
  "d": [
    "-t",
    "31",
    "-strict",
    "-2"
  ],
  "s": [],
  "layers": [
    {
      "ao": 0,
      "bm": 1,
      "ddd": 0,
      "ind": 1,
      "ip": 0,
      "ks": {
        "a": {
          "a": 0,
          "ix": 1,
          "k": [
            270,
            480,
            0
          ]
        },
        "o": {
          "a": 0,
          "ix": 11,
          "k": 18.039
        },
        "p": {
          "a": 0,
          "ix": 2,
          "k": [
            270,
            480,
            0
          ]
        },
        "r": {
          "a": 0,
          "ix": 10,
          "k": 0
        },
        "s": {
          "a": 0,
          "ix": 6,
          "k": [
            100,
            100,
            100
          ]
        }
      },
      "nm": "all",
      "op": 327,
      "refId": "image_0",
      "sr": 1,
      "st": 0,
      "ty": 2
    },
    {
      "ao": 0,
      "bm": 3,
      "ddd": 0,
      "ind": 2,
      "ip": 76,
      "ks": {
        "a": {
          "a": 0,
          "ix": 1,
          "k": [
            270,
            480,
            0
          ]
        },
        "o": {
          "a": 0,
          "ix": 11,
          "k": 40
        },
        "p": {
          "a": 0,
          "ix": 2,
          "k": [
            270,
            480,
            0
          ]
        },
        "r": {
          "a": 0,
          "ix": 10,
          "k": 0
        },
        "s": {
          "a": 0,
          "ix": 6,
          "k": [
            100,
            100,
            100
          ]
        }
      },
      "nm": "lvjing  all 3",
      "op": 327,
      "refId": "image_1",
      "sr": 1,
      "st": -8,
      "ty": 2
    },
    {
      "ao": 0,
      "bm": 13,
      "ddd": 0,
      "ind": 3,
      "ip": 76,
      "ks": {
        "a": {
          "a": 0,
          "ix": 1,
          "k": [
            270,
            480,
            0
          ]
        },
        "o": {
          "a": 0,
          "ix": 11,
          "k": 50.196
        },
        "p": {
          "a": 0,
          "ix": 2,
          "k": [
            270,
            480,
            0
          ]
        },
        "r": {
          "a": 0,
          "ix": 10,
          "k": 0
        },
        "s": {
          "a": 0,
          "ix": 6,
          "k": [
            100,
            100,
            100
          ]
        }
      },
      "nm": "baohedu all 3",
      "op": 327,
      "refId": "image_2",
      "sr": 1,
      "st": -8,
      "ty": 2
    }
  ]
}