{
  "images": [
    {
      "name": "img_0.jpg",
      "w": 241,
      "h": 409,
      "prefix": [
        "-i"
      ],
      "postfix": [
      ]
    },
    {
      "name": "img_1.jpg",
      "w": 241,
      "h": 409,
      "prefix": [
        "-i"
      ],
      "postfix": [
      ]
    },
    {
      "name": "img_2.jpg",
      "w": 241,
      "h": 409,
      "prefix": [
        "-i"
      ],
      "postfix": [
      ]
    }
  ],
  "static_inputs": [
    {
      "name": "background_video.mp4",
      "prefix": [
        "-i"
      ],
      "postfix": [
      ]
    },
    {
      "name": "first.jpg",
      "prefix": [
        "-i"
      ],
      "postfix": [
      ]
    }
  ],
  "video": {
    "h": 960,
    "w": 540,
    "duration": 15
  },
  "e": [],
  "m": [
    "-{pythoncomplex}"
  ],
  "r": [
    "[3]split=2[color][alpha];[color]crop=iw/2:ih:0:0[color];[alpha]crop=iw/2:ih:iw/2:0[alpha];[color][alpha]{pythonmerge}[ovrly];[0]scale=241:409,setsar=1[0_scalled];[1]scale=241:409,setsar=1[1_scalled];[2]scale=241:409,setsar=1[2_scalled];[4][0_scalled]{pythono}=x=156:y=244[base_img_1];[4][1_scalled]{pythono}=x=156:y=244[base_img_2];[4][2_scalled]{pythono}=x=156:y=244[base_img_3];[base_img_1]{pythonz}pan=z=1:d=25*15:s=540x960,{pythonf}=t=in:st=0:d=1,{pythonf}=out:st=4:d=1:alpha=1[video1];[base_img_2]{pythonz}pan=z=1:d=25*15:s=540x960,{pythonf}=out:st=9:d=1:alpha=1[video2];[base_img_3]{pythonz}pan=z=1:d=25*15:s=540x960[video3];[video2][video1]{pythono}[{pythono}_video1];[video3][{pythono}_video1]{pythono}[{pythono}_video2];[{pythono}_video2][ovrly]{pythono}=0:0[base_video];[base_video][5]{pythono}=enable='between(t,0,7)':x=30:y=30[watermarked_part1];[watermarked_part1][5]{pythono}=enable='between(t,7,15)':x=(main_w-{pythono}_w-30):y=(main_h-{pythono}_h-10)"
  ],
  "i": [
    "[3]split=2[color][alpha];[color]crop=iw/2:ih:0:0[color];[alpha]crop=iw/2:ih:iw/2:0[alpha];[color][alpha]{pythonmerge}[ovrly];[0]scale=241:409,setsar=1[0_scalled];[1]scale=241:409,setsar=1[1_scalled];[2]scale=241:409,setsar=1[2_scalled];[4][0_scalled]{pythono}=x=156:y=244[base_img_1];[4][1_scalled]{pythono}=x=156:y=244[base_img_2];[4][2_scalled]{pythono}=x=156:y=244[base_img_3];[base_img_1]{pythonz}pan=z=1:d=25*15:s=540x960,{pythonf}=t=in:st=0:d=1,{pythonf}=out:st=4:d=1:alpha=1[video1];[base_img_2]{pythonz}pan=z=1:d=25*15:s=540x960,{pythonf}=out:st=9:d=1:alpha=1[video2];[base_img_3]{pythonz}pan=z=1:d=25*15:s=540x960[video3];[video2][video1]{pythono}[{pythono}_video1];[video3][{pythono}_video1]{pythono}[{pythono}_video2];[{pythono}_video2][ovrly]{pythono}=0:0[base_video];[base_video][5]{pythono}=enable='between(t,0,7)':x=30:y=30[watermarked_part1];[watermarked_part1][5]{pythono}=enable='between(t,7,15)':x=(main_w-{pythono}_w-30):y=(main_h-{pythono}_h-10)[final_video]"
  ],
  "n": [],
  "g": [],
  "c": [],
  "o": [
    "-map",
    "[final_video]",
    "-map",
    "6:a"
  ],
  "d": [
    "-t",
    "15",
    "-strict",
    "-2"
  ],
  "s": [],
  "layers": [
    {
      "ao": 0,
      "bm": 1,
      "ddd": 0,
      "ind": 1,
      "ip": 0,
      "ks": {
        "a": {
          "a": 0,
          "ix": 1,
          "k": [
            270,
            480,
            0
          ]
        },
        "o": {
          "a": 0,
          "ix": 11,
          "k": 18.039
        },
        "p": {
          "a": 0,
          "ix": 2,
          "k": [
            270,
            480,
            0
          ]
        },
        "r": {
          "a": 0,
          "ix": 10,
          "k": 0
        },
        "s": {
          "a": 0,
          "ix": 6,
          "k": [
            100,
            100,
            100
          ]
        }
      },
      "nm": "all",
      "op": 327,
      "refId": "image_0",
      "sr": 1,
      "st": 0,
      "ty": 2
    },
    {
      "ao": 0,
      "bm": 3,
      "ddd": 0,
      "ind": 2,
      "ip": 76,
      "ks": {
        "a": {
          "a": 0,
          "ix": 1,
          "k": [
            270,
            480,
            0
          ]
        },
        "o": {
          "a": 0,
          "ix": 11,
          "k": 40
        },
        "p": {
          "a": 0,
          "ix": 2,
          "k": [
            270,
            480,
            0
          ]
        },
        "r": {
          "a": 0,
          "ix": 10,
          "k": 0
        },
        "s": {
          "a": 0,
          "ix": 6,
          "k": [
            100,
            100,
            100
          ]
        }
      },
      "nm": "lvjing  all 3",
      "op": 327,
      "refId": "image_1",
      "sr": 1,
      "st": -8,
      "ty": 2
    },
    {
      "ao": 0,
      "bm": 13,
      "ddd": 0,
      "ind": 3,
      "ip": 76,
      "ks": {
        "a": {
          "a": 0,
          "ix": 1,
          "k": [
            270,
            480,
            0
          ]
        },
        "o": {
          "a": 0,
          "ix": 11,
          "k": 50.196
        },
        "p": {
          "a": 0,
          "ix": 2,
          "k": [
            270,
            480,
            0
          ]
        },
        "r": {
          "a": 0,
          "ix": 10,
          "k": 0
        },
        "s": {
          "a": 0,
          "ix": 6,
          "k": [
            100,
            100,
            100
          ]
        }
      },
      "nm": "baohedu all 3",
      "op": 327,
      "refId": "image_2",
      "sr": 1,
      "st": -8,
      "ty": 2
    }
  ]
}