{
  "images":[
    {
      "name":"img_0.jpg",
      "w":720,
      "h":461,
      "prefix":[
        "-i"
      ],
      "postfix":[

      ]
    }
  ],
  "static_inputs":[
    {
      "name":"background_video.mp4",
      "prefix":[
        "-i"
      ],
      "postfix":[

      ]
    },
    {
      "name":"first.jpg",
      "prefix":[
        "-loop",
        "1",
        "-t",
        "8.68",
        "-i"
      ],
      "postfix":[

      ]
    },
    {
      "name":"black.jpg",
      "prefix":[
        "-loop",
        "1",
        "-t",
        "26",
        "-i"
      ],
      "postfix":[

      ]
    }
  ],
  "video":{
    "h":720,
    "w":420,
    "duration":26
  },
  "e":[],
  "m":[
    "-{pythoncomplex}"
  ],
  "r":["[1]split=2[color][alpha]; [color]crop=iw/2:ih:0:0[color]; [alpha]crop=iw/2:ih:iw/2:0[alpha]; [color][alpha]{pythonmerge}[ovrly]; [0]scale=320:205[0_scalled]; [0]scale=720:-1[1_scalled]; [0]scale=320:205[3_scalled]; [4]scale=70:70[4_scalled]; [2:v][0_scalled]{pythono}=enable='between=(t,0,7.68)':x=365:y=107[new_bg1]; [new_bg1][1_scalled]{pythono}=enable='between=(t,7.68,8.68)':x=0:y=0[new_bg2]; [3:v][3_scalled]{pythono}=enable='between=(t,0,26)':x=365:y=107[new_bg3]; [new_bg2][new_bg3]concat=n=2:v=1:a=0,format=yuv420p[concatenated_video]; [concatenated_video][ovrly]{pythono}=0:0[base_video]; [base_video][4_scalled]{pythono}=enable='between(t,0,30)':x=20:y=10"],
  "i":["[1]split=2[color][alpha]; [color]crop=iw/2:ih:0:0[color]; [alpha]crop=iw/2:ih:iw/2:0[alpha]; [color][alpha]{pythonmerge}[ovrly]; [0]scale=320:205[0_scalled]; [0]scale=720:-1[1_scalled]; [0]scale=320:205[3_scalled]; [4]scale=70:70[4_scalled]; [2:v][0_scalled]{pythono}=enable='between=(t,0,7.68)':x=365:y=107[new_bg1]; [new_bg1][1_scalled]{pythono}=enable='between=(t,7.68,8.68)':x=0:y=0[new_bg2]; [3:v][3_scalled]{pythono}=enable='between=(t,0,26)':x=365:y=107[new_bg3]; [new_bg2][new_bg3]concat=n=2:v=1:a=0,format=yuv420p[concatenated_video]; [concatenated_video][ovrly]{pythono}=0:0[base_video]; [base_video][4_scalled]{pythono}=enable='between(t,0,30)':x=20:y=10[final_video]"],
  "n":[],
  "g":[],
  "c":[],
  "o":[
    "-map",
    "[final_video]",
    "-map",
    "5:a"
  ],
  "d":[
    "-t",
    "26"
  ],
  "s":[],
  "layers": [
    {
      "ao": 0,
      "bm": 1,
      "ddd": 0,
      "ind": 1,
      "ip": 0,
      "ks": {
        "a": {
          "a": 0,
          "ix": 1,
          "k": [
            270,
            480,
            0
          ]
        },
        "o": {
          "a": 0,
          "ix": 11,
          "k": 18.039
        },
        "p": {
          "a": 0,
          "ix": 2,
          "k": [
            270,
            480,
            0
          ]
        },
        "r": {
          "a": 0,
          "ix": 10,
          "k": 0
        },
        "s": {
          "a": 0,
          "ix": 6,
          "k": [
            100,
            100,
            100
          ]
        }
      },
      "nm": "all",
      "op": 327,
      "refId": "image_0",
      "sr": 1,
      "st": 0,
      "ty": 2
    },
    {
      "ao": 0,
      "bm": 3,
      "ddd": 0,
      "ind": 2,
      "ip": 76,
      "ks": {
        "a": {
          "a": 0,
          "ix": 1,
          "k": [
            270,
            480,
            0
          ]
        },
        "o": {
          "a": 0,
          "ix": 11,
          "k": 40
        },
        "p": {
          "a": 0,
          "ix": 2,
          "k": [
            270,
            480,
            0
          ]
        },
        "r": {
          "a": 0,
          "ix": 10,
          "k": 0
        },
        "s": {
          "a": 0,
          "ix": 6,
          "k": [
            100,
            100,
            100
          ]
        }
      },
      "nm": "lvjing  all 3",
      "op": 327,
      "refId": "image_1",
      "sr": 1,
      "st": -8,
      "ty": 2
    },
    {
      "ao": 0,
      "bm": 13,
      "ddd": 0,
      "ind": 3,
      "ip": 76,
      "ks": {
        "a": {
          "a": 0,
          "ix": 1,
          "k": [
            270,
            480,
            0
          ]
        },
        "o": {
          "a": 0,
          "ix": 11,
          "k": 50.196
        },
        "p": {
          "a": 0,
          "ix": 2,
          "k": [
            270,
            480,
            0
          ]
        },
        "r": {
          "a": 0,
          "ix": 10,
          "k": 0
        },
        "s": {
          "a": 0,
          "ix": 6,
          "k": [
            100,
            100,
            100
          ]
        }
      },
      "nm": "baohedu all 3",
      "op": 327,
      "refId": "image_2",
      "sr": 1,
      "st": -8,
      "ty": 2
    }
  ]
}