{
  "images": [
    {
      "name": "img_0.jpg",
      "w": 540,
      "h": 683,
      "prefix": [
        "-i"
      ],
      "postfix": [
      ]
    },
    {
      "name": "img_1.jpg",
      "w": 540,
      "h": 683,
      "prefix": [
        "-i"
      ],
      "postfix": [
      ]
    },
    {
      "name": "img_2.jpg",
      "w": 540,
      "h": 683,
      "prefix": [
        "-i"
      ],
      "postfix": [
      ]
    }
  ],
  "static_inputs": [
    {
      "name": "background_video.mp4",
      "prefix": [
        "-i"
      ],
      "postfix": [
      ]
    },
    {
      "name": "first.jpg",
      "prefix": [
        "-loop",
        "1",
        "-t",
        "28",
        "-i"
      ],
      "postfix": [
      ]
    }
  ],
  "video": {
    "w": 540,
    "h": 960,
    "duration": 28
  },
  "e": [],
  "m": [
    "-{pythoncomplex}"
  ],
  "r": [
    "[3]split=2[color][alpha];[color]crop=iw/2:ih:0:0[color];[alpha]crop=iw/2:ih:iw/2:0[alpha];[color][alpha]{pythonmerge}[ovrly];[0]scale=540:683,setsar=1[0_scalled_color];[0]scale=540:683,setsar=1,hue=s=0[0_scalled_black];[1]scale=540:683,setsar=1[1_scalled_color];[1]scale=540:683,setsar=1,hue=s=0[1_scalled_black];[2]scale=540:683,setsar=1[2_scalled_color];[2]scale=540:683,setsar=1,hue=s=0[2_scalled_black];[4][0_scalled_black]{pythono}=x=0:y=0,split=11[b_base_1][b_base_2][b_base_3][b_base_4][b_base_5][b_base_6][b_base_7][b_base_8][b_base_9][b_base_10][b_base_11];[4][0_scalled_color]{pythono}=x=0:y=0,split=11[c_base_1][c_base_2][c_base_3][c_base_4][c_base_5][c_base_6][c_base_7][c_base_8][c_base_9][c_base_10][c_base_11];[4][1_scalled_black]{pythono}=x=0:y=0,split=9[b_base_1_1][b_base_1_2][b_base_1_3][b_base_1_4][b_base_1_5][b_base_1_6][b_base_1_7][b_base_1_8][b_base_1_9];[4][1_scalled_color]{pythono}=x=0:y=0,split=9[c_base_1_1][c_base_1_2][c_base_1_3][c_base_1_4][c_base_1_5][c_base_1_6][c_base_1_7][c_base_1_8][c_base_1_9];[4][2_scalled_black]{pythono}=x=0:y=0,split=12[b_base_2_1][b_base_2_2][b_base_2_3][b_base_2_4][b_base_2_5][b_base_2_6][b_base_2_7][b_base_2_8][b_base_2_9][b_base_2_10][b_base_2_11][b_base_2_12];[4][2_scalled_color]{pythono}=x=0:y=0,split=12[c_base_2_1][c_base_2_2][c_base_2_3][c_base_2_4][c_base_2_5][c_base_2_6][c_base_2_7][c_base_2_8][c_base_2_9][c_base_2_10][c_base_2_11][c_base_2_12];[4:v][b_base_1]{pythono}=enable='between=(t,0.04,1.18)':x=0:y=0[v1];[v1][c_base_1]{pythono}=enable='between=(t,1.18,1.40)':x=0:y=0[v2];[v2][b_base_2]{pythono}=enable='between=(t,1.40,2.30)':x=0:y=0[v3];[v3][c_base_2]{pythono}=enable='between=(t,2.30,2.56)':x=0:y=0[v4];[v4][b_base_3]{pythono}=enable='between=(t,2.56,2.68)':x=0:y=0[v5];[v5][c_base_3]{pythono}=enable='between=(t,2.68,2.88)':x=0:y=0[v6];[v6][b_base_4]{pythono}=enable='between=(t,2.88,3.80)':x=0:y=0[v7];[v7][c_base_4]{pythono}=enable='between=(t,3.80,4.00)':x=0:y=0[v8];[v8][b_base_5]{pythono}=enable='between=(t,4.00,4.24)':x=0:y=0[v9];[v9][c_base_5]{pythono}=enable='between=(t,4.24,4.48)':x=0:y=0[v10];[v10][b_base_6]{pythono}=enable='between=(t,4.48,5.40)':x=0:y=0[v11];[v11][c_base_6]{pythono}=enable='between=(t,5.40,5.62)':x=0:y=0[v12];[v12][b_base_7]{pythono}=enable='between=(t,5.62,5.80)':x=0:y=0[v13];[v13][c_base_7]{pythono}=enable='between=(t,5.80,5.98)':x=0:y=0[v14];[v14][b_base_8]{pythono}=enable='between=(t,5.98,6.95)':x=0:y=0[v15];[v15][c_base_8]{pythono}=enable='between=(t,6.95,7.20)':x=0:y=0[v16];[v16][b_base_9]{pythono}=enable='between=(t,7.20,7.34)':x=0:y=0[v17];[v17][c_base_9]{pythono}=enable='between=(t,7.34,7.64)':x=0:y=0[v18];[v18][b_base_10]{pythono}=enable='between=(t,7.64,8.52)':x=0:y=0[v19];[v19][c_base_10]{pythono}=enable='between=(t,8.52,8.76)':x=0:y=0[v20];[v20][b_base_11]{pythono}=enable='between=(t,8.76,8.96)':x=0:y=0[v21];[v21][c_base_11]{pythono}=enable='between=(t,8.96,9.46)':x=0:y=0[v22];[v22][b_base_1_1]{pythono}=enable='between=(t,9.46,10.48)':x=0:y=0[v23];[v23][c_base_1_1]{pythono}=enable='between=(t,10.48,10.68)':x=0:y=0[v24];[v24][b_base_1_2]{pythono}=enable='between=(t,10.68,11.64)':x=0:y=0[v25];[v25][c_base_1_2]{pythono}=enable='between=(t,11.64,11.86)':x=0:y=0[v26];[v26][b_base_1_3]{pythono}=enable='between=(t,11.86,13.58)':x=0:y=0[v27];[v27][c_base_1_3]{pythono}=enable='between=(t,13.58,13.82)':x=0:y=0[v28];[v28][b_base_1_4]{pythono}=enable='between=(t,13.82,14.16)':x=0:y=0[v29];[v29][c_base_1_4]{pythono}=enable='between=(t,14.16,14.88)':x=0:y=0[v30];[v30][b_base_1_5]{pythono}=enable='between=(t,14.88,15.18)':x=0:y=0[v31];[v31][c_base_1_5]{pythono}=enable='between=(t,15.18,15.38)':x=0:y=0[v32];[v32][b_base_1_6]{pythono}=enable='between=(t,15.38,16.32)':x=0:y=0[v33];[v33][c_base_1_6]{pythono}=enable='between=(t,16.32,16.48)':x=0:y=0[v34];[v34][b_base_1_7]{pythono}=enable='between=(t,16.48,16.74)':x=0:y=0[v35];[v35][c_base_1_7]{pythono}=enable='between=(t,16.74,17.00)':x=0:y=0[v36];[v36][b_base_1_8]{pythono}=enable='between=(t,17.00,17.88)':x=0:y=0[v37];[v37][c_base_1_8]{pythono}=enable='between=(t,17.88,18.10)':x=0:y=0[v38];[v38][b_base_1_9]{pythono}=enable='between=(t,18.10,18.28)':x=0:y=0[v39];[v39][c_base_1_9]{pythono}=enable='between=(t,18.28,18.75)':x=0:y=0[v40];[v40][b_base_2_1]{pythono}=enable='between=(t,18.75,19.42)':x=0:y=0[v41];[v41][c_base_2_1]{pythono}=enable='between=(t,19.42,19.68)':x=0:y=0[v42];[v42][b_base_2_2]{pythono}=enable='between=(t,19.68,19.84)':x=0:y=0[v43];[v43][c_base_2_2]{pythono}=enable='between=(t,19.84,20.04)':x=0:y=0[v44];[v44][b_base_2_3]{pythono}=enable='between=(t,20.04,20.98)':x=0:y=0[v45];[v45][c_base_2_3]{pythono}=enable='between=(t,20.98,21.20)':x=0:y=0[v46];[v46][b_base_2_4]{pythono}=enable='between=(t,21.20,21.40)':x=0:y=0[v47];[v47][c_base_2_4]{pythono}=enable='between=(t,21.40,21.68)':x=0:y=0[v48];[v48][b_base_2_5]{pythono}=enable='between=(t,21.68,22.52)':x=0:y=0[v49];[v49][c_base_2_5]{pythono}=enable='between=(t,22.52,22.80)':x=0:y=0[v50];[v50][b_base_2_6]{pythono}=enable='between=(t,22.80,22.90)':x=0:y=0[v51];[v51][c_base_2_6]{pythono}=enable='between=(t,22.90,23.20)':x=0:y=0[v52];[v52][b_base_2_7]{pythono}=enable='between=(t,23.20,23.82)':x=0:y=0[v53];[v53][c_base_2_7]{pythono}=enable='between=(t,23.82,23.90)':x=0:y=0[v54];[v54][b_base_2_8]{pythono}=enable='between=(t,23.90,24.08)':x=0:y=0[v55];[v55][c_base_2_8]{pythono}=enable='between=(t,24.08,24.30)':x=0:y=0[v56];[v56][b_base_2_9]{pythono}=enable='between=(t,24.30,24.50)':x=0:y=0[v57];[v57][c_base_2_9]{pythono}=enable='between=(t,24.50,24.70)':x=0:y=0[v58];[v58][b_base_2_10]{pythono}=enable='between=(t,24.70,25.70)':x=0:y=0[v59];[v59][c_base_2_10]{pythono}=enable='between=(t,25.70,25.88)':x=0:y=0[v60];[v60][b_base_2_11]{pythono}=enable='between=(t,25.88,26.04)':x=0:y=0[v61];[v61][c_base_2_11]{pythono}=enable='between=(t,26.04,26.28)':x=0:y=0[v62];[v62][b_base_2_12]{pythono}=enable='between=(t,26.28,27.22)':x=0:y=0[v63];[v63][c_base_2_12]{pythono}=enable='between=(t,27.22,28)':x=0:y=0[v64];[v64][ovrly]{pythono}=0:0,format=yuv420p[base_video];[base_video][5]{pythono}=enable='between(t,0,14)':x=30:y=30[watermarked_part1];[watermarked_part1][5]{pythono}=enable='between(t,14,28)':x=(main_w-{pythono}_w-30):y=(main_h-{pythono}_h-30)"
  ],
  "i": [
    "[3]split=2[color][alpha];[color]crop=iw/2:ih:0:0[color];[alpha]crop=iw/2:ih:iw/2:0[alpha];[color][alpha]{pythonmerge}[ovrly];[0]scale=540:683,setsar=1[0_scalled_color];[0]scale=540:683,setsar=1,hue=s=0[0_scalled_black];[1]scale=540:683,setsar=1[1_scalled_color];[1]scale=540:683,setsar=1,hue=s=0[1_scalled_black];[2]scale=540:683,setsar=1[2_scalled_color];[2]scale=540:683,setsar=1,hue=s=0[2_scalled_black];[4][0_scalled_black]{pythono}=x=0:y=0,split=11[b_base_1][b_base_2][b_base_3][b_base_4][b_base_5][b_base_6][b_base_7][b_base_8][b_base_9][b_base_10][b_base_11];[4][0_scalled_color]{pythono}=x=0:y=0,split=11[c_base_1][c_base_2][c_base_3][c_base_4][c_base_5][c_base_6][c_base_7][c_base_8][c_base_9][c_base_10][c_base_11];[4][1_scalled_black]{pythono}=x=0:y=0,split=9[b_base_1_1][b_base_1_2][b_base_1_3][b_base_1_4][b_base_1_5][b_base_1_6][b_base_1_7][b_base_1_8][b_base_1_9];[4][1_scalled_color]{pythono}=x=0:y=0,split=9[c_base_1_1][c_base_1_2][c_base_1_3][c_base_1_4][c_base_1_5][c_base_1_6][c_base_1_7][c_base_1_8][c_base_1_9];[4][2_scalled_black]{pythono}=x=0:y=0,split=12[b_base_2_1][b_base_2_2][b_base_2_3][b_base_2_4][b_base_2_5][b_base_2_6][b_base_2_7][b_base_2_8][b_base_2_9][b_base_2_10][b_base_2_11][b_base_2_12];[4][2_scalled_color]{pythono}=x=0:y=0,split=12[c_base_2_1][c_base_2_2][c_base_2_3][c_base_2_4][c_base_2_5][c_base_2_6][c_base_2_7][c_base_2_8][c_base_2_9][c_base_2_10][c_base_2_11][c_base_2_12];[4:v][b_base_1]{pythono}=enable='between=(t,0.04,1.18)':x=0:y=0[v1];[v1][c_base_1]{pythono}=enable='between=(t,1.18,1.40)':x=0:y=0[v2];[v2][b_base_2]{pythono}=enable='between=(t,1.40,2.30)':x=0:y=0[v3];[v3][c_base_2]{pythono}=enable='between=(t,2.30,2.56)':x=0:y=0[v4];[v4][b_base_3]{pythono}=enable='between=(t,2.56,2.68)':x=0:y=0[v5];[v5][c_base_3]{pythono}=enable='between=(t,2.68,2.88)':x=0:y=0[v6];[v6][b_base_4]{pythono}=enable='between=(t,2.88,3.80)':x=0:y=0[v7];[v7][c_base_4]{pythono}=enable='between=(t,3.80,4.00)':x=0:y=0[v8];[v8][b_base_5]{pythono}=enable='between=(t,4.00,4.24)':x=0:y=0[v9];[v9][c_base_5]{pythono}=enable='between=(t,4.24,4.48)':x=0:y=0[v10];[v10][b_base_6]{pythono}=enable='between=(t,4.48,5.40)':x=0:y=0[v11];[v11][c_base_6]{pythono}=enable='between=(t,5.40,5.62)':x=0:y=0[v12];[v12][b_base_7]{pythono}=enable='between=(t,5.62,5.80)':x=0:y=0[v13];[v13][c_base_7]{pythono}=enable='between=(t,5.80,5.98)':x=0:y=0[v14];[v14][b_base_8]{pythono}=enable='between=(t,5.98,6.95)':x=0:y=0[v15];[v15][c_base_8]{pythono}=enable='between=(t,6.95,7.20)':x=0:y=0[v16];[v16][b_base_9]{pythono}=enable='between=(t,7.20,7.34)':x=0:y=0[v17];[v17][c_base_9]{pythono}=enable='between=(t,7.34,7.64)':x=0:y=0[v18];[v18][b_base_10]{pythono}=enable='between=(t,7.64,8.52)':x=0:y=0[v19];[v19][c_base_10]{pythono}=enable='between=(t,8.52,8.76)':x=0:y=0[v20];[v20][b_base_11]{pythono}=enable='between=(t,8.76,8.96)':x=0:y=0[v21];[v21][c_base_11]{pythono}=enable='between=(t,8.96,9.46)':x=0:y=0[v22];[v22][b_base_1_1]{pythono}=enable='between=(t,9.46,10.48)':x=0:y=0[v23];[v23][c_base_1_1]{pythono}=enable='between=(t,10.48,10.68)':x=0:y=0[v24];[v24][b_base_1_2]{pythono}=enable='between=(t,10.68,11.64)':x=0:y=0[v25];[v25][c_base_1_2]{pythono}=enable='between=(t,11.64,11.86)':x=0:y=0[v26];[v26][b_base_1_3]{pythono}=enable='between=(t,11.86,13.58)':x=0:y=0[v27];[v27][c_base_1_3]{pythono}=enable='between=(t,13.58,13.82)':x=0:y=0[v28];[v28][b_base_1_4]{pythono}=enable='between=(t,13.82,14.16)':x=0:y=0[v29];[v29][c_base_1_4]{pythono}=enable='between=(t,14.16,14.88)':x=0:y=0[v30];[v30][b_base_1_5]{pythono}=enable='between=(t,14.88,15.18)':x=0:y=0[v31];[v31][c_base_1_5]{pythono}=enable='between=(t,15.18,15.38)':x=0:y=0[v32];[v32][b_base_1_6]{pythono}=enable='between=(t,15.38,16.32)':x=0:y=0[v33];[v33][c_base_1_6]{pythono}=enable='between=(t,16.32,16.48)':x=0:y=0[v34];[v34][b_base_1_7]{pythono}=enable='between=(t,16.48,16.74)':x=0:y=0[v35];[v35][c_base_1_7]{pythono}=enable='between=(t,16.74,17.00)':x=0:y=0[v36];[v36][b_base_1_8]{pythono}=enable='between=(t,17.00,17.88)':x=0:y=0[v37];[v37][c_base_1_8]{pythono}=enable='between=(t,17.88,18.10)':x=0:y=0[v38];[v38][b_base_1_9]{pythono}=enable='between=(t,18.10,18.28)':x=0:y=0[v39];[v39][c_base_1_9]{pythono}=enable='between=(t,18.28,18.75)':x=0:y=0[v40];[v40][b_base_2_1]{pythono}=enable='between=(t,18.75,19.42)':x=0:y=0[v41];[v41][c_base_2_1]{pythono}=enable='between=(t,19.42,19.68)':x=0:y=0[v42];[v42][b_base_2_2]{pythono}=enable='between=(t,19.68,19.84)':x=0:y=0[v43];[v43][c_base_2_2]{pythono}=enable='between=(t,19.84,20.04)':x=0:y=0[v44];[v44][b_base_2_3]{pythono}=enable='between=(t,20.04,20.98)':x=0:y=0[v45];[v45][c_base_2_3]{pythono}=enable='between=(t,20.98,21.20)':x=0:y=0[v46];[v46][b_base_2_4]{pythono}=enable='between=(t,21.20,21.40)':x=0:y=0[v47];[v47][c_base_2_4]{pythono}=enable='between=(t,21.40,21.68)':x=0:y=0[v48];[v48][b_base_2_5]{pythono}=enable='between=(t,21.68,22.52)':x=0:y=0[v49];[v49][c_base_2_5]{pythono}=enable='between=(t,22.52,22.80)':x=0:y=0[v50];[v50][b_base_2_6]{pythono}=enable='between=(t,22.80,22.90)':x=0:y=0[v51];[v51][c_base_2_6]{pythono}=enable='between=(t,22.90,23.20)':x=0:y=0[v52];[v52][b_base_2_7]{pythono}=enable='between=(t,23.20,23.82)':x=0:y=0[v53];[v53][c_base_2_7]{pythono}=enable='between=(t,23.82,23.90)':x=0:y=0[v54];[v54][b_base_2_8]{pythono}=enable='between=(t,23.90,24.08)':x=0:y=0[v55];[v55][c_base_2_8]{pythono}=enable='between=(t,24.08,24.30)':x=0:y=0[v56];[v56][b_base_2_9]{pythono}=enable='between=(t,24.30,24.50)':x=0:y=0[v57];[v57][c_base_2_9]{pythono}=enable='between=(t,24.50,24.70)':x=0:y=0[v58];[v58][b_base_2_10]{pythono}=enable='between=(t,24.70,25.70)':x=0:y=0[v59];[v59][c_base_2_10]{pythono}=enable='between=(t,25.70,25.88)':x=0:y=0[v60];[v60][b_base_2_11]{pythono}=enable='between=(t,25.88,26.04)':x=0:y=0[v61];[v61][c_base_2_11]{pythono}=enable='between=(t,26.04,26.28)':x=0:y=0[v62];[v62][b_base_2_12]{pythono}=enable='between=(t,26.28,27.22)':x=0:y=0[v63];[v63][c_base_2_12]{pythono}=enable='between=(t,27.22,28)':x=0:y=0[v64];[v64][ovrly]{pythono}=0:0,format=yuv420p[base_video];[base_video][5]{pythono}=enable='between(t,0,14)':x=30:y=30[watermarked_part1];[watermarked_part1][5]{pythono}=enable='between(t,14,28)':x=(main_w-{pythono}_w-30):y=(main_h-{pythono}_h-30)[final_video]"
  ],
  "n": [],
  "g": [],
  "c": [],
  "o": [
    "-map",
    "[final_video]",
    "-map",
    "6:a"
  ],
  "d": [
    "-t",
    "28",
    "-strict",
    "-2"
  ],
  "s": [],
  "layers": [
    {
      "ao": 0,
      "bm": 1,
      "ddd": 0,
      "ind": 1,
      "ip": 0,
      "ks": {
        "a": {
          "a": 0,
          "ix": 1,
          "k": [
            270,
            480,
            0
          ]
        },
        "o": {
          "a": 0,
          "ix": 11,
          "k": 18.039
        },
        "p": {
          "a": 0,
          "ix": 2,
          "k": [
            270,
            480,
            0
          ]
        },
        "r": {
          "a": 0,
          "ix": 10,
          "k": 0
        },
        "s": {
          "a": 0,
          "ix": 6,
          "k": [
            100,
            100,
            100
          ]
        }
      },
      "nm": "all",
      "op": 327,
      "refId": "image_0",
      "sr": 1,
      "st": 0,
      "ty": 2
    },
    {
      "ao": 0,
      "bm": 3,
      "ddd": 0,
      "ind": 2,
      "ip": 76,
      "ks": {
        "a": {
          "a": 0,
          "ix": 1,
          "k": [
            270,
            480,
            0
          ]
        },
        "o": {
          "a": 0,
          "ix": 11,
          "k": 40
        },
        "p": {
          "a": 0,
          "ix": 2,
          "k": [
            270,
            480,
            0
          ]
        },
        "r": {
          "a": 0,
          "ix": 10,
          "k": 0
        },
        "s": {
          "a": 0,
          "ix": 6,
          "k": [
            100,
            100,
            100
          ]
        }
      },
      "nm": "lvjing  all 3",
      "op": 327,
      "refId": "image_1",
      "sr": 1,
      "st": -8,
      "ty": 2
    },
    {
      "ao": 0,
      "bm": 13,
      "ddd": 0,
      "ind": 3,
      "ip": 76,
      "ks": {
        "a": {
          "a": 0,
          "ix": 1,
          "k": [
            270,
            480,
            0
          ]
        },
        "o": {
          "a": 0,
          "ix": 11,
          "k": 50.196
        },
        "p": {
          "a": 0,
          "ix": 2,
          "k": [
            270,
            480,
            0
          ]
        },
        "r": {
          "a": 0,
          "ix": 10,
          "k": 0
        },
        "s": {
          "a": 0,
          "ix": 6,
          "k": [
            100,
            100,
            100
          ]
        }
      },
      "nm": "baohedu all 3",
      "op": 327,
      "refId": "image_2",
      "sr": 1,
      "st": -8,
      "ty": 2
    }
  ]
}