{
  "images": [
    {
      "name": "img_0.jpg",
      "w": 540,
      "h": 615,
      "prefix": [
        "-i"
      ],
      "postfix": [
      ]
    },
    {
      "name": "img_1.jpg",
      "w": 492,
      "h": 872,
      "prefix": [
        "-i"
      ],
      "postfix": [
      ]
    },
    {
      "name": "img_2.jpg",
      "w": 540,
      "h": 831,
      "prefix": [
        "-i"
      ],
      "postfix": [
      ]
    },
    {
      "name": "img_3.jpg",
      "w": 540,
      "h": 696,
      "prefix": [
        "-i"
      ],
      "postfix": [
      ]
    }
  ],
  "static_inputs": [
    {
      "name": "background_video.mp4",
      "prefix": [
        "-i"
      ],
      "postfix": [
      ]
    },
    {
      "name": "first.jpg",
      "prefix": [
        "-loop",
        "1",
        "-t",
        "20",
        "-i"
      ],
      "postfix": [
      ]
    }
  ],
  "video": {
    "h": 960,
    "w": 540,
    "duration": 20
  },
  "e": [],
  "m": [
    "-{pythoncomplex}"
  ],
  "r": [
    "[4]split=2[color][alpha];[color]crop=iw/2:ih:0:0[color];[alpha]crop=iw/2:ih:iw/2:0[alpha];[color][alpha]{pythonmerge}[ovrly];[0]scale=540:615,setsar=1[0_scalled];[1]scale=492:872,setsar=1[1_scalled];[2]scale=540:831,setsar=1[2_scalled];[3]scale=540:696,setsar=1[3_scalled];[5:v][0_scalled]{pythono}=enable='between=(t,0.4,4.473)':x=0:y=172[v0];[v0][1_scalled]{pythono}=x='if(gte(n,4.200*25),max(540-(n-4.200*25)*31,0),540)':y=45[v1];[v1][2_scalled]{pythono}=enable='between=(t,9.281,14.414)':x=0:y=19[v2];[v2][3_scalled]{pythono}=enable='between=(t,14.414,20)':x=0:y=68[v3];[v3][ovrly]{pythono}=0:0[base_video];[base_video][6]{pythono}=enable='between(t,0,10)':x=30:y=30[watermarked_part1];[watermarked_part1][6]{pythono}=enable='between(t,10,20)':x=(main_w-{pythono}_w-30):y=(main_h-{pythono}_h-30)"
  ],
  "i": [
    "[4]split=2[color][alpha];[color]crop=iw/2:ih:0:0[color];[alpha]crop=iw/2:ih:iw/2:0[alpha];[color][alpha]{pythonmerge}[ovrly];[0]scale=540:615,setsar=1[0_scalled];[1]scale=492:872,setsar=1[1_scalled];[2]scale=540:831,setsar=1[2_scalled];[3]scale=540:696,setsar=1[3_scalled];[5:v][0_scalled]{pythono}=enable='between=(t,0.4,4.473)':x=0:y=172[v0];[v0][1_scalled]{pythono}=x='if(gte(n,4.200*25),max(540-(n-4.200*25)*31,0),540)':y=45[v1];[v1][2_scalled]{pythono}=enable='between=(t,9.281,14.414)':x=0:y=19[v2];[v2][3_scalled]{pythono}=enable='between=(t,14.414,20)':x=0:y=68[v3];[v3][ovrly]{pythono}=0:0[base_video];[base_video][6]{pythono}=enable='between(t,0,10)':x=30:y=30[watermarked_part1];[watermarked_part1][6]{pythono}=enable='between(t,10,20)':x=(main_w-{pythono}_w-30):y=(main_h-{pythono}_h-30)[final_video]"
  ],
  "n": [],
  "g": [],
  "c": [],
  "o": [
    "-map",
    "[final_video]",
    "-map",
    "7:a"
  ],
  "d": [
    "-t",
    "20",
    "-strict",
    "-2"
  ],
  "s": [],
  "layers": [
    {
      "ao": 0,
      "bm": 1,
      "ddd": 0,
      "ind": 1,
      "ip": 0,
      "ks": {
        "a": {
          "a": 0,
          "ix": 1,
          "k": [
            270,
            480,
            0
          ]
        },
        "o": {
          "a": 0,
          "ix": 11,
          "k": 18.039
        },
        "p": {
          "a": 0,
          "ix": 2,
          "k": [
            270,
            480,
            0
          ]
        },
        "r": {
          "a": 0,
          "ix": 10,
          "k": 0
        },
        "s": {
          "a": 0,
          "ix": 6,
          "k": [
            100,
            100,
            100
          ]
        }
      },
      "nm": "all",
      "op": 327,
      "refId": "image_0",
      "sr": 1,
      "st": 0,
      "ty": 2
    },
    {
      "ao": 0,
      "bm": 3,
      "ddd": 0,
      "ind": 2,
      "ip": 76,
      "ks": {
        "a": {
          "a": 0,
          "ix": 1,
          "k": [
            270,
            480,
            0
          ]
        },
        "o": {
          "a": 0,
          "ix": 11,
          "k": 40
        },
        "p": {
          "a": 0,
          "ix": 2,
          "k": [
            270,
            480,
            0
          ]
        },
        "r": {
          "a": 0,
          "ix": 10,
          "k": 0
        },
        "s": {
          "a": 0,
          "ix": 6,
          "k": [
            100,
            100,
            100
          ]
        }
      },
      "nm": "lvjing  all 3",
      "op": 327,
      "refId": "image_1",
      "sr": 1,
      "st": -8,
      "ty": 2
    },
    {
      "ao": 0,
      "bm": 13,
      "ddd": 0,
      "ind": 3,
      "ip": 76,
      "ks": {
        "a": {
          "a": 0,
          "ix": 1,
          "k": [
            270,
            480,
            0
          ]
        },
        "o": {
          "a": 0,
          "ix": 11,
          "k": 50.196
        },
        "p": {
          "a": 0,
          "ix": 2,
          "k": [
            270,
            480,
            0
          ]
        },
        "r": {
          "a": 0,
          "ix": 10,
          "k": 0
        },
        "s": {
          "a": 0,
          "ix": 6,
          "k": [
            100,
            100,
            100
          ]
        }
      },
      "nm": "baohedu all 3",
      "op": 327,
      "refId": "image_2",
      "sr": 1,
      "st": -8,
      "ty": 2
    }
  ]
}