{"images":[{"name":"img_0.jpg","w":540,"h":308,"prefix":["-i"],"postfix":[]},{"name":"img_1.jpg","w":540,"h":368,"prefix":["-i"],"postfix":[]},{"name":"img_2.jpg","w":540,"h":279,"prefix":["-i"],"postfix":[]},{"name":"img_3.jpg","w":540,"h":960,"prefix":["-i"],"postfix":[]},{"name":"img_4.jpg","w":540,"h":960,"prefix":["-i"],"postfix":[]},{"name":"img_5.jpg","w":540,"h":960,"prefix":["-i"],"postfix":[]},{"name":"img_6.jpg","w":540,"h":960,"prefix":["-i"],"postfix":[]}],"static_inputs":[{"name":"background_video.mp4","prefix":["-i"],"postfix":[]},{"name":"first.jpg","prefix":["-loop","1","-t","30","-i"],"postfix":[]}],"video":{"h":960,"w":540,"duration":30},"e":[],"m":["-{pythoncomplex}"],"r":["[7]split=2[color][alpha];[color]crop=iw\/2:ih:0:0[color];[alpha]crop=iw\/2:ih:iw\/2:0[alpha];[color][alpha]{pythonmerge}[ovrly];[0]scale=540:308,setsar=1[0_scalled];[0]scale=540:308,setsar=1,hue=s=0[0_scalled_black];[1]scale=540:368,setsar=1[1_scalled];[2]scale=540:279,setsar=1[2_scalled];[2]scale=540:279,setsar=1,hue=s=0[2_scalled_black];[3]scale=540:960,setsar=1[3_scalled];[4]scale=540:960,setsar=1[4_scalled];[5]scale=540:960,setsar=1[5_scalled];[6]scale=540:960,setsar=1[6_scalled];[0_scalled]scale=iw*2:ih*2,{pythonz}pan=z='if(lte({pythonz},-1.0),1.3,min({pythonz}+0.0006,1.3))':d=25*15:s=540x308,{pythonf}=t=in:st=0:d=0.4[video_1];[0_scalled_black]scale=iw*2:ih*2,{pythonz}pan=z='if(lte({pythonz},-1.0),1.3,min({pythonz}+0.0006,1.3))':d=25*15:s=540x308,{pythonf}=t=in:st=0:d=0.4[video_2];[video_2][video_1]{pythono}=x='if(lte(n,25*10.98),0,if(lte(mod(n,200),1),0,541))'[mix_video1];[8:v][mix_video1]{pythono}=enable='between=(t,0,14.24)':x=0:y=0[v1];[1_scalled]scale=iw*2:ih*2,{pythonz}pan=z='if(lte({pythonz},1.0),1.3,max(1.001,{pythonz}-0.0006))':d=25*15:s=540x368[video_3];[v1][video_3]{pythono}=enable='between=(t,0,14.24)':x=0:y=311[v2];[2_scalled]scale=iw*2:ih*2,{pythonz}pan=z='if(lte({pythonz},-1.0),1.3,min({pythonz}+0.0006,1.3))':d=25*15:s=540x279[video_4];[2_scalled_black]scale=iw*2:ih*2,{pythonz}pan=z='if(lte({pythonz},-1.0),1.3,min({pythonz}+0.0006,1.3))':d=25*15:s=540x279[video_5];[video_5][video_4]{pythono}=x='if(lte(n,25*10.98),0,if(lte(mod(n,200),1),0,541))'[mix_video2];[v2][mix_video2]{pythono}=enable='between=(t,0,14.24)':x=0:y=681[v3];[3_scalled]scale=iw*2:ih*2,{pythonz}pan=z='if(lte(on,25*14.24),1,if(lte({pythonz},-1.0),1.3,min({pythonz}+0.0006,1.3)))':d=25*30:s=540x960[video_6];[v3][video_6]{pythono}=enable='between=(t,14.24,19.17)':x=0:y=0[v4];[4_scalled]scale=iw*2:ih*2,{pythonz}pan=z='if(lte(on,25*19.17),1,if(lte({pythonz},1.0),1.3,max(1.001,{pythonz}-0.0006)))':d=25*30:s=540x960[video_7];[v4][video_7]{pythono}=enable='between=(t,19.17,24.25)':x=0:y=0[v5];[5_scalled]scale=iw*2:ih*2,{pythonz}pan=z='if(lte(on,25*24.25),1,if(lte({pythonz},-1.0),1.3,min({pythonz}+0.0006,1.3)))':d=25*30:s=540x960[video_8];[v5][video_8]{pythono}=enable='between=(t,24.25,27.34)':x=0:y=0[v6];[6_scalled]scale=iw*2:ih*2,{pythonz}pan=z='if(lte(on,25*27.34),1,if(lte({pythonz},1.0),1.3,max(1.001,{pythonz}-0.0006)))':d=25*30:s=540x960[video_9];[v6][video_9]{pythono}=enable='between=(t,27.34,30)':x=0:y=0[v7];[v7][ovrly]{pythono}=0:0[base_video];[base_video][9]{pythono}=enable='between(t,0,15)':x=30:y=30[watermarked_part1];[watermarked_part1][9]{pythono}=enable='between(t,15,30)':x=(main_w-{pythono}_w-30):y=30"],"i":["[7]split=2[color][alpha];[color]crop=iw\/2:ih:0:0[color];[alpha]crop=iw\/2:ih:iw\/2:0[alpha];[color][alpha]{pythonmerge}[ovrly];[0]scale=540:308,setsar=1[0_scalled];[0]scale=540:308,setsar=1,hue=s=0[0_scalled_black];[1]scale=540:368,setsar=1[1_scalled];[2]scale=540:279,setsar=1[2_scalled];[2]scale=540:279,setsar=1,hue=s=0[2_scalled_black];[3]scale=540:960,setsar=1[3_scalled];[4]scale=540:960,setsar=1[4_scalled];[5]scale=540:960,setsar=1[5_scalled];[6]scale=540:960,setsar=1[6_scalled];[0_scalled]scale=iw*2:ih*2,{pythonz}pan=z='if(lte({pythonz},-1.0),1.3,min({pythonz}+0.0006,1.3))':d=25*15:s=540x308,{pythonf}=t=in:st=0:d=0.4[video_1];[0_scalled_black]scale=iw*2:ih*2,{pythonz}pan=z='if(lte({pythonz},-1.0),1.3,min({pythonz}+0.0006,1.3))':d=25*15:s=540x308,{pythonf}=t=in:st=0:d=0.4[video_2];[video_2][video_1]{pythono}=x='if(lte(n,25*10.98),0,if(lte(mod(n,200),1),0,541))'[mix_video1];[8:v][mix_video1]{pythono}=enable='between=(t,0,14.24)':x=0:y=0[v1];[1_scalled]scale=iw*2:ih*2,{pythonz}pan=z='if(lte({pythonz},1.0),1.3,max(1.001,{pythonz}-0.0006))':d=25*15:s=540x368[video_3];[v1][video_3]{pythono}=enable='between=(t,0,14.24)':x=0:y=311[v2];[2_scalled]scale=iw*2:ih*2,{pythonz}pan=z='if(lte({pythonz},-1.0),1.3,min({pythonz}+0.0006,1.3))':d=25*15:s=540x279[video_4];[2_scalled_black]scale=iw*2:ih*2,{pythonz}pan=z='if(lte({pythonz},-1.0),1.3,min({pythonz}+0.0006,1.3))':d=25*15:s=540x279[video_5];[video_5][video_4]{pythono}=x='if(lte(n,25*10.98),0,if(lte(mod(n,200),1),0,541))'[mix_video2];[v2][mix_video2]{pythono}=enable='between=(t,0,14.24)':x=0:y=681[v3];[3_scalled]scale=iw*2:ih*2,{pythonz}pan=z='if(lte(on,25*14.24),1,if(lte({pythonz},-1.0),1.3,min({pythonz}+0.0006,1.3)))':d=25*30:s=540x960[video_6];[v3][video_6]{pythono}=enable='between=(t,14.24,19.17)':x=0:y=0[v4];[4_scalled]scale=iw*2:ih*2,{pythonz}pan=z='if(lte(on,25*19.17),1,if(lte({pythonz},1.0),1.3,max(1.001,{pythonz}-0.0006)))':d=25*30:s=540x960[video_7];[v4][video_7]{pythono}=enable='between=(t,19.17,24.25)':x=0:y=0[v5];[5_scalled]scale=iw*2:ih*2,{pythonz}pan=z='if(lte(on,25*24.25),1,if(lte({pythonz},-1.0),1.3,min({pythonz}+0.0006,1.3)))':d=25*30:s=540x960[video_8];[v5][video_8]{pythono}=enable='between=(t,24.25,27.34)':x=0:y=0[v6];[6_scalled]scale=iw*2:ih*2,{pythonz}pan=z='if(lte(on,25*27.34),1,if(lte({pythonz},1.0),1.3,max(1.001,{pythonz}-0.0006)))':d=25*30:s=540x960[video_9];[v6][video_9]{pythono}=enable='between=(t,27.34,30)':x=0:y=0[v7];[v7][ovrly]{pythono}=0:0[base_video];[base_video][9]{pythono}=enable='between(t,0,15)':x=30:y=30[watermarked_part1];[watermarked_part1][9]{pythono}=enable='between(t,15,30)':x=(main_w-{pythono}_w-30):y=30[final_video]"],"n":[],"g":[],"c":[],"o":["-map","[final_video]","-map","10:a"],"d":["-t","30","-strict","-2"],"s":[],"layers":[{"ao":0,"bm":1,"ddd":0,"ind":1,"ip":0,"ks":{"a":{"a":0,"ix":1,"k":[270,480,0]},"o":{"a":0,"ix":11,"k":18.039},"p":{"a":0,"ix":2,"k":[270,480,0]},"r":{"a":0,"ix":10,"k":0},"s":{"a":0,"ix":6,"k":[100,100,100]}},"nm":"all","op":327,"refId":"image_0","sr":1,"st":0,"ty":2},{"ao":0,"bm":3,"ddd":0,"ind":2,"ip":76,"ks":{"a":{"a":0,"ix":1,"k":[270,480,0]},"o":{"a":0,"ix":11,"k":40},"p":{"a":0,"ix":2,"k":[270,480,0]},"r":{"a":0,"ix":10,"k":0},"s":{"a":0,"ix":6,"k":[100,100,100]}},"nm":"lvjing  all 3","op":327,"refId":"image_1","sr":1,"st":-8,"ty":2},{"ao":0,"bm":13,"ddd":0,"ind":3,"ip":76,"ks":{"a":{"a":0,"ix":1,"k":[270,480,0]},"o":{"a":0,"ix":11,"k":50.196},"p":{"a":0,"ix":2,"k":[270,480,0]},"r":{"a":0,"ix":10,"k":0},"s":{"a":0,"ix":6,"k":[100,100,100]}},"nm":"baohedu all 3","op":327,"refId":"image_2","sr":1,"st":-8,"ty":2}],"mu":["[7]split=2[color][alpha];[color]crop=iw\/2:ih:0:0[color];[alpha]crop=iw\/2:ih:iw\/2:0[alpha];[color][alpha]{pythonmerge}[ovrly];[0]scale=540:308,setsar=1[0_scalled];[0]scale=540:308,setsar=1,hue=s=0[0_scalled_black];[1]scale=540:368,setsar=1[1_scalled];[2]scale=540:279,setsar=1[2_scalled];[2]scale=540:279,setsar=1,hue=s=0[2_scalled_black];[3]scale=540:960,setsar=1[3_scalled];[4]scale=540:960,setsar=1[4_scalled];[5]scale=540:960,setsar=1[5_scalled];[6]scale=540:960,setsar=1[6_scalled];[0_scalled]scale=iw*2:ih*2,{pythonz}pan=z='if(lte({pythonz},-1.0),1.3,min({pythonz}+0.0006,1.3))':d=25*15:s=540x308,{pythonf}=t=in:st=0:d=0.4[video_1];[0_scalled_black]scale=iw*2:ih*2,{pythonz}pan=z='if(lte({pythonz},-1.0),1.3,min({pythonz}+0.0006,1.3))':d=25*15:s=540x308,{pythonf}=t=in:st=0:d=0.4[video_2];[video_2][video_1]{pythono}=x='if(lte(n,25*10.98),0,if(lte(mod(n,200),1),0,541))'[mix_video1];[8:v][mix_video1]{pythono}=enable='between=(t,0,14.24)':x=0:y=0[v1];[1_scalled]scale=iw*2:ih*2,{pythonz}pan=z='if(lte({pythonz},1.0),1.3,max(1.001,{pythonz}-0.0006))':d=25*15:s=540x368[video_3];[v1][video_3]{pythono}=enable='between=(t,0,14.24)':x=0:y=311[v2];[2_scalled]scale=iw*2:ih*2,{pythonz}pan=z='if(lte({pythonz},-1.0),1.3,min({pythonz}+0.0006,1.3))':d=25*15:s=540x279[video_4];[2_scalled_black]scale=iw*2:ih*2,{pythonz}pan=z='if(lte({pythonz},-1.0),1.3,min({pythonz}+0.0006,1.3))':d=25*15:s=540x279[video_5];[video_5][video_4]{pythono}=x='if(lte(n,25*10.98),0,if(lte(mod(n,200),1),0,541))'[mix_video2];[v2][mix_video2]{pythono}=enable='between=(t,0,14.24)':x=0:y=681[v3];[3_scalled]scale=iw*2:ih*2,{pythonz}pan=z='if(lte(on,25*14.24),1,if(lte({pythonz},-1.0),1.3,min({pythonz}+0.0006,1.3)))':d=25*30:s=540x960[video_6];[v3][video_6]{pythono}=enable='between=(t,14.24,19.17)':x=0:y=0[v4];[4_scalled]scale=iw*2:ih*2,{pythonz}pan=z='if(lte(on,25*19.17),1,if(lte({pythonz},1.0),1.3,max(1.001,{pythonz}-0.0006)))':d=25*30:s=540x960[video_7];[v4][video_7]{pythono}=enable='between=(t,19.17,24.25)':x=0:y=0[v5];[5_scalled]scale=iw*2:ih*2,{pythonz}pan=z='if(lte(on,25*24.25),1,if(lte({pythonz},-1.0),1.3,min({pythonz}+0.0006,1.3)))':d=25*30:s=540x960[video_8];[v5][video_8]{pythono}=enable='between=(t,24.25,27.34)':x=0:y=0[v6];[6_scalled]scale=iw*2:ih*2,{pythonz}pan=z='if(lte(on,25*27.34),1,if(lte({pythonz},1.0),1.3,max(1.001,{pythonz}-0.0006)))':d=25*30:s=540x960[video_9];[v6][video_9]{pythono}=enable='between=(t,27.34,30)':x=0:y=0[v7];[v7][ovrly]{pythono}=0:0"],"ke":["[7]split=2[color][alpha];[color]crop=iw\/2:ih:0:0[color];[alpha]crop=iw\/2:ih:iw\/2:0[alpha];[color][alpha]{pythonmerge}[ovrly];[0]scale=540:308,setsar=1[0_scalled];[0]scale=540:308,setsar=1,hue=s=0[0_scalled_black];[1]scale=540:368,setsar=1[1_scalled];[2]scale=540:279,setsar=1[2_scalled];[2]scale=540:279,setsar=1,hue=s=0[2_scalled_black];[3]scale=540:960,setsar=1[3_scalled];[4]scale=540:960,setsar=1[4_scalled];[5]scale=540:960,setsar=1[5_scalled];[6]scale=540:960,setsar=1[6_scalled];[0_scalled]scale=iw*2:ih*2,{pythonz}pan=z='if(lte({pythonz},-1.0),1.3,min({pythonz}+0.0006,1.3))':d=25*15:s=540x308,{pythonf}=t=in:st=0:d=0.4[video_1];[0_scalled_black]scale=iw*2:ih*2,{pythonz}pan=z='if(lte({pythonz},-1.0),1.3,min({pythonz}+0.0006,1.3))':d=25*15:s=540x308,{pythonf}=t=in:st=0:d=0.4[video_2];[video_2][video_1]{pythono}=x='if(lte(n,25*10.98),0,if(lte(mod(n,200),1),0,541))'[mix_video1];[8:v][mix_video1]{pythono}=enable='between=(t,0,14.24)':x=0:y=0[v1];[1_scalled]scale=iw*2:ih*2,{pythonz}pan=z='if(lte({pythonz},1.0),1.3,max(1.001,{pythonz}-0.0006))':d=25*15:s=540x368[video_3];[v1][video_3]{pythono}=enable='between=(t,0,14.24)':x=0:y=311[v2];[2_scalled]scale=iw*2:ih*2,{pythonz}pan=z='if(lte({pythonz},-1.0),1.3,min({pythonz}+0.0006,1.3))':d=25*15:s=540x279[video_4];[2_scalled_black]scale=iw*2:ih*2,{pythonz}pan=z='if(lte({pythonz},-1.0),1.3,min({pythonz}+0.0006,1.3))':d=25*15:s=540x279[video_5];[video_5][video_4]{pythono}=x='if(lte(n,25*10.98),0,if(lte(mod(n,200),1),0,541))'[mix_video2];[v2][mix_video2]{pythono}=enable='between=(t,0,14.24)':x=0:y=681[v3];[3_scalled]scale=iw*2:ih*2,{pythonz}pan=z='if(lte(on,25*14.24),1,if(lte({pythonz},-1.0),1.3,min({pythonz}+0.0006,1.3)))':d=25*30:s=540x960[video_6];[v3][video_6]{pythono}=enable='between=(t,14.24,19.17)':x=0:y=0[v4];[4_scalled]scale=iw*2:ih*2,{pythonz}pan=z='if(lte(on,25*19.17),1,if(lte({pythonz},1.0),1.3,max(1.001,{pythonz}-0.0006)))':d=25*30:s=540x960[video_7];[v4][video_7]{pythono}=enable='between=(t,19.17,24.25)':x=0:y=0[v5];[5_scalled]scale=iw*2:ih*2,{pythonz}pan=z='if(lte(on,25*24.25),1,if(lte({pythonz},-1.0),1.3,min({pythonz}+0.0006,1.3)))':d=25*30:s=540x960[video_8];[v5][video_8]{pythono}=enable='between=(t,24.25,27.34)':x=0:y=0[v6];[6_scalled]scale=iw*2:ih*2,{pythonz}pan=z='if(lte(on,25*27.34),1,if(lte({pythonz},1.0),1.3,max(1.001,{pythonz}-0.0006)))':d=25*30:s=540x960[video_9];[v6][video_9]{pythono}=enable='between=(t,27.34,30)':x=0:y=0[v7];[v7][ovrly]{pythono}=0:0[final_video]"],"sh":["-map","[final_video]","-map","9:a"]}