{"images":[{"name":"img_0.jpg","w":160,"h":212,"prefix":["-i"],"postfix":[]},{"name":"img_1.jpg","w":328,"h":204,"prefix":["-i"],"postfix":[]},{"name":"img_2.jpg","w":155,"h":204,"prefix":["-i"],"postfix":[]},{"name":"img_3.jpg","w":328,"h":204,"prefix":["-i"],"postfix":[]},{"name":"img_4.jpg","w":138,"h":174,"prefix":["-i"],"postfix":[]},{"name":"img_5.jpg","w":138,"h":174,"prefix":["-i"],"postfix":[]},{"name":"img_6.jpg","w":208,"h":174,"prefix":["-i"],"postfix":[]}],"static_inputs":[{"name":"background_video.mp4","prefix":["-i"],"postfix":[]},{"name":"first.jpg","prefix":["-loop","1","-t","12","-i"],"postfix":[]}],"video":{"h":960,"w":540,"duration":12},"e":[],"m":["-{pythoncomplex}"],"r":["[7]split=2[color][alpha];[color]crop=iw\/2:ih:0:0[color];[alpha]crop=iw\/2:ih:iw\/2:0[alpha];[color][alpha]{pythonmerge}[ovrly];[0]scale=160:212,setsar=1[0_scalled];[1]scale=328:204,setsar=1[1_scalled];[2]scale=155:204,setsar=1[2_scalled];[3]scale=328:204,setsar=1[3_scalled];[4]scale=138:174,setsar=1[4_scalled];[5]scale=138:174,setsar=1[5_scalled];[6]scale=208:174,setsar=1[6_scalled];[8:v][0_scalled]{pythono}=enable='between=(t,3,12)':x=26:y=292[v1];[v1][1_scalled]{pythono}=enable='between=(t,3,12)':x=189:y=295[v2];[v2][2_scalled]{pythono}=enable='between=(t,3,12)':x=361:y=508[v3];[v3][3_scalled]{pythono}=enable='between=(t,3,12)':x=28:y=508[v4];[v4][4_scalled]{pythono}=enable='between=(t,3,12)':x=29:y=718[v5];[v5][5_scalled]{pythono}=enable='between=(t,3,12)':x=169:y=718[v6];[v6][6_scalled]{pythono}=enable='between=(t,3,12)':x=309:y=718[v7];[v7][ovrly]{pythono}=0:0[base_video];[base_video][9]{pythono}=enable='between(t,0,12)':x=30:y=30"],"i":["[7]split=2[color][alpha];[color]crop=iw\/2:ih:0:0[color];[alpha]crop=iw\/2:ih:iw\/2:0[alpha];[color][alpha]{pythonmerge}[ovrly];[0]scale=160:212,setsar=1[0_scalled];[1]scale=328:204,setsar=1[1_scalled];[2]scale=155:204,setsar=1[2_scalled];[3]scale=328:204,setsar=1[3_scalled];[4]scale=138:174,setsar=1[4_scalled];[5]scale=138:174,setsar=1[5_scalled];[6]scale=208:174,setsar=1[6_scalled];[8:v][0_scalled]{pythono}=enable='between=(t,3,12)':x=26:y=292[v1];[v1][1_scalled]{pythono}=enable='between=(t,3,12)':x=189:y=295[v2];[v2][2_scalled]{pythono}=enable='between=(t,3,12)':x=361:y=508[v3];[v3][3_scalled]{pythono}=enable='between=(t,3,12)':x=28:y=508[v4];[v4][4_scalled]{pythono}=enable='between=(t,3,12)':x=29:y=718[v5];[v5][5_scalled]{pythono}=enable='between=(t,3,12)':x=169:y=718[v6];[v6][6_scalled]{pythono}=enable='between=(t,3,12)':x=309:y=718[v7];[v7][ovrly]{pythono}=0:0[base_video];[base_video][9]{pythono}=enable='between(t,0,12)':x=30:y=30[final_video]"],"n":[],"g":[],"c":[],"o":["-map","[final_video]","-map","10:a"],"d":["-t","12","-strict","-2"],"s":[],"layers":[{"ao":0,"bm":1,"ddd":0,"ind":1,"ip":0,"ks":{"a":{"a":0,"ix":1,"k":[270,480,0]},"o":{"a":0,"ix":11,"k":18.039},"p":{"a":0,"ix":2,"k":[270,480,0]},"r":{"a":0,"ix":10,"k":0},"s":{"a":0,"ix":6,"k":[100,100,100]}},"nm":"all","op":327,"refId":"image_0","sr":1,"st":0,"ty":2},{"ao":0,"bm":3,"ddd":0,"ind":2,"ip":76,"ks":{"a":{"a":0,"ix":1,"k":[270,480,0]},"o":{"a":0,"ix":11,"k":40},"p":{"a":0,"ix":2,"k":[270,480,0]},"r":{"a":0,"ix":10,"k":0},"s":{"a":0,"ix":6,"k":[100,100,100]}},"nm":"lvjing  all 3","op":327,"refId":"image_1","sr":1,"st":-8,"ty":2},{"ao":0,"bm":13,"ddd":0,"ind":3,"ip":76,"ks":{"a":{"a":0,"ix":1,"k":[270,480,0]},"o":{"a":0,"ix":11,"k":50.196},"p":{"a":0,"ix":2,"k":[270,480,0]},"r":{"a":0,"ix":10,"k":0},"s":{"a":0,"ix":6,"k":[100,100,100]}},"nm":"baohedu all 3","op":327,"refId":"image_2","sr":1,"st":-8,"ty":2}],"mu":["[7]split=2[color][alpha];[color]crop=iw\/2:ih:0:0[color];[alpha]crop=iw\/2:ih:iw\/2:0[alpha];[color][alpha]{pythonmerge}[ovrly];[0]scale=160:212,setsar=1[0_scalled];[1]scale=328:204,setsar=1[1_scalled];[2]scale=155:204,setsar=1[2_scalled];[3]scale=328:204,setsar=1[3_scalled];[4]scale=138:174,setsar=1[4_scalled];[5]scale=138:174,setsar=1[5_scalled];[6]scale=208:174,setsar=1[6_scalled];[8:v][0_scalled]{pythono}=enable='between=(t,3,12)':x=26:y=292[v1];[v1][1_scalled]{pythono}=enable='between=(t,3,12)':x=189:y=295[v2];[v2][2_scalled]{pythono}=enable='between=(t,3,12)':x=361:y=508[v3];[v3][3_scalled]{pythono}=enable='between=(t,3,12)':x=28:y=508[v4];[v4][4_scalled]{pythono}=enable='between=(t,3,12)':x=29:y=718[v5];[v5][5_scalled]{pythono}=enable='between=(t,3,12)':x=169:y=718[v6];[v6][6_scalled]{pythono}=enable='between=(t,3,12)':x=309:y=718[v7];[v7][ovrly]{pythono}=0:0"],"ke":["[7]split=2[color][alpha];[color]crop=iw\/2:ih:0:0[color];[alpha]crop=iw\/2:ih:iw\/2:0[alpha];[color][alpha]{pythonmerge}[ovrly];[0]scale=160:212,setsar=1[0_scalled];[1]scale=328:204,setsar=1[1_scalled];[2]scale=155:204,setsar=1[2_scalled];[3]scale=328:204,setsar=1[3_scalled];[4]scale=138:174,setsar=1[4_scalled];[5]scale=138:174,setsar=1[5_scalled];[6]scale=208:174,setsar=1[6_scalled];[8:v][0_scalled]{pythono}=enable='between=(t,3,12)':x=26:y=292[v1];[v1][1_scalled]{pythono}=enable='between=(t,3,12)':x=189:y=295[v2];[v2][2_scalled]{pythono}=enable='between=(t,3,12)':x=361:y=508[v3];[v3][3_scalled]{pythono}=enable='between=(t,3,12)':x=28:y=508[v4];[v4][4_scalled]{pythono}=enable='between=(t,3,12)':x=29:y=718[v5];[v5][5_scalled]{pythono}=enable='between=(t,3,12)':x=169:y=718[v6];[v6][6_scalled]{pythono}=enable='between=(t,3,12)':x=309:y=718[v7];[v7][ovrly]{pythono}=0:0[final_video]"],"sh":["-map","[final_video]","-map","9:a"]}