{"images":[{"name":"img_0.jpg","w":540,"h":846,"prefix":["-i"],"postfix":[]},{"name":"img_1.jpg","w":540,"h":846,"prefix":["-i"],"postfix":[]},{"name":"img_2.jpg","w":540,"h":846,"prefix":["-i"],"postfix":[]},{"name":"img_3.jpg","w":540,"h":846,"prefix":["-i"],"postfix":[]}],"static_inputs":[{"name":"background_video.mp4","prefix":["-i"],"postfix":[]},{"name":"first.jpg","prefix":["-loop","1","-t","29","-i"],"postfix":[]}],"video":{"h":960,"w":540,"duration":29},"e":[],"m":["-{pythoncomplex}"],"r":["[4]split=2[color][alpha];[color]crop=iw\/2:ih:0:0[color];[alpha]crop=iw\/2:ih:iw\/2:0[alpha];[color][alpha]{pythonmerge}[ovrly];[0]scale=540:846,setsar=1[0_scalled];[1]scale=540:846,setsar=1[1_scalled];[2]scale=540:846,setsar=1[2_scalled];[3]scale=540:846,setsar=1[3_scalled];[5:v][0_scalled]{pythono}=x='if(gte(n,7*25),0-(n-7*25)*50,74)':y=58[v0];[v0][1_scalled]{pythono}=x='if(gte(n,7*25),if(gte(n,14*25),0-(n-14*25)*75,max(540-(n-7*25)*75,0)),540)':y=58[v1];[v1][2_scalled]{pythono}=x='if(gte(n,14*25),if(gte(n,21*25),0-(n-21*25)*75,max(540-(n-14*25)*75,0)),540)':y=58[v2];[v2][3_scalled]{pythono}=x='if(gte(n,21*25),max(540-(n-21*25)*75,0),540)':y=58[v3];[v3][ovrly]{pythono}=0:0[base_video];[base_video][6]{pythono}=enable='between(t,0,15)':x=30:y=30[watermarked_part1];[watermarked_part1][6]{pythono}=enable='between(t,15,29)':x=(main_w-{pythono}_w-30):y=30"],"i":["[4]split=2[color][alpha];[color]crop=iw\/2:ih:0:0[color];[alpha]crop=iw\/2:ih:iw\/2:0[alpha];[color][alpha]{pythonmerge}[ovrly];[0]scale=540:846,setsar=1[0_scalled];[1]scale=540:846,setsar=1[1_scalled];[2]scale=540:846,setsar=1[2_scalled];[3]scale=540:846,setsar=1[3_scalled];[5:v][0_scalled]{pythono}=x='if(gte(n,7*25),0-(n-7*25)*50,74)':y=58[v0];[v0][1_scalled]{pythono}=x='if(gte(n,7*25),if(gte(n,14*25),0-(n-14*25)*75,max(540-(n-7*25)*75,0)),540)':y=58[v1];[v1][2_scalled]{pythono}=x='if(gte(n,14*25),if(gte(n,21*25),0-(n-21*25)*75,max(540-(n-14*25)*75,0)),540)':y=58[v2];[v2][3_scalled]{pythono}=x='if(gte(n,21*25),max(540-(n-21*25)*75,0),540)':y=58[v3];[v3][ovrly]{pythono}=0:0[base_video];[base_video][6]{pythono}=enable='between(t,0,15)':x=30:y=30[watermarked_part1];[watermarked_part1][6]{pythono}=enable='between(t,15,29)':x=(main_w-{pythono}_w-30):y=30[final_video]"],"n":[],"g":[],"c":[],"o":["-map","[final_video]","-map","7:a"],"d":["-t","29","-strict","-2"],"s":[],"layers":[{"ao":0,"bm":1,"ddd":0,"ind":1,"ip":0,"ks":{"a":{"a":0,"ix":1,"k":[270,480,0]},"o":{"a":0,"ix":11,"k":18.039},"p":{"a":0,"ix":2,"k":[270,480,0]},"r":{"a":0,"ix":10,"k":0},"s":{"a":0,"ix":6,"k":[100,100,100]}},"nm":"all","op":327,"refId":"image_0","sr":1,"st":0,"ty":2},{"ao":0,"bm":3,"ddd":0,"ind":2,"ip":76,"ks":{"a":{"a":0,"ix":1,"k":[270,480,0]},"o":{"a":0,"ix":11,"k":40},"p":{"a":0,"ix":2,"k":[270,480,0]},"r":{"a":0,"ix":10,"k":0},"s":{"a":0,"ix":6,"k":[100,100,100]}},"nm":"lvjing  all 3","op":327,"refId":"image_1","sr":1,"st":-8,"ty":2},{"ao":0,"bm":13,"ddd":0,"ind":3,"ip":76,"ks":{"a":{"a":0,"ix":1,"k":[270,480,0]},"o":{"a":0,"ix":11,"k":50.196},"p":{"a":0,"ix":2,"k":[270,480,0]},"r":{"a":0,"ix":10,"k":0},"s":{"a":0,"ix":6,"k":[100,100,100]}},"nm":"baohedu all 3","op":327,"refId":"image_2","sr":1,"st":-8,"ty":2}],"mu":["[4]split=2[color][alpha];[color]crop=iw\/2:ih:0:0[color];[alpha]crop=iw\/2:ih:iw\/2:0[alpha];[color][alpha]{pythonmerge}[ovrly];[0]scale=540:846,setsar=1[0_scalled];[1]scale=540:846,setsar=1[1_scalled];[2]scale=540:846,setsar=1[2_scalled];[3]scale=540:846,setsar=1[3_scalled];[5:v][0_scalled]{pythono}=x='if(gte(n,7*25),0-(n-7*25)*50,74)':y=58[v0];[v0][1_scalled]{pythono}=x='if(gte(n,7*25),if(gte(n,14*25),0-(n-14*25)*75,max(540-(n-7*25)*75,0)),540)':y=58[v1];[v1][2_scalled]{pythono}=x='if(gte(n,14*25),if(gte(n,21*25),0-(n-21*25)*75,max(540-(n-14*25)*75,0)),540)':y=58[v2];[v2][3_scalled]{pythono}=x='if(gte(n,21*25),max(540-(n-21*25)*75,0),540)':y=58[v3];[v3][ovrly]{pythono}=0:0"],"ke":["[4]split=2[color][alpha];[color]crop=iw\/2:ih:0:0[color];[alpha]crop=iw\/2:ih:iw\/2:0[alpha];[color][alpha]{pythonmerge}[ovrly];[0]scale=540:846,setsar=1[0_scalled];[1]scale=540:846,setsar=1[1_scalled];[2]scale=540:846,setsar=1[2_scalled];[3]scale=540:846,setsar=1[3_scalled];[5:v][0_scalled]{pythono}=x='if(gte(n,7*25),0-(n-7*25)*50,74)':y=58[v0];[v0][1_scalled]{pythono}=x='if(gte(n,7*25),if(gte(n,14*25),0-(n-14*25)*75,max(540-(n-7*25)*75,0)),540)':y=58[v1];[v1][2_scalled]{pythono}=x='if(gte(n,14*25),if(gte(n,21*25),0-(n-21*25)*75,max(540-(n-14*25)*75,0)),540)':y=58[v2];[v2][3_scalled]{pythono}=x='if(gte(n,21*25),max(540-(n-21*25)*75,0),540)':y=58[v3];[v3][ovrly]{pythono}=0:0[final_video]"],"sh":["-map","[final_video]","-map","6:a"]}