{
  "images": [
    {
      "name": "img_0.jpg",
      "w": 720,
      "h": 420,
      "prefix": [
        "-i"
      ],
      "postfix": [
      ]
    },
    {
      "name": "img_1.jpg",
      "w": 720,
      "h": 420,
      "prefix": [
        "-i"
      ],
      "postfix": [
      ]
    },
    {
      "name": "img_2.jpg",
      "w": 720,
      "h": 420,
      "prefix": [
        "-i"
      ],
      "postfix": [
      ]
    }
  ],
  "static_inputs": [
    {
      "name": "background_video.mp4",
      "prefix": [
        "-i"
      ],
      "postfix": [
      ]
    }
  ],
  "video": {
    "h": 720,
    "w": 420,
    "duration": 16
  },
  "e": [],
  "m": [
    "-{pythoncomplex}"
  ],
  "r": [
    "[3]split=2[color][alpha];[color]crop=iw/2:ih:0:0[color];[alpha]crop=iw/2:ih:iw/2:0[alpha];[color][alpha]{pythonmerge}[ovrly];[0]scale=720:420,setsar=1[0_scalled];[1]scale=720:420,setsar=1[1_scalled];[2]scale=720:420,setsar=1[2_scalled];[4]scale=70:70,setsar=1,split=2[3_scalled][4_scalled];[0_scalled]scale=iw*2:ih*2,{pythonz}pan=z='if(lte(on,25*2.9),1,if(lte(mod(on,12),4),{pythonz}+0.0100,{pythonz}-0.0100))':x='iw/2-(iw/{pythonz})/2':y='ih/2-(ih/{pythonz})/2':d=25*6.05:s=720X420,{pythonf}=t=in:st=0:d=1[v0];[1_scalled]scale=iw*2:ih*2,{pythonz}pan=z='if(lte(mod(on,12),4),{pythonz}+0.0100,{pythonz}-0.0100)':x='iw/2-(iw/{pythonz})/2':y='ih/2-(ih/{pythonz})/2':d=25*5.7:s=720X420[v1];[2_scalled]scale=iw*2:ih*2,{pythonz}pan=z='if(lte(on,25*2),if(lte(mod(on,12),2),{pythonz}+0.0100,{pythonz}-0.0100),1)':x='iw/2-(iw/{pythonz})/2':y='ih/2-(ih/{pythonz})/2':d=25*4.25:s=720X420[v2];[v0][v1][v2]concat=n=3:v=1:a=0,format=yuv420p[concatenated_video];[concatenated_video][ovrly]{pythono}=0:0[base_video];[base_video][3_scalled]{pythono}=enable='between(t,0,8)':x=20:y=10[watermarked_part1];[watermarked_part1][4_scalled]{pythono}=enable='between(t,8,16)':x=(main_w-{pythono}_w-20):y=(main_h-{pythono}_h-10)"
  ],
  "i": [
    "[3]split=2[color][alpha];[color]crop=iw/2:ih:0:0[color];[alpha]crop=iw/2:ih:iw/2:0[alpha];[color][alpha]{pythonmerge}[ovrly];[0]scale=720:420,setsar=1[0_scalled];[1]scale=720:420,setsar=1[1_scalled];[2]scale=720:420,setsar=1[2_scalled];[4]scale=70:70,setsar=1,split=2[3_scalled][4_scalled];[0_scalled]scale=iw*2:ih*2,{pythonz}pan=z='if(lte(on,25*2.9),1,if(lte(mod(on,12),4),{pythonz}+0.0100,{pythonz}-0.0100))':x='iw/2-(iw/{pythonz})/2':y='ih/2-(ih/{pythonz})/2':d=25*6.05:s=720X420,{pythonf}=t=in:st=0:d=1[v0];[1_scalled]scale=iw*2:ih*2,{pythonz}pan=z='if(lte(mod(on,12),4),{pythonz}+0.0100,{pythonz}-0.0100)':x='iw/2-(iw/{pythonz})/2':y='ih/2-(ih/{pythonz})/2':d=25*5.7:s=720X420[v1];[2_scalled]scale=iw*2:ih*2,{pythonz}pan=z='if(lte(on,25*2),if(lte(mod(on,12),2),{pythonz}+0.0100,{pythonz}-0.0100),1)':x='iw/2-(iw/{pythonz})/2':y='ih/2-(ih/{pythonz})/2':d=25*4.25:s=720X420[v2];[v0][v1][v2]concat=n=3:v=1:a=0,format=yuv420p[concatenated_video];[concatenated_video][ovrly]{pythono}=0:0[base_video];[base_video][3_scalled]{pythono}=enable='between(t,0,8)':x=20:y=10[watermarked_part1];[watermarked_part1][4_scalled]{pythono}=enable='between(t,8,16)':x=(main_w-{pythono}_w-20):y=(main_h-{pythono}_h-10)[final_video]"
  ],
  "n": [],
  "g": [],
  "c": [],
  "o": [
    "-map",
    "[final_video]",
    "-map",
    "5:a"
  ],
  "d": [
    "-t",
    "16",
    "-strict",
    "-2"
  ],
  "s": [],
  "layers": [
    {
      "ao": 0,
      "bm": 1,
      "ddd": 0,
      "ind": 1,
      "ip": 0,
      "ks": {
        "a": {
          "a": 0,
          "ix": 1,
          "k": [
            270,
            480,
            0
          ]
        },
        "o": {
          "a": 0,
          "ix": 11,
          "k": 18.039
        },
        "p": {
          "a": 0,
          "ix": 2,
          "k": [
            270,
            480,
            0
          ]
        },
        "r": {
          "a": 0,
          "ix": 10,
          "k": 0
        },
        "s": {
          "a": 0,
          "ix": 6,
          "k": [
            100,
            100,
            100
          ]
        }
      },
      "nm": "all",
      "op": 327,
      "refId": "image_0",
      "sr": 1,
      "st": 0,
      "ty": 2
    },
    {
      "ao": 0,
      "bm": 3,
      "ddd": 0,
      "ind": 2,
      "ip": 76,
      "ks": {
        "a": {
          "a": 0,
          "ix": 1,
          "k": [
            270,
            480,
            0
          ]
        },
        "o": {
          "a": 0,
          "ix": 11,
          "k": 40
        },
        "p": {
          "a": 0,
          "ix": 2,
          "k": [
            270,
            480,
            0
          ]
        },
        "r": {
          "a": 0,
          "ix": 10,
          "k": 0
        },
        "s": {
          "a": 0,
          "ix": 6,
          "k": [
            100,
            100,
            100
          ]
        }
      },
      "nm": "lvjing  all 3",
      "op": 327,
      "refId": "image_1",
      "sr": 1,
      "st": -8,
      "ty": 2
    },
    {
      "ao": 0,
      "bm": 13,
      "ddd": 0,
      "ind": 3,
      "ip": 76,
      "ks": {
        "a": {
          "a": 0,
          "ix": 1,
          "k": [
            270,
            480,
            0
          ]
        },
        "o": {
          "a": 0,
          "ix": 11,
          "k": 50.196
        },
        "p": {
          "a": 0,
          "ix": 2,
          "k": [
            270,
            480,
            0
          ]
        },
        "r": {
          "a": 0,
          "ix": 10,
          "k": 0
        },
        "s": {
          "a": 0,
          "ix": 6,
          "k": [
            100,
            100,
            100
          ]
        }
      },
      "nm": "baohedu all 3",
      "op": 327,
      "refId": "image_2",
      "sr": 1,
      "st": -8,
      "ty": 2
    }
  ]
}