{"images":[{"name":"img_0.jpg","w":540,"h":960,"prefix":["-i"],"postfix":[]},{"name":"img_1.jpg","w":540,"h":960,"prefix":["-i"],"postfix":[]},{"name":"img_2.jpg","w":540,"h":960,"prefix":["-i"],"postfix":[]},{"name":"img_3.jpg","w":540,"h":960,"prefix":["-i"],"postfix":[]},{"name":"img_4.jpg","w":540,"h":960,"prefix":["-i"],"postfix":[]},{"name":"img_5.jpg","w":540,"h":960,"prefix":["-i"],"postfix":[]}],"static_inputs":[{"name":"background_video.mp4","prefix":["-i"],"postfix":[]}],"video":{"h":960,"w":540,"duration":18},"e":[],"m":["-{pythoncomplex}"],"r":["[6]split=2[color][alpha];[color]crop=iw\/2:ih:0:0[color];[alpha]crop=iw\/2:ih:iw\/2:0[alpha];[color][alpha]{pythonmerge}[ovrly];[0]scale=540:960,setsar=1[0_scalled];[1]scale=540:960,setsar=1[1_scalled];[2]scale=540:960,setsar=1[2_scalled];[3]scale=540:960,setsar=1[3_scalled];[4]scale=540:960,setsar=1[4_scalled];[5]scale=540:960,setsar=1[5_scalled];[0]scale=540:960,setsar=1,hue=h=0:s=0[0_scalled_b];[1]scale=540:960,setsar=1,hue=h=0:s=0[1_scalled_b];[2]scale=540:960,setsar=1,hue=h=0:s=0[2_scalled_b];[3]scale=540:960,setsar=1,hue=h=0:s=0[3_scalled_b];[4]scale=540:960,setsar=1,hue=h=0:s=0[4_scalled_b];[5]scale=540:960,setsar=1,hue=h=0:s=0[5_scalled_b];[0_scalled_b]eq=contrast=1000:brightness=0.6:saturation=0[0_scalled_1];[1_scalled_b]eq=contrast=1000:brightness=0.6:saturation=0[1_scalled_1];[2_scalled_b]eq=contrast=1000:brightness=0.6:saturation=0[2_scalled_1];[3_scalled_b]eq=contrast=1000:brightness=0.6:saturation=0[3_scalled_1];[4_scalled_b]eq=contrast=1000:brightness=0.6:saturation=0[4_scalled_1];[5_scalled_b]eq=contrast=1000:brightness=0.6:saturation=0[5_scalled_1];[0_scalled]scale=iw*2:ih*2,{pythonz}pan=z='if(lte({pythonz},1.0),1.2,max(1.001,{pythonz}-0.0020))':d=25*7.60:s=540x960,crop=w=540:h=960:x='(iw-ow)\/2':y='(ih-oh)\/2',{pythonf}=t=in:st=0:d=1[v0];[1_scalled]scale=iw*2:ih*2,{pythonz}pan=z='if(lte({pythonz},1.0),1.1,max(1.001,{pythonz}-0.0040))':d=25*2.10:s=540x960,crop=w=540:h=960:x='(iw-ow)\/2':y='(ih-oh)\/2'[v1];[2_scalled]scale=iw*2:ih*2,{pythonz}pan=z='if(lte({pythonz},1.0),1.1,max(1.001,{pythonz}-0.0040))':d=25*2.08:s=540x960,crop=w=540:h=960:x='(iw-ow)\/2':y='(ih-oh)\/2'[v2];[3_scalled]scale=iw*2:ih*2,{pythonz}pan=z='if(lte({pythonz},1.0),1.1,max(1.001,{pythonz}-0.0035))':d=25*2.02:s=540x960,crop=w=540:h=960:x='(iw-ow)\/2':y='(ih-oh)\/2'[v3];[4_scalled]scale=iw*2:ih*2,{pythonz}pan=z='if(lte({pythonz},1.0),1.1,max(1.001,{pythonz}-0.0035))':d=25*2.10:s=540x960,crop=w=540:h=960:x='(iw-ow)\/2':y='(ih-oh)\/2'[v4];[5_scalled]scale=iw*2:ih*2,{pythonz}pan=z='if(lte({pythonz},1.0),1.1,max(1.001,{pythonz}-0.0035))':d=25*2.10:s=540x960,crop=w=540:h=960:x='(iw-ow)\/2':y='(ih-oh)\/2'[v5];[v0][v1][v2][v3][v4][v5]concat=n=6:v=1:a=0,format=yuv420p[concatenated_video];[concatenated_video][0_scalled_1]{pythono}=enable='between(t,6.60,7.60)':x=0:y=0[v1];[v1][1_scalled_1]{pythono}=enable='between(t,8.70,9.70)':x=0:y=0[v2];[v2][2_scalled_1]{pythono}=enable='between(t,10.74,11.78)':x=0:y=0[v3];[v3][3_scalled_1]{pythono}=enable='between(t,12.88,13.78)':x=0:y=0[v4];[v4][4_scalled_1]{pythono}=enable='between(t,14.94,15.90)':x=0:y=0[v5];[v5][5_scalled_1]{pythono}=enable='between(t,16.98,18)':x=0:y=0[v6];[v6][ovrly]{pythono}=0:0[base_video];[base_video][7]{pythono}=enable='between(t,0,9)':x=30:y=30[watermarked_part1];[watermarked_part1][7]{pythono}=enable='between(t,9,18)':x=(main_w-{pythono}_w-30):y=30"],"i":["[6]split=2[color][alpha];[color]crop=iw\/2:ih:0:0[color];[alpha]crop=iw\/2:ih:iw\/2:0[alpha];[color][alpha]{pythonmerge}[ovrly];[0]scale=540:960,setsar=1[0_scalled];[1]scale=540:960,setsar=1[1_scalled];[2]scale=540:960,setsar=1[2_scalled];[3]scale=540:960,setsar=1[3_scalled];[4]scale=540:960,setsar=1[4_scalled];[5]scale=540:960,setsar=1[5_scalled];[0]scale=540:960,setsar=1,hue=h=0:s=0[0_scalled_b];[1]scale=540:960,setsar=1,hue=h=0:s=0[1_scalled_b];[2]scale=540:960,setsar=1,hue=h=0:s=0[2_scalled_b];[3]scale=540:960,setsar=1,hue=h=0:s=0[3_scalled_b];[4]scale=540:960,setsar=1,hue=h=0:s=0[4_scalled_b];[5]scale=540:960,setsar=1,hue=h=0:s=0[5_scalled_b];[0_scalled_b]eq=contrast=1000:brightness=0.6:saturation=0[0_scalled_1];[1_scalled_b]eq=contrast=1000:brightness=0.6:saturation=0[1_scalled_1];[2_scalled_b]eq=contrast=1000:brightness=0.6:saturation=0[2_scalled_1];[3_scalled_b]eq=contrast=1000:brightness=0.6:saturation=0[3_scalled_1];[4_scalled_b]eq=contrast=1000:brightness=0.6:saturation=0[4_scalled_1];[5_scalled_b]eq=contrast=1000:brightness=0.6:saturation=0[5_scalled_1];[0_scalled]scale=iw*2:ih*2,{pythonz}pan=z='if(lte({pythonz},1.0),1.2,max(1.001,{pythonz}-0.0020))':d=25*7.60:s=540x960,crop=w=540:h=960:x='(iw-ow)\/2':y='(ih-oh)\/2',{pythonf}=t=in:st=0:d=1[v0];[1_scalled]scale=iw*2:ih*2,{pythonz}pan=z='if(lte({pythonz},1.0),1.1,max(1.001,{pythonz}-0.0040))':d=25*2.10:s=540x960,crop=w=540:h=960:x='(iw-ow)\/2':y='(ih-oh)\/2'[v1];[2_scalled]scale=iw*2:ih*2,{pythonz}pan=z='if(lte({pythonz},1.0),1.1,max(1.001,{pythonz}-0.0040))':d=25*2.08:s=540x960,crop=w=540:h=960:x='(iw-ow)\/2':y='(ih-oh)\/2'[v2];[3_scalled]scale=iw*2:ih*2,{pythonz}pan=z='if(lte({pythonz},1.0),1.1,max(1.001,{pythonz}-0.0035))':d=25*2.02:s=540x960,crop=w=540:h=960:x='(iw-ow)\/2':y='(ih-oh)\/2'[v3];[4_scalled]scale=iw*2:ih*2,{pythonz}pan=z='if(lte({pythonz},1.0),1.1,max(1.001,{pythonz}-0.0035))':d=25*2.10:s=540x960,crop=w=540:h=960:x='(iw-ow)\/2':y='(ih-oh)\/2'[v4];[5_scalled]scale=iw*2:ih*2,{pythonz}pan=z='if(lte({pythonz},1.0),1.1,max(1.001,{pythonz}-0.0035))':d=25*2.10:s=540x960,crop=w=540:h=960:x='(iw-ow)\/2':y='(ih-oh)\/2'[v5];[v0][v1][v2][v3][v4][v5]concat=n=6:v=1:a=0,format=yuv420p[concatenated_video];[concatenated_video][0_scalled_1]{pythono}=enable='between(t,6.60,7.60)':x=0:y=0[v1];[v1][1_scalled_1]{pythono}=enable='between(t,8.70,9.70)':x=0:y=0[v2];[v2][2_scalled_1]{pythono}=enable='between(t,10.74,11.78)':x=0:y=0[v3];[v3][3_scalled_1]{pythono}=enable='between(t,12.88,13.78)':x=0:y=0[v4];[v4][4_scalled_1]{pythono}=enable='between(t,14.94,15.90)':x=0:y=0[v5];[v5][5_scalled_1]{pythono}=enable='between(t,16.98,18)':x=0:y=0[v6];[v6][ovrly]{pythono}=0:0[base_video];[base_video][7]{pythono}=enable='between(t,0,9)':x=30:y=30[watermarked_part1];[watermarked_part1][7]{pythono}=enable='between(t,9,18)':x=(main_w-{pythono}_w-30):y=30[final_video]"],"n":[],"g":[],"c":[],"o":["-map","[final_video]","-map","8:a"],"d":["-t","18","-strict","-2"],"s":[],"layers":[{"ao":0,"bm":1,"ddd":0,"ind":1,"ip":0,"ks":{"a":{"a":0,"ix":1,"k":[270,480,0]},"o":{"a":0,"ix":11,"k":18.039},"p":{"a":0,"ix":2,"k":[270,480,0]},"r":{"a":0,"ix":10,"k":0},"s":{"a":0,"ix":6,"k":[100,100,100]}},"nm":"all","op":327,"refId":"image_0","sr":1,"st":0,"ty":2},{"ao":0,"bm":3,"ddd":0,"ind":2,"ip":76,"ks":{"a":{"a":0,"ix":1,"k":[270,480,0]},"o":{"a":0,"ix":11,"k":40},"p":{"a":0,"ix":2,"k":[270,480,0]},"r":{"a":0,"ix":10,"k":0},"s":{"a":0,"ix":6,"k":[100,100,100]}},"nm":"lvjing  all 3","op":327,"refId":"image_1","sr":1,"st":-8,"ty":2},{"ao":0,"bm":13,"ddd":0,"ind":3,"ip":76,"ks":{"a":{"a":0,"ix":1,"k":[270,480,0]},"o":{"a":0,"ix":11,"k":50.196},"p":{"a":0,"ix":2,"k":[270,480,0]},"r":{"a":0,"ix":10,"k":0},"s":{"a":0,"ix":6,"k":[100,100,100]}},"nm":"baohedu all 3","op":327,"refId":"image_2","sr":1,"st":-8,"ty":2}],"mu":["[6]split=2[color][alpha];[color]crop=iw\/2:ih:0:0[color];[alpha]crop=iw\/2:ih:iw\/2:0[alpha];[color][alpha]{pythonmerge}[ovrly];[0]scale=540:960,setsar=1[0_scalled];[1]scale=540:960,setsar=1[1_scalled];[2]scale=540:960,setsar=1[2_scalled];[3]scale=540:960,setsar=1[3_scalled];[4]scale=540:960,setsar=1[4_scalled];[5]scale=540:960,setsar=1[5_scalled];[0]scale=540:960,setsar=1,hue=h=0:s=0[0_scalled_b];[1]scale=540:960,setsar=1,hue=h=0:s=0[1_scalled_b];[2]scale=540:960,setsar=1,hue=h=0:s=0[2_scalled_b];[3]scale=540:960,setsar=1,hue=h=0:s=0[3_scalled_b];[4]scale=540:960,setsar=1,hue=h=0:s=0[4_scalled_b];[5]scale=540:960,setsar=1,hue=h=0:s=0[5_scalled_b];[0_scalled_b]eq=contrast=1000:brightness=0.6:saturation=0[0_scalled_1];[1_scalled_b]eq=contrast=1000:brightness=0.6:saturation=0[1_scalled_1];[2_scalled_b]eq=contrast=1000:brightness=0.6:saturation=0[2_scalled_1];[3_scalled_b]eq=contrast=1000:brightness=0.6:saturation=0[3_scalled_1];[4_scalled_b]eq=contrast=1000:brightness=0.6:saturation=0[4_scalled_1];[5_scalled_b]eq=contrast=1000:brightness=0.6:saturation=0[5_scalled_1];[0_scalled]scale=iw*2:ih*2,{pythonz}pan=z='if(lte({pythonz},1.0),1.2,max(1.001,{pythonz}-0.0020))':d=25*7.60:s=540x960,crop=w=540:h=960:x='(iw-ow)\/2':y='(ih-oh)\/2',{pythonf}=t=in:st=0:d=1[v0];[1_scalled]scale=iw*2:ih*2,{pythonz}pan=z='if(lte({pythonz},1.0),1.1,max(1.001,{pythonz}-0.0040))':d=25*2.10:s=540x960,crop=w=540:h=960:x='(iw-ow)\/2':y='(ih-oh)\/2'[v1];[2_scalled]scale=iw*2:ih*2,{pythonz}pan=z='if(lte({pythonz},1.0),1.1,max(1.001,{pythonz}-0.0040))':d=25*2.08:s=540x960,crop=w=540:h=960:x='(iw-ow)\/2':y='(ih-oh)\/2'[v2];[3_scalled]scale=iw*2:ih*2,{pythonz}pan=z='if(lte({pythonz},1.0),1.1,max(1.001,{pythonz}-0.0035))':d=25*2.02:s=540x960,crop=w=540:h=960:x='(iw-ow)\/2':y='(ih-oh)\/2'[v3];[4_scalled]scale=iw*2:ih*2,{pythonz}pan=z='if(lte({pythonz},1.0),1.1,max(1.001,{pythonz}-0.0035))':d=25*2.10:s=540x960,crop=w=540:h=960:x='(iw-ow)\/2':y='(ih-oh)\/2'[v4];[5_scalled]scale=iw*2:ih*2,{pythonz}pan=z='if(lte({pythonz},1.0),1.1,max(1.001,{pythonz}-0.0035))':d=25*2.10:s=540x960,crop=w=540:h=960:x='(iw-ow)\/2':y='(ih-oh)\/2'[v5];[v0][v1][v2][v3][v4][v5]concat=n=6:v=1:a=0,format=yuv420p[concatenated_video];[concatenated_video][0_scalled_1]{pythono}=enable='between(t,6.60,7.60)':x=0:y=0[v1];[v1][1_scalled_1]{pythono}=enable='between(t,8.70,9.70)':x=0:y=0[v2];[v2][2_scalled_1]{pythono}=enable='between(t,10.74,11.78)':x=0:y=0[v3];[v3][3_scalled_1]{pythono}=enable='between(t,12.88,13.78)':x=0:y=0[v4];[v4][4_scalled_1]{pythono}=enable='between(t,14.94,15.90)':x=0:y=0[v5];[v5][5_scalled_1]{pythono}=enable='between(t,16.98,18)':x=0:y=0[v6];[v6][ovrly]{pythono}=0:0"],"ke":["[6]split=2[color][alpha];[color]crop=iw\/2:ih:0:0[color];[alpha]crop=iw\/2:ih:iw\/2:0[alpha];[color][alpha]{pythonmerge}[ovrly];[0]scale=540:960,setsar=1[0_scalled];[1]scale=540:960,setsar=1[1_scalled];[2]scale=540:960,setsar=1[2_scalled];[3]scale=540:960,setsar=1[3_scalled];[4]scale=540:960,setsar=1[4_scalled];[5]scale=540:960,setsar=1[5_scalled];[0]scale=540:960,setsar=1,hue=h=0:s=0[0_scalled_b];[1]scale=540:960,setsar=1,hue=h=0:s=0[1_scalled_b];[2]scale=540:960,setsar=1,hue=h=0:s=0[2_scalled_b];[3]scale=540:960,setsar=1,hue=h=0:s=0[3_scalled_b];[4]scale=540:960,setsar=1,hue=h=0:s=0[4_scalled_b];[5]scale=540:960,setsar=1,hue=h=0:s=0[5_scalled_b];[0_scalled_b]eq=contrast=1000:brightness=0.6:saturation=0[0_scalled_1];[1_scalled_b]eq=contrast=1000:brightness=0.6:saturation=0[1_scalled_1];[2_scalled_b]eq=contrast=1000:brightness=0.6:saturation=0[2_scalled_1];[3_scalled_b]eq=contrast=1000:brightness=0.6:saturation=0[3_scalled_1];[4_scalled_b]eq=contrast=1000:brightness=0.6:saturation=0[4_scalled_1];[5_scalled_b]eq=contrast=1000:brightness=0.6:saturation=0[5_scalled_1];[0_scalled]scale=iw*2:ih*2,{pythonz}pan=z='if(lte({pythonz},1.0),1.2,max(1.001,{pythonz}-0.0020))':d=25*7.60:s=540x960,crop=w=540:h=960:x='(iw-ow)\/2':y='(ih-oh)\/2',{pythonf}=t=in:st=0:d=1[v0];[1_scalled]scale=iw*2:ih*2,{pythonz}pan=z='if(lte({pythonz},1.0),1.1,max(1.001,{pythonz}-0.0040))':d=25*2.10:s=540x960,crop=w=540:h=960:x='(iw-ow)\/2':y='(ih-oh)\/2'[v1];[2_scalled]scale=iw*2:ih*2,{pythonz}pan=z='if(lte({pythonz},1.0),1.1,max(1.001,{pythonz}-0.0040))':d=25*2.08:s=540x960,crop=w=540:h=960:x='(iw-ow)\/2':y='(ih-oh)\/2'[v2];[3_scalled]scale=iw*2:ih*2,{pythonz}pan=z='if(lte({pythonz},1.0),1.1,max(1.001,{pythonz}-0.0035))':d=25*2.02:s=540x960,crop=w=540:h=960:x='(iw-ow)\/2':y='(ih-oh)\/2'[v3];[4_scalled]scale=iw*2:ih*2,{pythonz}pan=z='if(lte({pythonz},1.0),1.1,max(1.001,{pythonz}-0.0035))':d=25*2.10:s=540x960,crop=w=540:h=960:x='(iw-ow)\/2':y='(ih-oh)\/2'[v4];[5_scalled]scale=iw*2:ih*2,{pythonz}pan=z='if(lte({pythonz},1.0),1.1,max(1.001,{pythonz}-0.0035))':d=25*2.10:s=540x960,crop=w=540:h=960:x='(iw-ow)\/2':y='(ih-oh)\/2'[v5];[v0][v1][v2][v3][v4][v5]concat=n=6:v=1:a=0,format=yuv420p[concatenated_video];[concatenated_video][0_scalled_1]{pythono}=enable='between(t,6.60,7.60)':x=0:y=0[v1];[v1][1_scalled_1]{pythono}=enable='between(t,8.70,9.70)':x=0:y=0[v2];[v2][2_scalled_1]{pythono}=enable='between(t,10.74,11.78)':x=0:y=0[v3];[v3][3_scalled_1]{pythono}=enable='between(t,12.88,13.78)':x=0:y=0[v4];[v4][4_scalled_1]{pythono}=enable='between(t,14.94,15.90)':x=0:y=0[v5];[v5][5_scalled_1]{pythono}=enable='between(t,16.98,18)':x=0:y=0[v6];[v6][ovrly]{pythono}=0:0[final_video]"],"sh":["-map","[final_video]","-map","7:a"]}