{
  "images": [
    {
      "name": "img_0.jpg",
      "w": 282,
      "h": 270,
      "prefix": [
        "-i"
      ],
      "postfix": [
      ]
    },
    {
      "name": "img_1.jpg",
      "w": 218,
      "h": 352,
      "prefix": [
        "-i"
      ],
      "postfix": [
      ]
    },
    {
      "name": "img_2.jpg",
      "w": 352,
      "h": 352,
      "prefix": [
        "-i"
      ],
      "postfix": [
      ]
    },
    {
      "name": "img_3.jpg",
      "w": 356,
      "h": 246,
      "prefix": [
        "-i"
      ],
      "postfix": [
      ]
    }
  ],
  "static_inputs": [
    {
      "name": "background_video.mp4",
      "prefix": [
        "-i"
      ],
      "postfix": [
      ]
    },
    {
      "name": "first.jpg",
      "prefix": [
        "-loop",
        "1",
        "-t",
        "30",
        "-i"
      ],
      "postfix": [
      ]
    }
  ],
  "video": {
    "h": 960,
    "w": 540,
    "duration": 30
  },
  "e": [],
  "m": [
    "-{pythoncomplex}"
  ],
  "r": [
    "[4]split=2[color][alpha];[color]crop=iw/2:ih:0:0[color];[alpha]crop=iw/2:ih:iw/2:0[alpha];[color][alpha]{pythonmerge}[ovrly];[0]scale=282:270,setsar=1,split=2[0_scalled_1][0_scalled_2];[1]scale=218:352,setsar=1,split=2[1_scalled_1][1_scalled_2];[2]scale=352:352,setsar=1,split=2[2_scalled_1][2_scalled_2];[3]scale=356:246,setsar=1,split=2[3_scalled_1][3_scalled_2];[0_scalled_1]crop=282:248:0:11[img1];[0_scalled_2]crop=268:270:7:0[img2];[1_scalled_1]crop=212:212:28:29[img3];[2_scalled_1]crop=348:248:2:52[img4];[3_scalled_1]crop=356:215:0:15[img5];[3_scalled_2]crop=246:246:55:0[img6];[5:v][img1]{pythono}=enable='between=(t,3.40,15)':x=26:y=194[v1];[v1][img2]{pythono}=enable='between=(t,20.36,30)':x=272:y=378[v2];[v2][1_scalled_2]{pythono}=enable='between=(t,4.16,15)':x=312:y=89[v3];[v3][img3]{pythono}=enable='between=(t,17.32,30)':x=278:y=718[v4];[v4][img4]{pythono}=enable='between=(t,3,15)':x=152:y=444[v5];[v5][2_scalled_2]{pythono}=enable='between=(t,17.86,30)':x=186:y=18[v6];[v6][img5]{pythono}=enable='between=(t,4.86,15)':x=24:y=694[v7];[v7][img6]{pythono}=enable='between=(t,17,30)':x=12:y=515[v8];[v8][ovrly]{pythono}=0:0[base_video];[base_video][6]{pythono}=enable='between(t,0,15)':x=(main_w-{pythono}_w-30):y=(main_h-{pythono}_h-30)[watermarked_part1];[watermarked_part1][6]{pythono}=enable='between(t,15,30)':x=30:y=(main_h-{pythono}_h-30)"
  ],
  "i": [
    "[4]split=2[color][alpha];[color]crop=iw/2:ih:0:0[color];[alpha]crop=iw/2:ih:iw/2:0[alpha];[color][alpha]{pythonmerge}[ovrly];[0]scale=282:270,setsar=1,split=2[0_scalled_1][0_scalled_2];[1]scale=218:352,setsar=1,split=2[1_scalled_1][1_scalled_2];[2]scale=352:352,setsar=1,split=2[2_scalled_1][2_scalled_2];[3]scale=356:246,setsar=1,split=2[3_scalled_1][3_scalled_2];[0_scalled_1]crop=282:248:0:11[img1];[0_scalled_2]crop=268:270:7:0[img2];[1_scalled_1]crop=212:212:28:29[img3];[2_scalled_1]crop=348:248:2:52[img4];[3_scalled_1]crop=356:215:0:15[img5];[3_scalled_2]crop=246:246:55:0[img6];[5:v][img1]{pythono}=enable='between=(t,3.40,15)':x=26:y=194[v1];[v1][img2]{pythono}=enable='between=(t,20.36,30)':x=272:y=378[v2];[v2][1_scalled_2]{pythono}=enable='between=(t,4.16,15)':x=312:y=89[v3];[v3][img3]{pythono}=enable='between=(t,17.32,30)':x=278:y=718[v4];[v4][img4]{pythono}=enable='between=(t,3,15)':x=152:y=444[v5];[v5][2_scalled_2]{pythono}=enable='between=(t,17.86,30)':x=186:y=18[v6];[v6][img5]{pythono}=enable='between=(t,4.86,15)':x=24:y=694[v7];[v7][img6]{pythono}=enable='between=(t,17,30)':x=12:y=515[v8];[v8][ovrly]{pythono}=0:0[base_video];[base_video][6]{pythono}=enable='between(t,0,15)':x=(main_w-{pythono}_w-30):y=(main_h-{pythono}_h-30)[watermarked_part1];[watermarked_part1][6]{pythono}=enable='between(t,15,30)':x=30:y=(main_h-{pythono}_h-30)[final_video]"
  ],
  "n": [],
  "g": [],
  "c": [],
  "o": [
    "-map",
    "[final_video]",
    "-map",
    "7:a"
  ],
  "d": [
    "-t",
    "30",
    "-strict",
    "-2"
  ],
  "s": [],
  "layers": [
    {
      "ao": 0,
      "bm": 1,
      "ddd": 0,
      "ind": 1,
      "ip": 0,
      "ks": {
        "a": {
          "a": 0,
          "ix": 1,
          "k": [
            270,
            480,
            0
          ]
        },
        "o": {
          "a": 0,
          "ix": 11,
          "k": 18.039
        },
        "p": {
          "a": 0,
          "ix": 2,
          "k": [
            270,
            480,
            0
          ]
        },
        "r": {
          "a": 0,
          "ix": 10,
          "k": 0
        },
        "s": {
          "a": 0,
          "ix": 6,
          "k": [
            100,
            100,
            100
          ]
        }
      },
      "nm": "all",
      "op": 327,
      "refId": "image_0",
      "sr": 1,
      "st": 0,
      "ty": 2
    },
    {
      "ao": 0,
      "bm": 3,
      "ddd": 0,
      "ind": 2,
      "ip": 76,
      "ks": {
        "a": {
          "a": 0,
          "ix": 1,
          "k": [
            270,
            480,
            0
          ]
        },
        "o": {
          "a": 0,
          "ix": 11,
          "k": 40
        },
        "p": {
          "a": 0,
          "ix": 2,
          "k": [
            270,
            480,
            0
          ]
        },
        "r": {
          "a": 0,
          "ix": 10,
          "k": 0
        },
        "s": {
          "a": 0,
          "ix": 6,
          "k": [
            100,
            100,
            100
          ]
        }
      },
      "nm": "lvjing  all 3",
      "op": 327,
      "refId": "image_1",
      "sr": 1,
      "st": -8,
      "ty": 2
    },
    {
      "ao": 0,
      "bm": 13,
      "ddd": 0,
      "ind": 3,
      "ip": 76,
      "ks": {
        "a": {
          "a": 0,
          "ix": 1,
          "k": [
            270,
            480,
            0
          ]
        },
        "o": {
          "a": 0,
          "ix": 11,
          "k": 50.196
        },
        "p": {
          "a": 0,
          "ix": 2,
          "k": [
            270,
            480,
            0
          ]
        },
        "r": {
          "a": 0,
          "ix": 10,
          "k": 0
        },
        "s": {
          "a": 0,
          "ix": 6,
          "k": [
            100,
            100,
            100
          ]
        }
      },
      "nm": "baohedu all 3",
      "op": 327,
      "refId": "image_2",
      "sr": 1,
      "st": -8,
      "ty": 2
    }
  ]
}