{"images":[{"name":"img_0.jpg","w":540,"h":960,"prefix":["-i"],"postfix":[]},{"name":"img_1.jpg","w":540,"h":960,"prefix":["-i"],"postfix":[]},{"name":"img_2.jpg","w":540,"h":960,"prefix":["-i"],"postfix":[]},{"name":"img_3.jpg","w":540,"h":960,"prefix":["-i"],"postfix":[]},{"name":"img_4.jpg","w":540,"h":960,"prefix":["-i"],"postfix":[]},{"name":"img_5.jpg","w":540,"h":960,"prefix":["-i"],"postfix":[]}],"static_inputs":[{"name":"background_video.mp4","prefix":["-i"],"postfix":[]},{"name":"first.jpg","prefix":["-loop","1","-t","11","-i"],"postfix":[]}],"video":{"h":960,"w":540,"duration":11},"e":[],"m":["-{pythoncomplex}"],"r":["[6]split=2[color][alpha];[color]crop=iw\/2:ih:0:0[color];[alpha]crop=iw\/2:ih:iw\/2:0[alpha];[color][alpha]{pythonmerge}[ovrly];[0]scale=540:960,setsar=1,split=4[0_b_1][0_b_2][0_b_3][0_b_4];[1]scale=540:960,setsar=1,split=4[1_b_1][1_b_2][1_b_3][1_b_4];[2]scale=540:960,setsar=1,split=4[2_b_1][2_b_2][2_b_3][2_b_4];[3]scale=540:960,setsar=1,split=4[3_b_1][3_b_2][3_b_3][3_b_4];[4]scale=540:960,setsar=1,split=4[4_b_1][4_b_2][4_b_3][4_b_4];[5]scale=540:960,setsar=1,split=3[5_b_1][5_b_2][5_b_3];[7:v][0_b_1]{pythono}=enable='between=(t,0,2.56)':x=0:y='if(gte(n,25*0),min(-960+(n-25*0)*120,0),-960)',{pythonf}=t=in:st=0:d=0.4[v1];[v1][1_b_1]{pythono}=enable='between=(t,2.56,2.64)'[v2];[v2][2_b_1]{pythono}=enable='between=(t,2.64,2.74)'[v3];[v3][3_b_1]{pythono}=enable='between=(t,2.74,2.83)'[v4];[v4][0_b_2]{pythono}=enable='between=(t,2.83,3.03)'[v5];[v5][4_b_2]{pythono}=enable='between=(t,3.03,3.15)'[v6];[v6][2_b_2]{pythono}=enable='between=(t,3.15,3.32)'[v7];[3_b_2]scale=iw*4:ih*4,{pythonz}pan=z='if(lte(on,25*3.32),1,if(lte({pythonz},1.0),1.1,max(1.001,{pythonz}-0.015)))':x='iw\/2-(iw\/{pythonz})\/2':y='ih\/2-(ih\/{pythonz})\/2':d=25*10:s=540x960,{pythonf}=out:st=16:d=1:alpha=1[video1];[v7][video1]{pythono}=enable='between=(t,3.32,4.24)'[v8];[v8][4_b_1]{pythono}=enable='between=(t,4.24,4.53)'[v9];[v9][0_b_3]{pythono}=enable='between=(t,4.53,5.12)'[v10];[v10][5_b_3]{pythono}=enable='between=(t,5.12,5.43)'[v11];[v11][2_b_3]{pythono}=enable='between=(t,5.43,5.97)'[v12];[v12][0_b_4]{pythono}=enable='between=(t,5.97,6.30)'[v13];[v13][1_b_4]{pythono}=enable='between=(t,6.30,7.14)'[v14];[v14][4_b_4]{pythono}=enable='between=(t,7.14,7.96)':x='if(gte(n,7.14*25),min(-540+(n-7.14*25)*120,0),-540)':y=0[v15];[v15][3_b_3]{pythono}=enable='between=(t,7.96,8.27)':x=0:y='if(gte(n,(25*7.96)),max(960-(n-(25*7.96))*150,0),960)'[v16];[v16][1_b_2]{pythono}=enable='between=(t,8.27,9.02)'[v17];[v17][3_b_4]{pythono}=enable='between=(t,9.02,9.27)'[v18];[v18][5_b_1]{pythono}=enable='between=(t,9.27,9.33)'[v19];[v19][4_b_3]{pythono}=enable='between=(t,9.33,9.44)'[v20];[v20][5_b_2]{pythono}=enable='between=(t,9.44,9.64)'[v21];[v21][1_b_3]{pythono}=enable='between=(t,9.64,9.83)'[v22];[v22][2_b_4]{pythono}=enable='between=(t,9.83,11)':x=0:y='if(gte(n,(25*9.83)),max(960-(n-(25*9.83))*120,0),960)'[v23];[v23][ovrly]{pythono}=0:0[base_video];[base_video][8]{pythono}=enable='between(t,0,5)':x=30:y=30[watermarked_part1];[watermarked_part1][8]{pythono}=enable='between(t,5,11)':x=(main_w-{pythono}_w-30):y=(main_h-{pythono}_h-30)"],"i":["[6]split=2[color][alpha];[color]crop=iw\/2:ih:0:0[color];[alpha]crop=iw\/2:ih:iw\/2:0[alpha];[color][alpha]{pythonmerge}[ovrly];[0]scale=540:960,setsar=1,split=4[0_b_1][0_b_2][0_b_3][0_b_4];[1]scale=540:960,setsar=1,split=4[1_b_1][1_b_2][1_b_3][1_b_4];[2]scale=540:960,setsar=1,split=4[2_b_1][2_b_2][2_b_3][2_b_4];[3]scale=540:960,setsar=1,split=4[3_b_1][3_b_2][3_b_3][3_b_4];[4]scale=540:960,setsar=1,split=4[4_b_1][4_b_2][4_b_3][4_b_4];[5]scale=540:960,setsar=1,split=3[5_b_1][5_b_2][5_b_3];[7:v][0_b_1]{pythono}=enable='between=(t,0,2.56)':x=0:y='if(gte(n,25*0),min(-960+(n-25*0)*120,0),-960)',{pythonf}=t=in:st=0:d=0.4[v1];[v1][1_b_1]{pythono}=enable='between=(t,2.56,2.64)'[v2];[v2][2_b_1]{pythono}=enable='between=(t,2.64,2.74)'[v3];[v3][3_b_1]{pythono}=enable='between=(t,2.74,2.83)'[v4];[v4][0_b_2]{pythono}=enable='between=(t,2.83,3.03)'[v5];[v5][4_b_2]{pythono}=enable='between=(t,3.03,3.15)'[v6];[v6][2_b_2]{pythono}=enable='between=(t,3.15,3.32)'[v7];[3_b_2]scale=iw*4:ih*4,{pythonz}pan=z='if(lte(on,25*3.32),1,if(lte({pythonz},1.0),1.1,max(1.001,{pythonz}-0.015)))':x='iw\/2-(iw\/{pythonz})\/2':y='ih\/2-(ih\/{pythonz})\/2':d=25*10:s=540x960,{pythonf}=out:st=16:d=1:alpha=1[video1];[v7][video1]{pythono}=enable='between=(t,3.32,4.24)'[v8];[v8][4_b_1]{pythono}=enable='between=(t,4.24,4.53)'[v9];[v9][0_b_3]{pythono}=enable='between=(t,4.53,5.12)'[v10];[v10][5_b_3]{pythono}=enable='between=(t,5.12,5.43)'[v11];[v11][2_b_3]{pythono}=enable='between=(t,5.43,5.97)'[v12];[v12][0_b_4]{pythono}=enable='between=(t,5.97,6.30)'[v13];[v13][1_b_4]{pythono}=enable='between=(t,6.30,7.14)'[v14];[v14][4_b_4]{pythono}=enable='between=(t,7.14,7.96)':x='if(gte(n,7.14*25),min(-540+(n-7.14*25)*120,0),-540)':y=0[v15];[v15][3_b_3]{pythono}=enable='between=(t,7.96,8.27)':x=0:y='if(gte(n,(25*7.96)),max(960-(n-(25*7.96))*150,0),960)'[v16];[v16][1_b_2]{pythono}=enable='between=(t,8.27,9.02)'[v17];[v17][3_b_4]{pythono}=enable='between=(t,9.02,9.27)'[v18];[v18][5_b_1]{pythono}=enable='between=(t,9.27,9.33)'[v19];[v19][4_b_3]{pythono}=enable='between=(t,9.33,9.44)'[v20];[v20][5_b_2]{pythono}=enable='between=(t,9.44,9.64)'[v21];[v21][1_b_3]{pythono}=enable='between=(t,9.64,9.83)'[v22];[v22][2_b_4]{pythono}=enable='between=(t,9.83,11)':x=0:y='if(gte(n,(25*9.83)),max(960-(n-(25*9.83))*120,0),960)'[v23];[v23][ovrly]{pythono}=0:0[base_video];[base_video][8]{pythono}=enable='between(t,0,5)':x=30:y=30[watermarked_part1];[watermarked_part1][8]{pythono}=enable='between(t,5,11)':x=(main_w-{pythono}_w-30):y=(main_h-{pythono}_h-30)[final_video]"],"n":[],"g":[],"c":[],"o":["-map","[final_video]","-map","9:a"],"d":["-t","11","-strict","-2"],"s":[],"layers":[{"ao":0,"bm":1,"ddd":0,"ind":1,"ip":0,"ks":{"a":{"a":0,"ix":1,"k":[270,480,0]},"o":{"a":0,"ix":11,"k":18.039},"p":{"a":0,"ix":2,"k":[270,480,0]},"r":{"a":0,"ix":10,"k":0},"s":{"a":0,"ix":6,"k":[100,100,100]}},"nm":"all","op":327,"refId":"image_0","sr":1,"st":0,"ty":2},{"ao":0,"bm":3,"ddd":0,"ind":2,"ip":76,"ks":{"a":{"a":0,"ix":1,"k":[270,480,0]},"o":{"a":0,"ix":11,"k":40},"p":{"a":0,"ix":2,"k":[270,480,0]},"r":{"a":0,"ix":10,"k":0},"s":{"a":0,"ix":6,"k":[100,100,100]}},"nm":"lvjing  all 3","op":327,"refId":"image_1","sr":1,"st":-8,"ty":2},{"ao":0,"bm":13,"ddd":0,"ind":3,"ip":76,"ks":{"a":{"a":0,"ix":1,"k":[270,480,0]},"o":{"a":0,"ix":11,"k":50.196},"p":{"a":0,"ix":2,"k":[270,480,0]},"r":{"a":0,"ix":10,"k":0},"s":{"a":0,"ix":6,"k":[100,100,100]}},"nm":"baohedu all 3","op":327,"refId":"image_2","sr":1,"st":-8,"ty":2}],"mu":["[6]split=2[color][alpha];[color]crop=iw\/2:ih:0:0[color];[alpha]crop=iw\/2:ih:iw\/2:0[alpha];[color][alpha]{pythonmerge}[ovrly];[0]scale=540:960,setsar=1,split=4[0_b_1][0_b_2][0_b_3][0_b_4];[1]scale=540:960,setsar=1,split=4[1_b_1][1_b_2][1_b_3][1_b_4];[2]scale=540:960,setsar=1,split=4[2_b_1][2_b_2][2_b_3][2_b_4];[3]scale=540:960,setsar=1,split=4[3_b_1][3_b_2][3_b_3][3_b_4];[4]scale=540:960,setsar=1,split=4[4_b_1][4_b_2][4_b_3][4_b_4];[5]scale=540:960,setsar=1,split=3[5_b_1][5_b_2][5_b_3];[7:v][0_b_1]{pythono}=enable='between=(t,0,2.56)':x=0:y='if(gte(n,25*0),min(-960+(n-25*0)*120,0),-960)',{pythonf}=t=in:st=0:d=0.4[v1];[v1][1_b_1]{pythono}=enable='between=(t,2.56,2.64)'[v2];[v2][2_b_1]{pythono}=enable='between=(t,2.64,2.74)'[v3];[v3][3_b_1]{pythono}=enable='between=(t,2.74,2.83)'[v4];[v4][0_b_2]{pythono}=enable='between=(t,2.83,3.03)'[v5];[v5][4_b_2]{pythono}=enable='between=(t,3.03,3.15)'[v6];[v6][2_b_2]{pythono}=enable='between=(t,3.15,3.32)'[v7];[3_b_2]scale=iw*4:ih*4,{pythonz}pan=z='if(lte(on,25*3.32),1,if(lte({pythonz},1.0),1.1,max(1.001,{pythonz}-0.015)))':x='iw\/2-(iw\/{pythonz})\/2':y='ih\/2-(ih\/{pythonz})\/2':d=25*10:s=540x960,{pythonf}=out:st=16:d=1:alpha=1[video1];[v7][video1]{pythono}=enable='between=(t,3.32,4.24)'[v8];[v8][4_b_1]{pythono}=enable='between=(t,4.24,4.53)'[v9];[v9][0_b_3]{pythono}=enable='between=(t,4.53,5.12)'[v10];[v10][5_b_3]{pythono}=enable='between=(t,5.12,5.43)'[v11];[v11][2_b_3]{pythono}=enable='between=(t,5.43,5.97)'[v12];[v12][0_b_4]{pythono}=enable='between=(t,5.97,6.30)'[v13];[v13][1_b_4]{pythono}=enable='between=(t,6.30,7.14)'[v14];[v14][4_b_4]{pythono}=enable='between=(t,7.14,7.96)':x='if(gte(n,7.14*25),min(-540+(n-7.14*25)*120,0),-540)':y=0[v15];[v15][3_b_3]{pythono}=enable='between=(t,7.96,8.27)':x=0:y='if(gte(n,(25*7.96)),max(960-(n-(25*7.96))*150,0),960)'[v16];[v16][1_b_2]{pythono}=enable='between=(t,8.27,9.02)'[v17];[v17][3_b_4]{pythono}=enable='between=(t,9.02,9.27)'[v18];[v18][5_b_1]{pythono}=enable='between=(t,9.27,9.33)'[v19];[v19][4_b_3]{pythono}=enable='between=(t,9.33,9.44)'[v20];[v20][5_b_2]{pythono}=enable='between=(t,9.44,9.64)'[v21];[v21][1_b_3]{pythono}=enable='between=(t,9.64,9.83)'[v22];[v22][2_b_4]{pythono}=enable='between=(t,9.83,11)':x=0:y='if(gte(n,(25*9.83)),max(960-(n-(25*9.83))*120,0),960)'[v23];[v23][ovrly]{pythono}=0:0"],"ke":["[6]split=2[color][alpha];[color]crop=iw\/2:ih:0:0[color];[alpha]crop=iw\/2:ih:iw\/2:0[alpha];[color][alpha]{pythonmerge}[ovrly];[0]scale=540:960,setsar=1,split=4[0_b_1][0_b_2][0_b_3][0_b_4];[1]scale=540:960,setsar=1,split=4[1_b_1][1_b_2][1_b_3][1_b_4];[2]scale=540:960,setsar=1,split=4[2_b_1][2_b_2][2_b_3][2_b_4];[3]scale=540:960,setsar=1,split=4[3_b_1][3_b_2][3_b_3][3_b_4];[4]scale=540:960,setsar=1,split=4[4_b_1][4_b_2][4_b_3][4_b_4];[5]scale=540:960,setsar=1,split=3[5_b_1][5_b_2][5_b_3];[7:v][0_b_1]{pythono}=enable='between=(t,0,2.56)':x=0:y='if(gte(n,25*0),min(-960+(n-25*0)*120,0),-960)',{pythonf}=t=in:st=0:d=0.4[v1];[v1][1_b_1]{pythono}=enable='between=(t,2.56,2.64)'[v2];[v2][2_b_1]{pythono}=enable='between=(t,2.64,2.74)'[v3];[v3][3_b_1]{pythono}=enable='between=(t,2.74,2.83)'[v4];[v4][0_b_2]{pythono}=enable='between=(t,2.83,3.03)'[v5];[v5][4_b_2]{pythono}=enable='between=(t,3.03,3.15)'[v6];[v6][2_b_2]{pythono}=enable='between=(t,3.15,3.32)'[v7];[3_b_2]scale=iw*4:ih*4,{pythonz}pan=z='if(lte(on,25*3.32),1,if(lte({pythonz},1.0),1.1,max(1.001,{pythonz}-0.015)))':x='iw\/2-(iw\/{pythonz})\/2':y='ih\/2-(ih\/{pythonz})\/2':d=25*10:s=540x960,{pythonf}=out:st=16:d=1:alpha=1[video1];[v7][video1]{pythono}=enable='between=(t,3.32,4.24)'[v8];[v8][4_b_1]{pythono}=enable='between=(t,4.24,4.53)'[v9];[v9][0_b_3]{pythono}=enable='between=(t,4.53,5.12)'[v10];[v10][5_b_3]{pythono}=enable='between=(t,5.12,5.43)'[v11];[v11][2_b_3]{pythono}=enable='between=(t,5.43,5.97)'[v12];[v12][0_b_4]{pythono}=enable='between=(t,5.97,6.30)'[v13];[v13][1_b_4]{pythono}=enable='between=(t,6.30,7.14)'[v14];[v14][4_b_4]{pythono}=enable='between=(t,7.14,7.96)':x='if(gte(n,7.14*25),min(-540+(n-7.14*25)*120,0),-540)':y=0[v15];[v15][3_b_3]{pythono}=enable='between=(t,7.96,8.27)':x=0:y='if(gte(n,(25*7.96)),max(960-(n-(25*7.96))*150,0),960)'[v16];[v16][1_b_2]{pythono}=enable='between=(t,8.27,9.02)'[v17];[v17][3_b_4]{pythono}=enable='between=(t,9.02,9.27)'[v18];[v18][5_b_1]{pythono}=enable='between=(t,9.27,9.33)'[v19];[v19][4_b_3]{pythono}=enable='between=(t,9.33,9.44)'[v20];[v20][5_b_2]{pythono}=enable='between=(t,9.44,9.64)'[v21];[v21][1_b_3]{pythono}=enable='between=(t,9.64,9.83)'[v22];[v22][2_b_4]{pythono}=enable='between=(t,9.83,11)':x=0:y='if(gte(n,(25*9.83)),max(960-(n-(25*9.83))*120,0),960)'[v23];[v23][ovrly]{pythono}=0:0[final_video]"],"sh":["-map","[final_video]","-map","8:a"]}