{"images":[{"name":"img_0.jpg","w":540,"h":960,"prefix":["-i"],"postfix":[]},{"name":"img_1.jpg","w":540,"h":960,"prefix":["-i"],"postfix":[]},{"name":"img_2.jpg","w":540,"h":960,"prefix":["-i"],"postfix":[]},{"name":"img_3.jpg","w":540,"h":960,"prefix":["-i"],"postfix":[]}],"static_inputs":[{"name":"background_video.mp4","prefix":["-i"],"postfix":[]},{"name":"first.jpg","prefix":["-loop","1","-t","20","-i"],"postfix":[]}],"video":{"h":960,"w":540,"duration":20},"e":[],"m":["-{pythoncomplex}"],"r":["[4]split=2[color][alpha];[color]crop=iw\/2:ih:0:0[color];[alpha]crop=iw\/2:ih:iw\/2:0[alpha];[color][alpha]{pythonmerge}[ovrly];[0]scale=540:960,setsar=1,split=2[0_scalled_1][0_scalled_2];[1]scale=540:960,setsar=1,split=2[1_scalled_1][1_scalled_2];[2]scale=540:960,setsar=1,split=2[2_scalled_1][2_scalled_2];[3]scale=540:960,setsar=1,split=2[3_scalled_1][3_scalled_2];[0_scalled_2]scale=483:-1,setsar=1[1_scalled];[1_scalled_2]scale=483:-1,setsar=1[2_scalled];[2_scalled_2]scale=483:-1,setsar=1[3_scalled];[3_scalled_2]scale=540:-1,setsar=1[4_scalled];[1_scalled]crop=483:508:0:80[final_img_1];[2_scalled]crop=483:508:0:80[final_img_2];[3_scalled]crop=483:508:40:140[final_img_3];[4_scalled]crop=540:685:0:0[final_img_4];[5:v][0_scalled_1]{pythono}=enable='between=(t,0,1.84)':x=0:y=0,{pythonf}=t=in:st=0:d=1[v1];[v1][1_scalled_1]{pythono}=enable='between=(t,1.84,4.84)':x=0:y=0[v2];[v2][2_scalled_1]{pythono}=enable='between=(t,4.84,6.72)':x=0:y=0[v3];[v3][3_scalled_1]{pythono}=enable='between=(t,6.72,9.85)':x=0:y=0[v4];[v4][final_img_4]{pythono}=enable='between=(t,9.85,11.59)':x=0:y=143[v5];[v5][final_img_3]{pythono}=enable='between=(t,11.59,14.29)':x=29:y=238[v6];[v6][final_img_2]{pythono}=enable='between=(t,14.29,16.81)':x=29:y=238[v7];[v7][final_img_1]{pythono}=enable='between=(t,16.81,20)':x=29:y=238[v8];[v8][ovrly]{pythono}=0:0[base_video];[base_video][6]{pythono}=enable='between(t,0,10)':x=30:y=30[watermarked_part1];[watermarked_part1][6]{pythono}=enable='between(t,10,20)':x=(main_w-{pythono}_w-30):y=30"],"i":["[4]split=2[color][alpha];[color]crop=iw\/2:ih:0:0[color];[alpha]crop=iw\/2:ih:iw\/2:0[alpha];[color][alpha]{pythonmerge}[ovrly];[0]scale=540:960,setsar=1,split=2[0_scalled_1][0_scalled_2];[1]scale=540:960,setsar=1,split=2[1_scalled_1][1_scalled_2];[2]scale=540:960,setsar=1,split=2[2_scalled_1][2_scalled_2];[3]scale=540:960,setsar=1,split=2[3_scalled_1][3_scalled_2];[0_scalled_2]scale=483:-1,setsar=1[1_scalled];[1_scalled_2]scale=483:-1,setsar=1[2_scalled];[2_scalled_2]scale=483:-1,setsar=1[3_scalled];[3_scalled_2]scale=540:-1,setsar=1[4_scalled];[1_scalled]crop=483:508:0:80[final_img_1];[2_scalled]crop=483:508:0:80[final_img_2];[3_scalled]crop=483:508:40:140[final_img_3];[4_scalled]crop=540:685:0:0[final_img_4];[5:v][0_scalled_1]{pythono}=enable='between=(t,0,1.84)':x=0:y=0,{pythonf}=t=in:st=0:d=1[v1];[v1][1_scalled_1]{pythono}=enable='between=(t,1.84,4.84)':x=0:y=0[v2];[v2][2_scalled_1]{pythono}=enable='between=(t,4.84,6.72)':x=0:y=0[v3];[v3][3_scalled_1]{pythono}=enable='between=(t,6.72,9.85)':x=0:y=0[v4];[v4][final_img_4]{pythono}=enable='between=(t,9.85,11.59)':x=0:y=143[v5];[v5][final_img_3]{pythono}=enable='between=(t,11.59,14.29)':x=29:y=238[v6];[v6][final_img_2]{pythono}=enable='between=(t,14.29,16.81)':x=29:y=238[v7];[v7][final_img_1]{pythono}=enable='between=(t,16.81,20)':x=29:y=238[v8];[v8][ovrly]{pythono}=0:0[base_video];[base_video][6]{pythono}=enable='between(t,0,10)':x=30:y=30[watermarked_part1];[watermarked_part1][6]{pythono}=enable='between(t,10,20)':x=(main_w-{pythono}_w-30):y=30[final_video]"],"n":[],"g":[],"c":[],"o":["-map","[final_video]","-map","7:a"],"d":["-t","20","-strict","-2"],"s":[],"layers":[{"ao":0,"bm":1,"ddd":0,"ind":1,"ip":0,"ks":{"a":{"a":0,"ix":1,"k":[270,480,0]},"o":{"a":0,"ix":11,"k":18.039},"p":{"a":0,"ix":2,"k":[270,480,0]},"r":{"a":0,"ix":10,"k":0},"s":{"a":0,"ix":6,"k":[100,100,100]}},"nm":"all","op":327,"refId":"image_0","sr":1,"st":0,"ty":2},{"ao":0,"bm":3,"ddd":0,"ind":2,"ip":76,"ks":{"a":{"a":0,"ix":1,"k":[270,480,0]},"o":{"a":0,"ix":11,"k":40},"p":{"a":0,"ix":2,"k":[270,480,0]},"r":{"a":0,"ix":10,"k":0},"s":{"a":0,"ix":6,"k":[100,100,100]}},"nm":"lvjing  all 3","op":327,"refId":"image_1","sr":1,"st":-8,"ty":2},{"ao":0,"bm":13,"ddd":0,"ind":3,"ip":76,"ks":{"a":{"a":0,"ix":1,"k":[270,480,0]},"o":{"a":0,"ix":11,"k":50.196},"p":{"a":0,"ix":2,"k":[270,480,0]},"r":{"a":0,"ix":10,"k":0},"s":{"a":0,"ix":6,"k":[100,100,100]}},"nm":"baohedu all 3","op":327,"refId":"image_2","sr":1,"st":-8,"ty":2}],"mu":["[4]split=2[color][alpha];[color]crop=iw\/2:ih:0:0[color];[alpha]crop=iw\/2:ih:iw\/2:0[alpha];[color][alpha]{pythonmerge}[ovrly];[0]scale=540:960,setsar=1,split=2[0_scalled_1][0_scalled_2];[1]scale=540:960,setsar=1,split=2[1_scalled_1][1_scalled_2];[2]scale=540:960,setsar=1,split=2[2_scalled_1][2_scalled_2];[3]scale=540:960,setsar=1,split=2[3_scalled_1][3_scalled_2];[0_scalled_2]scale=483:-1,setsar=1[1_scalled];[1_scalled_2]scale=483:-1,setsar=1[2_scalled];[2_scalled_2]scale=483:-1,setsar=1[3_scalled];[3_scalled_2]scale=540:-1,setsar=1[4_scalled];[1_scalled]crop=483:508:0:80[final_img_1];[2_scalled]crop=483:508:0:80[final_img_2];[3_scalled]crop=483:508:40:140[final_img_3];[4_scalled]crop=540:685:0:0[final_img_4];[5:v][0_scalled_1]{pythono}=enable='between=(t,0,1.84)':x=0:y=0,{pythonf}=t=in:st=0:d=1[v1];[v1][1_scalled_1]{pythono}=enable='between=(t,1.84,4.84)':x=0:y=0[v2];[v2][2_scalled_1]{pythono}=enable='between=(t,4.84,6.72)':x=0:y=0[v3];[v3][3_scalled_1]{pythono}=enable='between=(t,6.72,9.85)':x=0:y=0[v4];[v4][final_img_4]{pythono}=enable='between=(t,9.85,11.59)':x=0:y=143[v5];[v5][final_img_3]{pythono}=enable='between=(t,11.59,14.29)':x=29:y=238[v6];[v6][final_img_2]{pythono}=enable='between=(t,14.29,16.81)':x=29:y=238[v7];[v7][final_img_1]{pythono}=enable='between=(t,16.81,20)':x=29:y=238[v8];[v8][ovrly]{pythono}=0:0"],"ke":["[4]split=2[color][alpha];[color]crop=iw\/2:ih:0:0[color];[alpha]crop=iw\/2:ih:iw\/2:0[alpha];[color][alpha]{pythonmerge}[ovrly];[0]scale=540:960,setsar=1,split=2[0_scalled_1][0_scalled_2];[1]scale=540:960,setsar=1,split=2[1_scalled_1][1_scalled_2];[2]scale=540:960,setsar=1,split=2[2_scalled_1][2_scalled_2];[3]scale=540:960,setsar=1,split=2[3_scalled_1][3_scalled_2];[0_scalled_2]scale=483:-1,setsar=1[1_scalled];[1_scalled_2]scale=483:-1,setsar=1[2_scalled];[2_scalled_2]scale=483:-1,setsar=1[3_scalled];[3_scalled_2]scale=540:-1,setsar=1[4_scalled];[1_scalled]crop=483:508:0:80[final_img_1];[2_scalled]crop=483:508:0:80[final_img_2];[3_scalled]crop=483:508:40:140[final_img_3];[4_scalled]crop=540:685:0:0[final_img_4];[5:v][0_scalled_1]{pythono}=enable='between=(t,0,1.84)':x=0:y=0,{pythonf}=t=in:st=0:d=1[v1];[v1][1_scalled_1]{pythono}=enable='between=(t,1.84,4.84)':x=0:y=0[v2];[v2][2_scalled_1]{pythono}=enable='between=(t,4.84,6.72)':x=0:y=0[v3];[v3][3_scalled_1]{pythono}=enable='between=(t,6.72,9.85)':x=0:y=0[v4];[v4][final_img_4]{pythono}=enable='between=(t,9.85,11.59)':x=0:y=143[v5];[v5][final_img_3]{pythono}=enable='between=(t,11.59,14.29)':x=29:y=238[v6];[v6][final_img_2]{pythono}=enable='between=(t,14.29,16.81)':x=29:y=238[v7];[v7][final_img_1]{pythono}=enable='between=(t,16.81,20)':x=29:y=238[v8];[v8][ovrly]{pythono}=0:0[final_video]"],"sh":["-map","[final_video]","-map","6:a"]}