{"images":[{"name":"img_0.jpg","w":494,"h":718,"prefix":["-i"],"postfix":[]},{"name":"img_1.jpg","w":484,"h":718,"prefix":["-i"],"postfix":[]},{"name":"img_2.jpg","w":540,"h":960,"prefix":["-i"],"postfix":[]},{"name":"img_3.jpg","w":540,"h":960,"prefix":["-i"],"postfix":[]},{"name":"img_4.jpg","w":540,"h":960,"prefix":["-i"],"postfix":[]}],"static_inputs":[{"name":"background_video.mp4","prefix":["-i"],"postfix":[]},{"name":"first.jpg","prefix":["-i"],"postfix":[]}],"video":{"w":540,"h":960,"duration":28},"e":[],"m":["-{pythoncomplex}"],"r":["[5]split=2[color][alpha];[color]crop=iw\/2:ih:0:0[color];[alpha]crop=iw\/2:ih:iw\/2:0[alpha];[color][alpha]{pythonmerge}[ovrly];[0]scale=494:718,setsar=1[0_scaled];[1]scale=484:718,setsar=1[1_scaled];[2]scale=540:960,setsar=1[2_scaled];[3]scale=540:960,setsar=1[3_scaled];[4]scale=540:960,setsar=1[4_scaled];[6][0_scaled]{pythono}=x=23:y=208[img1];[6][1_scaled]{pythono}=x=0:y=0[img2];[img1]scale=iw*2:ih*2,{pythonz}pan=z='if(lte({pythonz},-1.0),1.1,min({pythonz}+0.0003,1.1))':d=25*4.67:s=540x960[video1];[img2]scale=iw*2:ih*2,{pythonz}pan=z='if(lte({pythonz},1.0),1.1,max(1.001,{pythonz}-0.0003))':d=25*(9.80-4.67):s=540x960[video2];[2_scaled]scale=iw*2:ih*2,{pythonz}pan=z='if(lte({pythonz},-1.0),1.1,min({pythonz}+0.0004,1.1))':d=25*(15.63-9.80):s=540x960[video3];[3_scaled]scale=iw*2:ih*2,{pythonz}pan=z='if(lte({pythonz},1.0),1.1,max(1.001,{pythonz}-0.0004))':d=25*(21.82-15.63):s=540x960[video4];[4_scaled]scale=iw*2:ih*2,{pythonz}pan=z='if(lte({pythonz},-1.0),1.1,min({pythonz}+0.0004,1.1))':d=25*(28-21.82):s=540x960[video5];[video1][video2][video3][video4][video5]concat=n=5:v=1:a=0,format=yuv420p[v6];[v6][ovrly]{pythono}=0:0[base_video];[base_video][7]{pythono}=enable='between(t,0,14)':x=30:y=30[watermarked_part1];[watermarked_part1][7]{pythono}=enable='between(t,14,28)':x=(main_w-{pythono}_w-30):y=30"],"i":["[5]split=2[color][alpha];[color]crop=iw\/2:ih:0:0[color];[alpha]crop=iw\/2:ih:iw\/2:0[alpha];[color][alpha]{pythonmerge}[ovrly];[0]scale=494:718,setsar=1[0_scaled];[1]scale=484:718,setsar=1[1_scaled];[2]scale=540:960,setsar=1[2_scaled];[3]scale=540:960,setsar=1[3_scaled];[4]scale=540:960,setsar=1[4_scaled];[6][0_scaled]{pythono}=x=23:y=208[img1];[6][1_scaled]{pythono}=x=0:y=0[img2];[img1]scale=iw*2:ih*2,{pythonz}pan=z='if(lte({pythonz},-1.0),1.1,min({pythonz}+0.0003,1.1))':d=25*4.67:s=540x960[video1];[img2]scale=iw*2:ih*2,{pythonz}pan=z='if(lte({pythonz},1.0),1.1,max(1.001,{pythonz}-0.0003))':d=25*(9.80-4.67):s=540x960[video2];[2_scaled]scale=iw*2:ih*2,{pythonz}pan=z='if(lte({pythonz},-1.0),1.1,min({pythonz}+0.0004,1.1))':d=25*(15.63-9.80):s=540x960[video3];[3_scaled]scale=iw*2:ih*2,{pythonz}pan=z='if(lte({pythonz},1.0),1.1,max(1.001,{pythonz}-0.0004))':d=25*(21.82-15.63):s=540x960[video4];[4_scaled]scale=iw*2:ih*2,{pythonz}pan=z='if(lte({pythonz},-1.0),1.1,min({pythonz}+0.0004,1.1))':d=25*(28-21.82):s=540x960[video5];[video1][video2][video3][video4][video5]concat=n=5:v=1:a=0,format=yuv420p[v6];[v6][ovrly]{pythono}=0:0[base_video];[base_video][7]{pythono}=enable='between(t,0,14)':x=30:y=30[watermarked_part1];[watermarked_part1][7]{pythono}=enable='between(t,14,28)':x=(main_w-{pythono}_w-30):y=30[final_video]"],"n":[],"g":[],"c":[],"o":["-map","[final_video]","-map","8:a"],"d":["-t","28","-strict","-2"],"s":[],"layers":[{"ao":0,"bm":1,"ddd":0,"ind":1,"ip":0,"ks":{"a":{"a":0,"ix":1,"k":[270,480,0]},"o":{"a":0,"ix":11,"k":18.039},"p":{"a":0,"ix":2,"k":[270,480,0]},"r":{"a":0,"ix":10,"k":0},"s":{"a":0,"ix":6,"k":[100,100,100]}},"nm":"all","op":327,"refId":"image_0","sr":1,"st":0,"ty":2},{"ao":0,"bm":3,"ddd":0,"ind":2,"ip":76,"ks":{"a":{"a":0,"ix":1,"k":[270,480,0]},"o":{"a":0,"ix":11,"k":40},"p":{"a":0,"ix":2,"k":[270,480,0]},"r":{"a":0,"ix":10,"k":0},"s":{"a":0,"ix":6,"k":[100,100,100]}},"nm":"lvjing  all 3","op":327,"refId":"image_1","sr":1,"st":-8,"ty":2},{"ao":0,"bm":13,"ddd":0,"ind":3,"ip":76,"ks":{"a":{"a":0,"ix":1,"k":[270,480,0]},"o":{"a":0,"ix":11,"k":50.196},"p":{"a":0,"ix":2,"k":[270,480,0]},"r":{"a":0,"ix":10,"k":0},"s":{"a":0,"ix":6,"k":[100,100,100]}},"nm":"baohedu all 3","op":327,"refId":"image_2","sr":1,"st":-8,"ty":2}],"mu":["[5]split=2[color][alpha];[color]crop=iw\/2:ih:0:0[color];[alpha]crop=iw\/2:ih:iw\/2:0[alpha];[color][alpha]{pythonmerge}[ovrly];[0]scale=494:718,setsar=1[0_scaled];[1]scale=484:718,setsar=1[1_scaled];[2]scale=540:960,setsar=1[2_scaled];[3]scale=540:960,setsar=1[3_scaled];[4]scale=540:960,setsar=1[4_scaled];[6][0_scaled]{pythono}=x=23:y=208[img1];[6][1_scaled]{pythono}=x=0:y=0[img2];[img1]scale=iw*2:ih*2,{pythonz}pan=z='if(lte({pythonz},-1.0),1.1,min({pythonz}+0.0003,1.1))':d=25*4.67:s=540x960[video1];[img2]scale=iw*2:ih*2,{pythonz}pan=z='if(lte({pythonz},1.0),1.1,max(1.001,{pythonz}-0.0003))':d=25*(9.80-4.67):s=540x960[video2];[2_scaled]scale=iw*2:ih*2,{pythonz}pan=z='if(lte({pythonz},-1.0),1.1,min({pythonz}+0.0004,1.1))':d=25*(15.63-9.80):s=540x960[video3];[3_scaled]scale=iw*2:ih*2,{pythonz}pan=z='if(lte({pythonz},1.0),1.1,max(1.001,{pythonz}-0.0004))':d=25*(21.82-15.63):s=540x960[video4];[4_scaled]scale=iw*2:ih*2,{pythonz}pan=z='if(lte({pythonz},-1.0),1.1,min({pythonz}+0.0004,1.1))':d=25*(28-21.82):s=540x960[video5];[video1][video2][video3][video4][video5]concat=n=5:v=1:a=0,format=yuv420p[v6];[v6][ovrly]{pythono}=0:0"],"ke":["[5]split=2[color][alpha];[color]crop=iw\/2:ih:0:0[color];[alpha]crop=iw\/2:ih:iw\/2:0[alpha];[color][alpha]{pythonmerge}[ovrly];[0]scale=494:718,setsar=1[0_scaled];[1]scale=484:718,setsar=1[1_scaled];[2]scale=540:960,setsar=1[2_scaled];[3]scale=540:960,setsar=1[3_scaled];[4]scale=540:960,setsar=1[4_scaled];[6][0_scaled]{pythono}=x=23:y=208[img1];[6][1_scaled]{pythono}=x=0:y=0[img2];[img1]scale=iw*2:ih*2,{pythonz}pan=z='if(lte({pythonz},-1.0),1.1,min({pythonz}+0.0003,1.1))':d=25*4.67:s=540x960[video1];[img2]scale=iw*2:ih*2,{pythonz}pan=z='if(lte({pythonz},1.0),1.1,max(1.001,{pythonz}-0.0003))':d=25*(9.80-4.67):s=540x960[video2];[2_scaled]scale=iw*2:ih*2,{pythonz}pan=z='if(lte({pythonz},-1.0),1.1,min({pythonz}+0.0004,1.1))':d=25*(15.63-9.80):s=540x960[video3];[3_scaled]scale=iw*2:ih*2,{pythonz}pan=z='if(lte({pythonz},1.0),1.1,max(1.001,{pythonz}-0.0004))':d=25*(21.82-15.63):s=540x960[video4];[4_scaled]scale=iw*2:ih*2,{pythonz}pan=z='if(lte({pythonz},-1.0),1.1,min({pythonz}+0.0004,1.1))':d=25*(28-21.82):s=540x960[video5];[video1][video2][video3][video4][video5]concat=n=5:v=1:a=0,format=yuv420p[v6];[v6][ovrly]{pythono}=0:0[final_video]"],"sh":["-map","[final_video]","-map","7:a"]}